case_id,primary_family,secondary_tags,title,logic_signature,independent_unit,common_input_sha256,common_input_json,why_different_from_X14
X16-C01,cancellation,multi-commitment_dependency,Cancel a root of an AND dependency chain,cancel|and_chain_depth3|cascade_block|pending_action_removed,true,8ed5f3e23d2cf787dceeb69b7e33f259f8ee3a13678326209c65a22c60b75e28,"{""case_id"":""X16-C01"",""common_semantic_contract"":{""allowed_reason_codes"":[""AUTHORIZED_TRANSITION"",""DUPLICATE_EVENT"",""EVENT_ID_COLLISION"",""GOAL_ALREADY_SATISFIED"",""INSUFFICIENT_AUTHORITY"",""OWNER_SCOPE_VIOLATION"",""STALE_VERSION"",""VERSION_GAP"",""INSUFFICIENT_SAFETY_EVIDENCE"",""AMBIGUOUS_EVENT_ORDER"",""REPLACEMENT_ALREADY_CURRENT"",""REPLACEMENT_UNAVAILABLE"",""CONTRADICTORY_OBSERVATIONS"",""UNRESOLVED_EVENT_PREMISE"",""IRRELEVANT_WORLD_FACT""],""dispositions"":{""ABSTAIN"":""available evidence does not determine one safe transition"",""APPLY"":""one uniquely licensed persistent-state transition exists"",""NO_OP"":""the event is valid but creates no semantic change"",""REJECT"":""the event is unambiguously invalid under authority, version, identity, or candidate-validity rules""},""safety"":[""REJECT and ABSTAIN never mutate state"",""NO_OP never increments state or evidence versions"",""APPLY must preserve every field not licensed by the event and task policy"",""do not invent missing order, authority, evidence precedence, fallback, or progress""],""schema_version"":""x16-common-semantics-v1""},""event"":{""authority"":100,""base_version"":7,""event_id"":""x16:c01"",""event_type"":""cancel"",""issuer"":""task_owner"",""target_id"":""inspect"",""world_version"":71},""original_task"":""Cancel a root of an AND dependency chain"",""pre_state"":{""actions"":[{""commitment_id"":""inspect"",""id"":""inspect_valve"",""progress"":0,""reversible"":true,""status"":""pending"",""stop_reason"":null}],""commitments"":[{""arguments"":[""valve""],""authority"":100,""id"":""inspect"",""overridden_by"":[],""owner"":""task_owner"",""predicate"":""inspected"",""requires_all"":[],""requires_any"":[],""status"":""pending"",""supersedes"":[]},{""arguments"":[""valve""],""authority"":100,""id"":""seal"",""overridden_by"":[],""owner"":""task_owner"",""predicate"":""sealed"",""requires_all"":[""inspect""],""requires_any"":[],""status"":""active"",""supersedes"":[]},{""arguments"":[""line""],""authority"":100,""id"":""pressurize"",""overridden_by"":[],""owner"":""task_owner"",""predicate"":""pressurized"",""requires_all"":[""seal""],""requires_any"":[],""status"":""active"",""supersedes"":[]}],""evidence_version"":70,""facts"":{},""processed_events"":[],""progress"":[],""restorations"":[],""schema_version"":""x16-state-v1"",""state_version"":7},""schema_version"":""x16-recovery-input-v1"",""task_policy"":[""Every active conjunctive descendant needs every prerequisite."",""Cancelling a pending root blocks, but does not erase, transitive descendants.""]}",X14 cancellation changed one pending sibling only; it had no transitive AND cascade or blocked descendants.
X16-C02,cancellation,"multi-commitment_dependency,partial_progress_preservation",Cancel one branch of an OR-supported goal,cancel|or_support2|retain_dependent|preserve_satisfied_alternative,true,20d8451aa60064b2211bcfdfe87c071ff3e80db3c4dc49c5b0f2d55bcb22b931,"{""case_id"":""X16-C02"",""common_semantic_contract"":{""allowed_reason_codes"":[""AUTHORIZED_TRANSITION"",""DUPLICATE_EVENT"",""EVENT_ID_COLLISION"",""GOAL_ALREADY_SATISFIED"",""INSUFFICIENT_AUTHORITY"",""OWNER_SCOPE_VIOLATION"",""STALE_VERSION"",""VERSION_GAP"",""INSUFFICIENT_SAFETY_EVIDENCE"",""AMBIGUOUS_EVENT_ORDER"",""REPLACEMENT_ALREADY_CURRENT"",""REPLACEMENT_UNAVAILABLE"",""CONTRADICTORY_OBSERVATIONS"",""UNRESOLVED_EVENT_PREMISE"",""IRRELEVANT_WORLD_FACT""],""dispositions"":{""ABSTAIN"":""available evidence does not determine one safe transition"",""APPLY"":""one uniquely licensed persistent-state transition exists"",""NO_OP"":""the event is valid but creates no semantic change"",""REJECT"":""the event is unambiguously invalid under authority, version, identity, or candidate-validity rules""},""safety"":[""REJECT and ABSTAIN never mutate state"",""NO_OP never increments state or evidence versions"",""APPLY must preserve every field not licensed by the event and task policy"",""do not invent missing order, authority, evidence precedence, fallback, or progress""],""schema_version"":""x16-common-semantics-v1""},""event"":{""authority"":100,""base_version"":7,""event_id"":""x16:c02"",""event_type"":""cancel"",""issuer"":""task_owner"",""target_id"":""scan_a"",""world_version"":71},""original_task"":""Cancel one branch of an OR-supported goal"",""pre_state"":{""actions"":[],""commitments"":[{""arguments"":[""bin"",""camera_a""],""authority"":100,""id"":""scan_a"",""overridden_by"":[],""owner"":""task_owner"",""predicate"":""scanned"",""requires_all"":[],""requires_any"":[],""status"":""pending"",""supersedes"":[]},{""arguments"":[""bin"",""camera_b""],""authority"":100,""id"":""scan_b"",""overridden_by"":[],""owner"":""task_owner"",""predicate"":""scanned"",""requires_all"":[],""requires_any"":[],""status"":""satisfied"",""supersedes"":[]},{""arguments"":[""bin""],""authority"":100,""id"":""classify"",""overridden_by"":[],""owner"":""task_owner"",""predicate"":""classified"",""requires_all"":[],""requires_any"":[""scan_a"",""scan_b""],""status"":""active"",""supersedes"":[]}],""evidence_version"":70,""facts"":{},""processed_events"":[],""progress"":[{""achieved"":true,""goal_relevant"":true,""id"":""scan_b_done"",""physically_valid"":true}],""restorations"":[],""schema_version"":""x16-state-v1"",""state_version"":7},""schema_version"":""x16-recovery-input-v1"",""task_policy"":[""A disjunctive dependent remains enabled while at least one support is satisfied."",""Satisfied evidence is retained.""]}",X14 had no OR dependency or support-set rebinding; cancelling its sibling removed a flat goal.
X16-O01,override,"continuity_conflict,multi-commitment_dependency",Activate a resource lock and stop the conflicting action,override|resource_scope|suspend_leaf|cancel_executing|restoration_token,true,a264072b2d609ca0da0b6bbe380b491a94e5f7c12cee8e97762e0110d6b01ade,"{""case_id"":""X16-O01"",""common_semantic_contract"":{""allowed_reason_codes"":[""AUTHORIZED_TRANSITION"",""DUPLICATE_EVENT"",""EVENT_ID_COLLISION"",""GOAL_ALREADY_SATISFIED"",""INSUFFICIENT_AUTHORITY"",""OWNER_SCOPE_VIOLATION"",""STALE_VERSION"",""VERSION_GAP"",""INSUFFICIENT_SAFETY_EVIDENCE"",""AMBIGUOUS_EVENT_ORDER"",""REPLACEMENT_ALREADY_CURRENT"",""REPLACEMENT_UNAVAILABLE"",""CONTRADICTORY_OBSERVATIONS"",""UNRESOLVED_EVENT_PREMISE"",""IRRELEVANT_WORLD_FACT""],""dispositions"":{""ABSTAIN"":""available evidence does not determine one safe transition"",""APPLY"":""one uniquely licensed persistent-state transition exists"",""NO_OP"":""the event is valid but creates no semantic change"",""REJECT"":""the event is unambiguously invalid under authority, version, identity, or candidate-validity rules""},""safety"":[""REJECT and ABSTAIN never mutate state"",""NO_OP never increments state or evidence versions"",""APPLY must preserve every field not licensed by the event and task policy"",""do not invent missing order, authority, evidence precedence, fallback, or progress""],""schema_version"":""x16-common-semantics-v1""},""event"":{""authority"":100,""base_version"":7,""conflict_action_id"":""move_tray"",""event_id"":""x16:o01"",""event_type"":""activate_override"",""issuer"":""task_owner"",""override_id"":""lock_station"",""target_id"":""load"",""world_version"":71},""original_task"":""Activate a resource lock and stop the conflicting action"",""pre_state"":{""actions"":[{""commitment_id"":""load"",""id"":""move_tray"",""progress"":40,""reversible"":true,""status"":""executing"",""stop_reason"":null}],""commitments"":[{""arguments"":[""tray""],""authority"":100,""id"":""sterilize"",""overridden_by"":[],""owner"":""task_owner"",""predicate"":""sterilized"",""requires_all"":[],""requires_any"":[],""status"":""active"",""supersedes"":[]},{""arguments"":[""tray"",""station""],""authority"":100,""id"":""load"",""overridden_by"":[],""owner"":""task_owner"",""predicate"":""loaded"",""requires_all"":[""sterilize""],""requires_any"":[],""status"":""active"",""supersedes"":[]}],""evidence_version"":70,""facts"":{},""processed_events"":[],""progress"":[],""restorations"":[],""schema_version"":""x16-state-v1"",""state_version"":7},""schema_version"":""x16-recovery-input-v1"",""task_policy"":[""A priority-200 station lock dominates a priority-100 load commitment."",""An executing action entering the locked station cannot continue.""]}","X14 override was a flat no-touch prohibition; this case scopes a shared resource, preserves a prerequisite, and cancels a partially executed action."
X16-O02,override,"replacement,multi-commitment_dependency",Override an ingredient while preserving the composite goal through a substitute,override|normative_substitution|suspend_old|insert_substitute|rebind_and,true,6f330aa4cc45a1cbeecca39a4bedb50d3e5a5738e13335b5d5a7da3a4caa6c6a,"{""case_id"":""X16-O02"",""common_semantic_contract"":{""allowed_reason_codes"":[""AUTHORIZED_TRANSITION"",""DUPLICATE_EVENT"",""EVENT_ID_COLLISION"",""GOAL_ALREADY_SATISFIED"",""INSUFFICIENT_AUTHORITY"",""OWNER_SCOPE_VIOLATION"",""STALE_VERSION"",""VERSION_GAP"",""INSUFFICIENT_SAFETY_EVIDENCE"",""AMBIGUOUS_EVENT_ORDER"",""REPLACEMENT_ALREADY_CURRENT"",""REPLACEMENT_UNAVAILABLE"",""CONTRADICTORY_OBSERVATIONS"",""UNRESOLVED_EVENT_PREMISE"",""IRRELEVANT_WORLD_FACT""],""dispositions"":{""ABSTAIN"":""available evidence does not determine one safe transition"",""APPLY"":""one uniquely licensed persistent-state transition exists"",""NO_OP"":""the event is valid but creates no semantic change"",""REJECT"":""the event is unambiguously invalid under authority, version, identity, or candidate-validity rules""},""safety"":[""REJECT and ABSTAIN never mutate state"",""NO_OP never increments state or evidence versions"",""APPLY must preserve every field not licensed by the event and task policy"",""do not invent missing order, authority, evidence precedence, fallback, or progress""],""schema_version"":""x16-common-semantics-v1""},""event"":{""authority"":100,""base_version"":7,""event_id"":""x16:o02"",""event_type"":""activate_override"",""issuer"":""task_owner"",""override_id"":""allergy_rule"",""substitute_id"":""use_honey"",""target_id"":""use_syrup"",""world_version"":71},""original_task"":""Override an ingredient while preserving the composite goal through a substitute"",""pre_state"":{""actions"":[],""commitments"":[{""arguments"":[""syrup""],""authority"":100,""id"":""use_syrup"",""overridden_by"":[],""owner"":""task_owner"",""predicate"":""ingredient"",""priority"":100,""requires_all"":[],""requires_any"":[],""status"":""active"",""supersedes"":[]},{""arguments"":[""drink""],""authority"":100,""id"":""serve_drink"",""overridden_by"":[],""owner"":""task_owner"",""predicate"":""served"",""requires_all"":[""use_syrup""],""requires_any"":[],""status"":""active"",""supersedes"":[]}],""evidence_version"":70,""facts"":{""approved_substitute"":""honey""},""processed_events"":[],""progress"":[],""restorations"":[],""schema_version"":""x16-state-v1"",""state_version"":7},""schema_version"":""x16-recovery-input-v1"",""task_policy"":[""The allergy rule dominates use of syrup."",""The composite serving goal remains active if rebound to the approved substitute.""]}",X14 added an override and suspended one target; it did not insert an approved substitute or rebind a composite dependency.
X16-R01,release,continuity-valid_recovery,Release a single timed hold and restore its exact target,release|single_token|expire_override|restore_target|consume_token,true,ea2a9312db06be9f17c6f44ff107233167109ec9750b544e0d4d9bbef627a76d,"{""case_id"":""X16-R01"",""common_semantic_contract"":{""allowed_reason_codes"":[""AUTHORIZED_TRANSITION"",""DUPLICATE_EVENT"",""EVENT_ID_COLLISION"",""GOAL_ALREADY_SATISFIED"",""INSUFFICIENT_AUTHORITY"",""OWNER_SCOPE_VIOLATION"",""STALE_VERSION"",""VERSION_GAP"",""INSUFFICIENT_SAFETY_EVIDENCE"",""AMBIGUOUS_EVENT_ORDER"",""REPLACEMENT_ALREADY_CURRENT"",""REPLACEMENT_UNAVAILABLE"",""CONTRADICTORY_OBSERVATIONS"",""UNRESOLVED_EVENT_PREMISE"",""IRRELEVANT_WORLD_FACT""],""dispositions"":{""ABSTAIN"":""available evidence does not determine one safe transition"",""APPLY"":""one uniquely licensed persistent-state transition exists"",""NO_OP"":""the event is valid but creates no semantic change"",""REJECT"":""the event is unambiguously invalid under authority, version, identity, or candidate-validity rules""},""safety"":[""REJECT and ABSTAIN never mutate state"",""NO_OP never increments state or evidence versions"",""APPLY must preserve every field not licensed by the event and task policy"",""do not invent missing order, authority, evidence precedence, fallback, or progress""],""schema_version"":""x16-common-semantics-v1""},""event"":{""authority"":100,""base_version"":7,""event_id"":""x16:r01"",""event_type"":""release_override"",""issuer"":""task_owner"",""override_id"":""weather_hold"",""target_id"":""dock_robot"",""world_version"":71},""original_task"":""Release a single timed hold and restore its exact target"",""pre_state"":{""actions"":[],""commitments"":[{""arguments"":[""robot"",""bay""],""authority"":100,""id"":""dock_robot"",""overridden_by"":[""weather_hold""],""owner"":""task_owner"",""predicate"":""docked"",""requires_all"":[],""requires_any"":[],""status"":""suspended"",""supersedes"":[]},{""arguments"":[""bay""],""authority"":100,""id"":""weather_hold"",""overridden_by"":[],""owner"":""task_owner"",""predicate"":""prohibit_outdoor"",""priority"":200,""requires_all"":[],""requires_any"":[],""status"":""active"",""supersedes"":[]}],""evidence_version"":70,""facts"":{},""processed_events"":[],""progress"":[],""restorations"":[{""id"":""restore_dock"",""override_id"":""weather_hold"",""rank"":1,""target_id"":""dock_robot""}],""schema_version"":""x16-state-v1"",""state_version"":7},""schema_version"":""x16-recovery-input-v1"",""task_policy"":[""A release names the active override and its restoration token."",""The target returns to active only when no other override remains.""]}",X14 released one override but did not require exact token consumption or an explicit no-other-override guard.
X16-R02,release,multi-commitment_dependency,Release one of two nested overrides out of stack order,release|two_overrides|expire_one|target_stays_suspended|retain_other_token,true,4e56daa365487c58e24790badd8084f1e177507aa602c7f2a3442f1b0a06a6a3,"{""case_id"":""X16-R02"",""common_semantic_contract"":{""allowed_reason_codes"":[""AUTHORIZED_TRANSITION"",""DUPLICATE_EVENT"",""EVENT_ID_COLLISION"",""GOAL_ALREADY_SATISFIED"",""INSUFFICIENT_AUTHORITY"",""OWNER_SCOPE_VIOLATION"",""STALE_VERSION"",""VERSION_GAP"",""INSUFFICIENT_SAFETY_EVIDENCE"",""AMBIGUOUS_EVENT_ORDER"",""REPLACEMENT_ALREADY_CURRENT"",""REPLACEMENT_UNAVAILABLE"",""CONTRADICTORY_OBSERVATIONS"",""UNRESOLVED_EVENT_PREMISE"",""IRRELEVANT_WORLD_FACT""],""dispositions"":{""ABSTAIN"":""available evidence does not determine one safe transition"",""APPLY"":""one uniquely licensed persistent-state transition exists"",""NO_OP"":""the event is valid but creates no semantic change"",""REJECT"":""the event is unambiguously invalid under authority, version, identity, or candidate-validity rules""},""safety"":[""REJECT and ABSTAIN never mutate state"",""NO_OP never increments state or evidence versions"",""APPLY must preserve every field not licensed by the event and task policy"",""do not invent missing order, authority, evidence precedence, fallback, or progress""],""schema_version"":""x16-common-semantics-v1""},""event"":{""authority"":100,""base_version"":7,""event_id"":""x16:r02"",""event_type"":""release_override"",""issuer"":""task_owner"",""override_id"":""smoke_hold"",""target_id"":""enter_room"",""world_version"":71},""original_task"":""Release one of two nested overrides out of stack order"",""pre_state"":{""actions"":[],""commitments"":[{""arguments"":[""robot"",""room""],""authority"":100,""id"":""enter_room"",""overridden_by"":[""smoke_hold"",""privacy_hold""],""owner"":""task_owner"",""predicate"":""entered"",""requires_all"":[],""requires_any"":[],""status"":""suspended"",""supersedes"":[]},{""arguments"":[""room""],""authority"":100,""id"":""smoke_hold"",""overridden_by"":[],""owner"":""task_owner"",""predicate"":""prohibit_entry"",""priority"":220,""requires_all"":[],""requires_any"":[],""status"":""active"",""supersedes"":[]},{""arguments"":[""room""],""authority"":100,""id"":""privacy_hold"",""overridden_by"":[],""owner"":""task_owner"",""predicate"":""prohibit_entry"",""priority"":210,""requires_all"":[],""requires_any"":[],""status"":""active"",""supersedes"":[]}],""evidence_version"":70,""facts"":{},""processed_events"":[],""progress"":[],""restorations"":[{""id"":""restore_smoke"",""override_id"":""smoke_hold"",""rank"":1,""target_id"":""enter_room""},{""id"":""restore_privacy"",""override_id"":""privacy_hold"",""rank"":2,""target_id"":""enter_room""}],""schema_version"":""x16-state-v1"",""state_version"":7},""schema_version"":""x16-recovery-input-v1"",""task_policy"":[""Overrides are independent, not a LIFO stack."",""A target remains suspended while any active override still names it.""]}",X14 had exactly one override and always restored the target; it did not test non-LIFO release with a surviving override.
X16-W01,world-change release,"release,continuity-valid_recovery",Release access hold after the target moved,world_release|location_changed|expire_override|restore_and_reground|new_plan,true,e9bf08831f6ea09407081c4290832abc9306e81635864ca291ab0089c9918d55,"{""case_id"":""X16-W01"",""common_semantic_contract"":{""allowed_reason_codes"":[""AUTHORIZED_TRANSITION"",""DUPLICATE_EVENT"",""EVENT_ID_COLLISION"",""GOAL_ALREADY_SATISFIED"",""INSUFFICIENT_AUTHORITY"",""OWNER_SCOPE_VIOLATION"",""STALE_VERSION"",""VERSION_GAP"",""INSUFFICIENT_SAFETY_EVIDENCE"",""AMBIGUOUS_EVENT_ORDER"",""REPLACEMENT_ALREADY_CURRENT"",""REPLACEMENT_UNAVAILABLE"",""CONTRADICTORY_OBSERVATIONS"",""UNRESOLVED_EVENT_PREMISE"",""IRRELEVANT_WORLD_FACT""],""dispositions"":{""ABSTAIN"":""available evidence does not determine one safe transition"",""APPLY"":""one uniquely licensed persistent-state transition exists"",""NO_OP"":""the event is valid but creates no semantic change"",""REJECT"":""the event is unambiguously invalid under authority, version, identity, or candidate-validity rules""},""safety"":[""REJECT and ABSTAIN never mutate state"",""NO_OP never increments state or evidence versions"",""APPLY must preserve every field not licensed by the event and task policy"",""do not invent missing order, authority, evidence precedence, fallback, or progress""],""schema_version"":""x16-common-semantics-v1""},""event"":{""authority"":100,""base_version"":7,""event_id"":""x16:w01"",""event_type"":""release_after_world_change"",""issuer"":""task_owner"",""observations"":{""sample_location"":""freezer_b""},""override_id"":""access_hold"",""target_id"":""fetch_sample"",""world_version"":71},""original_task"":""Release access hold after the target moved"",""pre_state"":{""actions"":[],""commitments"":[{""arguments"":[""sample"",""freezer_a""],""authority"":100,""id"":""fetch_sample"",""overridden_by"":[""access_hold""],""owner"":""task_owner"",""predicate"":""at"",""requires_all"":[],""requires_any"":[],""status"":""suspended"",""supersedes"":[]},{""arguments"":[""freezer_a""],""authority"":100,""id"":""access_hold"",""overridden_by"":[],""owner"":""task_owner"",""predicate"":""prohibit_access"",""priority"":200,""requires_all"":[],""requires_any"":[],""status"":""active"",""supersedes"":[]}],""evidence_version"":70,""facts"":{""sample_location"":""freezer_a""},""processed_events"":[],""progress"":[],""restorations"":[{""id"":""restore_fetch"",""override_id"":""access_hold"",""rank"":1,""target_id"":""fetch_sample""}],""schema_version"":""x16-state-v1"",""state_version"":7},""schema_version"":""x16-recovery-input-v1"",""task_policy"":[""Fresh location evidence replaces stale grounding at release."",""The restored commitment and future action use the same fresh location.""]}","X14 world-change release only regrounded one package destination; this case synchronizes object location, commitment grounding, and a newly inserted fetch action."
X16-W02,world-change release,"replacement,multi-commitment_dependency",Release a hold after the original resource was destroyed,world_release|resource_destroyed|expire_old_target|activate_fallback|rebind_dependent,true,d15e9a3a4dc86d86cb77a18e7d8889e9865e950d6b33226cb61da9447f2470ab,"{""case_id"":""X16-W02"",""common_semantic_contract"":{""allowed_reason_codes"":[""AUTHORIZED_TRANSITION"",""DUPLICATE_EVENT"",""EVENT_ID_COLLISION"",""GOAL_ALREADY_SATISFIED"",""INSUFFICIENT_AUTHORITY"",""OWNER_SCOPE_VIOLATION"",""STALE_VERSION"",""VERSION_GAP"",""INSUFFICIENT_SAFETY_EVIDENCE"",""AMBIGUOUS_EVENT_ORDER"",""REPLACEMENT_ALREADY_CURRENT"",""REPLACEMENT_UNAVAILABLE"",""CONTRADICTORY_OBSERVATIONS"",""UNRESOLVED_EVENT_PREMISE"",""IRRELEVANT_WORLD_FACT""],""dispositions"":{""ABSTAIN"":""available evidence does not determine one safe transition"",""APPLY"":""one uniquely licensed persistent-state transition exists"",""NO_OP"":""the event is valid but creates no semantic change"",""REJECT"":""the event is unambiguously invalid under authority, version, identity, or candidate-validity rules""},""safety"":[""REJECT and ABSTAIN never mutate state"",""NO_OP never increments state or evidence versions"",""APPLY must preserve every field not licensed by the event and task policy"",""do not invent missing order, authority, evidence precedence, fallback, or progress""],""schema_version"":""x16-common-semantics-v1""},""event"":{""authority"":100,""base_version"":7,""event_id"":""x16:w02"",""event_type"":""release_after_world_change"",""issuer"":""task_owner"",""observations"":{""tool_backup_ready"":true,""tool_primary_intact"":false},""override_id"":""inspection_hold"",""target_id"":""use_tool"",""world_version"":71},""original_task"":""Release a hold after the original resource was destroyed"",""pre_state"":{""actions"":[],""commitments"":[{""arguments"":[""tool_primary""],""authority"":100,""id"":""use_tool"",""overridden_by"":[""inspection_hold""],""owner"":""task_owner"",""predicate"":""use"",""requires_all"":[],""requires_any"":[],""status"":""suspended"",""supersedes"":[]},{""arguments"":[""tool_primary""],""authority"":100,""id"":""inspection_hold"",""overridden_by"":[],""owner"":""task_owner"",""predicate"":""prohibit_use"",""priority"":200,""requires_all"":[],""requires_any"":[],""status"":""active"",""supersedes"":[]},{""arguments"":[""device""],""authority"":100,""id"":""finish_repair"",""overridden_by"":[],""owner"":""task_owner"",""predicate"":""repaired"",""requires_all"":[""use_tool""],""requires_any"":[],""status"":""active"",""supersedes"":[]},{""arguments"":[""tool_backup""],""authority"":100,""id"":""use_backup"",""overridden_by"":[],""owner"":""task_owner"",""predicate"":""use"",""requires_all"":[],""requires_any"":[],""status"":""dormant"",""supersedes"":[]}],""evidence_version"":70,""facts"":{""tool_backup_ready"":true,""tool_primary_intact"":true},""processed_events"":[],""progress"":[],""restorations"":[{""id"":""restore_tool"",""override_id"":""inspection_hold"",""rank"":1,""target_id"":""use_tool""}],""schema_version"":""x16-state-v1"",""state_version"":7},""schema_version"":""x16-recovery-input-v1"",""task_policy"":[""A destroyed resource cannot be restored."",""If a pre-authorized ready backup exists, the dependent goal is rebound to it.""]}","X14 never handled a release where restoration is impossible and a dormant, pre-authorized fallback must be activated."
X16-P01,replacement,continuity_conflict,Replace an unstarted item and retarget its immediate verification,replace|leaf_with_dependent|supersede|insert_new|retarget_action_and_child,true,848437bfb8d61b699cad4407ef3009c4be481426b015eee5df8aad75b6b4f09a,"{""case_id"":""X16-P01"",""common_semantic_contract"":{""allowed_reason_codes"":[""AUTHORIZED_TRANSITION"",""DUPLICATE_EVENT"",""EVENT_ID_COLLISION"",""GOAL_ALREADY_SATISFIED"",""INSUFFICIENT_AUTHORITY"",""OWNER_SCOPE_VIOLATION"",""STALE_VERSION"",""VERSION_GAP"",""INSUFFICIENT_SAFETY_EVIDENCE"",""AMBIGUOUS_EVENT_ORDER"",""REPLACEMENT_ALREADY_CURRENT"",""REPLACEMENT_UNAVAILABLE"",""CONTRADICTORY_OBSERVATIONS"",""UNRESOLVED_EVENT_PREMISE"",""IRRELEVANT_WORLD_FACT""],""dispositions"":{""ABSTAIN"":""available evidence does not determine one safe transition"",""APPLY"":""one uniquely licensed persistent-state transition exists"",""NO_OP"":""the event is valid but creates no semantic change"",""REJECT"":""the event is unambiguously invalid under authority, version, identity, or candidate-validity rules""},""safety"":[""REJECT and ABSTAIN never mutate state"",""NO_OP never increments state or evidence versions"",""APPLY must preserve every field not licensed by the event and task policy"",""do not invent missing order, authority, evidence precedence, fallback, or progress""],""schema_version"":""x16-common-semantics-v1""},""event"":{""authority"":100,""base_version"":7,""event_id"":""x16:p01"",""event_type"":""replace"",""issuer"":""task_owner"",""replacement_arguments"":[""med_b"",""ward""],""replacement_id"":""deliver_med_b"",""target_id"":""deliver_med"",""world_version"":71},""original_task"":""Replace an unstarted item and retarget its immediate verification"",""pre_state"":{""actions"":[{""commitment_id"":""deliver_med"",""id"":""carry_med_a"",""progress"":0,""reversible"":true,""status"":""pending"",""stop_reason"":null}],""commitments"":[{""arguments"":[""med_a"",""ward""],""authority"":100,""id"":""deliver_med"",""overridden_by"":[],""owner"":""task_owner"",""predicate"":""delivered"",""requires_all"":[],""requires_any"":[],""status"":""pending"",""supersedes"":[]},{""arguments"":[""med_a""],""authority"":100,""id"":""confirm_med"",""overridden_by"":[],""owner"":""task_owner"",""predicate"":""confirmed"",""requires_all"":[""deliver_med""],""requires_any"":[],""status"":""active"",""supersedes"":[]}],""evidence_version"":70,""facts"":{},""processed_events"":[],""progress"":[],""restorations"":[],""schema_version"":""x16-state-v1"",""state_version"":7},""schema_version"":""x16-recovery-input-v1"",""task_policy"":[""A replacement preserves lineage and transfers direct dependents."",""An unstarted action may be retargeted without progress loss.""]}",X14 replacement had no dependent verification commitment and did not retarget an existing unstarted action.
X16-P02,replacement,multi-commitment_dependency,Replace a root prerequisite and preserve a depth-three downstream chain,replace|root_depth4|supersede|insert_new|rebind_only_direct_edge,true,9b6158aa143af48929385cd94310c00cd046d5357432151979a1b76f3cf7d86a,"{""case_id"":""X16-P02"",""common_semantic_contract"":{""allowed_reason_codes"":[""AUTHORIZED_TRANSITION"",""DUPLICATE_EVENT"",""EVENT_ID_COLLISION"",""GOAL_ALREADY_SATISFIED"",""INSUFFICIENT_AUTHORITY"",""OWNER_SCOPE_VIOLATION"",""STALE_VERSION"",""VERSION_GAP"",""INSUFFICIENT_SAFETY_EVIDENCE"",""AMBIGUOUS_EVENT_ORDER"",""REPLACEMENT_ALREADY_CURRENT"",""REPLACEMENT_UNAVAILABLE"",""CONTRADICTORY_OBSERVATIONS"",""UNRESOLVED_EVENT_PREMISE"",""IRRELEVANT_WORLD_FACT""],""dispositions"":{""ABSTAIN"":""available evidence does not determine one safe transition"",""APPLY"":""one uniquely licensed persistent-state transition exists"",""NO_OP"":""the event is valid but creates no semantic change"",""REJECT"":""the event is unambiguously invalid under authority, version, identity, or candidate-validity rules""},""safety"":[""REJECT and ABSTAIN never mutate state"",""NO_OP never increments state or evidence versions"",""APPLY must preserve every field not licensed by the event and task policy"",""do not invent missing order, authority, evidence precedence, fallback, or progress""],""schema_version"":""x16-common-semantics-v1""},""event"":{""authority"":100,""base_version"":7,""event_id"":""x16:p02"",""event_type"":""replace"",""issuer"":""task_owner"",""replacement_arguments"":[""code_7""],""replacement_id"":""obtain_code"",""target_id"":""obtain_key"",""world_version"":71},""original_task"":""Replace a root prerequisite and preserve a depth-three downstream chain"",""pre_state"":{""actions"":[],""commitments"":[{""arguments"":[""key_a""],""authority"":100,""id"":""obtain_key"",""overridden_by"":[],""owner"":""task_owner"",""predicate"":""possess"",""requires_all"":[],""requires_any"":[],""status"":""active"",""supersedes"":[]},{""arguments"":[""cabinet""],""authority"":100,""id"":""unlock"",""overridden_by"":[],""owner"":""task_owner"",""predicate"":""unlocked"",""requires_all"":[""obtain_key""],""requires_any"":[],""status"":""active"",""supersedes"":[]},{""arguments"":[""sample""],""authority"":100,""id"":""retrieve"",""overridden_by"":[],""owner"":""task_owner"",""predicate"":""retrieved"",""requires_all"":[""unlock""],""requires_any"":[],""status"":""active"",""supersedes"":[]},{""arguments"":[""sample""],""authority"":100,""id"":""archive"",""overridden_by"":[],""owner"":""task_owner"",""predicate"":""archived"",""requires_all"":[""retrieve""],""requires_any"":[],""status"":""active"",""supersedes"":[]}],""evidence_version"":70,""facts"":{},""processed_events"":[],""progress"":[],""restorations"":[],""schema_version"":""x16-state-v1"",""state_version"":7},""schema_version"":""x16-recovery-input-v1"",""task_policy"":[""Replacement transfers the direct incoming dependency edge."",""Transitive descendants remain unchanged because their direct prerequisites remain valid.""]}",X14 replacement was a flat pending sibling; this case requires local graph surgery while proving that deeper edges remain untouched.
X16-S01,stale version,unauthorized mutation,Reject a mutation bound to an older committed revision,version|past_revision|mutation|no_state_change,true,f7a7b6c15b516c97c5e3d9a74ed20e5456f18e06d4dfbaa4eab9627dc646dfe1,"{""case_id"":""X16-S01"",""common_semantic_contract"":{""allowed_reason_codes"":[""AUTHORIZED_TRANSITION"",""DUPLICATE_EVENT"",""EVENT_ID_COLLISION"",""GOAL_ALREADY_SATISFIED"",""INSUFFICIENT_AUTHORITY"",""OWNER_SCOPE_VIOLATION"",""STALE_VERSION"",""VERSION_GAP"",""INSUFFICIENT_SAFETY_EVIDENCE"",""AMBIGUOUS_EVENT_ORDER"",""REPLACEMENT_ALREADY_CURRENT"",""REPLACEMENT_UNAVAILABLE"",""CONTRADICTORY_OBSERVATIONS"",""UNRESOLVED_EVENT_PREMISE"",""IRRELEVANT_WORLD_FACT""],""dispositions"":{""ABSTAIN"":""available evidence does not determine one safe transition"",""APPLY"":""one uniquely licensed persistent-state transition exists"",""NO_OP"":""the event is valid but creates no semantic change"",""REJECT"":""the event is unambiguously invalid under authority, version, identity, or candidate-validity rules""},""safety"":[""REJECT and ABSTAIN never mutate state"",""NO_OP never increments state or evidence versions"",""APPLY must preserve every field not licensed by the event and task policy"",""do not invent missing order, authority, evidence precedence, fallback, or progress""],""schema_version"":""x16-common-semantics-v1""},""event"":{""authority"":100,""base_version"":6,""event_id"":""x16:s01"",""event_type"":""cancel"",""issuer"":""task_owner"",""target_id"":""close_hatch"",""world_version"":71},""original_task"":""Reject a mutation bound to an older committed revision"",""pre_state"":{""actions"":[],""commitments"":[{""arguments"":[""hatch""],""authority"":100,""id"":""close_hatch"",""overridden_by"":[],""owner"":""task_owner"",""predicate"":""closed"",""requires_all"":[],""requires_any"":[],""status"":""active"",""supersedes"":[]}],""evidence_version"":70,""facts"":{},""processed_events"":[],""progress"":[],""restorations"":[],""schema_version"":""x16-state-v1"",""state_version"":7},""schema_version"":""x16-recovery-input-v1"",""task_policy"":[""A mutating event must bind exactly to the current state revision."",""Past revisions cannot mutate current commitments.""]}",X14 stale control only used cancellation on its flat delivery state; this task binds a safety closure commitment and tests stale mutation independently of sibling progress.
X16-S02,stale version,concurrent external event,Reject an event from an unseen future revision gap,version|future_gap2|replacement|missing_predecessors,true,54573b7aa9410d05656de095885e62501a44f81c49d93a923cb2978f862e6aa1,"{""case_id"":""X16-S02"",""common_semantic_contract"":{""allowed_reason_codes"":[""AUTHORIZED_TRANSITION"",""DUPLICATE_EVENT"",""EVENT_ID_COLLISION"",""GOAL_ALREADY_SATISFIED"",""INSUFFICIENT_AUTHORITY"",""OWNER_SCOPE_VIOLATION"",""STALE_VERSION"",""VERSION_GAP"",""INSUFFICIENT_SAFETY_EVIDENCE"",""AMBIGUOUS_EVENT_ORDER"",""REPLACEMENT_ALREADY_CURRENT"",""REPLACEMENT_UNAVAILABLE"",""CONTRADICTORY_OBSERVATIONS"",""UNRESOLVED_EVENT_PREMISE"",""IRRELEVANT_WORLD_FACT""],""dispositions"":{""ABSTAIN"":""available evidence does not determine one safe transition"",""APPLY"":""one uniquely licensed persistent-state transition exists"",""NO_OP"":""the event is valid but creates no semantic change"",""REJECT"":""the event is unambiguously invalid under authority, version, identity, or candidate-validity rules""},""safety"":[""REJECT and ABSTAIN never mutate state"",""NO_OP never increments state or evidence versions"",""APPLY must preserve every field not licensed by the event and task policy"",""do not invent missing order, authority, evidence precedence, fallback, or progress""],""schema_version"":""x16-common-semantics-v1""},""event"":{""authority"":100,""base_version"":9,""event_id"":""x16:s02"",""event_type"":""replace"",""issuer"":""task_owner"",""replacement_id"":""open_side_gate"",""target_id"":""open_gate"",""world_version"":71},""original_task"":""Reject an event from an unseen future revision gap"",""pre_state"":{""actions"":[],""commitments"":[{""arguments"":[""gate""],""authority"":100,""id"":""open_gate"",""overridden_by"":[],""owner"":""task_owner"",""predicate"":""open"",""requires_all"":[],""requires_any"":[],""status"":""active"",""supersedes"":[]}],""evidence_version"":70,""facts"":{},""processed_events"":[],""progress"":[],""restorations"":[],""schema_version"":""x16-state-v1"",""state_version"":7},""schema_version"":""x16-recovery-input-v1"",""task_policy"":[""Versions are contiguous and an event may apply only to the current revision."",""A future base revision proves that predecessor events are missing.""]}",X14 tested only one-revision-old input; it did not test a future version gap implying missing concurrent history.
X16-I01,idempotence,already-satisfied_goal,Treat exact redelivery of a committed event as idempotent,idempotence|same_id_same_payload|deadline_already_committed|no_op,true,c7956bdd1deeab7d70fc522aa568263b2c84de6f8e647a6c0f59733c47e33b71,"{""case_id"":""X16-I01"",""common_semantic_contract"":{""allowed_reason_codes"":[""AUTHORIZED_TRANSITION"",""DUPLICATE_EVENT"",""EVENT_ID_COLLISION"",""GOAL_ALREADY_SATISFIED"",""INSUFFICIENT_AUTHORITY"",""OWNER_SCOPE_VIOLATION"",""STALE_VERSION"",""VERSION_GAP"",""INSUFFICIENT_SAFETY_EVIDENCE"",""AMBIGUOUS_EVENT_ORDER"",""REPLACEMENT_ALREADY_CURRENT"",""REPLACEMENT_UNAVAILABLE"",""CONTRADICTORY_OBSERVATIONS"",""UNRESOLVED_EVENT_PREMISE"",""IRRELEVANT_WORLD_FACT""],""dispositions"":{""ABSTAIN"":""available evidence does not determine one safe transition"",""APPLY"":""one uniquely licensed persistent-state transition exists"",""NO_OP"":""the event is valid but creates no semantic change"",""REJECT"":""the event is unambiguously invalid under authority, version, identity, or candidate-validity rules""},""safety"":[""REJECT and ABSTAIN never mutate state"",""NO_OP never increments state or evidence versions"",""APPLY must preserve every field not licensed by the event and task policy"",""do not invent missing order, authority, evidence precedence, fallback, or progress""],""schema_version"":""x16-common-semantics-v1""},""event"":{""authority"":100,""base_version"":7,""deadline"":90,""event_id"":""x16:i01"",""event_type"":""set_deadline"",""issuer"":""task_owner"",""target_id"":""sterile_pack"",""world_version"":71},""original_task"":""Treat exact redelivery of a committed event as idempotent"",""pre_state"":{""actions"":[],""commitments"":[{""arguments"":[""pack""],""authority"":100,""deadline"":90,""id"":""sterile_pack"",""overridden_by"":[],""owner"":""task_owner"",""predicate"":""sterile"",""requires_all"":[],""requires_any"":[],""status"":""active"",""supersedes"":[]}],""evidence_version"":70,""facts"":{},""processed_events"":[{""event_id"":""x16:i01"",""payload_sha256"":""4699734ac5e6dd4c095f74d68fd0165c51d24745f83732b308beed0b874175d3""}],""progress"":[],""restorations"":[],""schema_version"":""x16-state-v1"",""state_version"":7},""schema_version"":""x16-recovery-input-v1"",""task_policy"":[""An event ID with the identical canonical payload may be delivered repeatedly."",""Committed duplicate delivery changes no revision or evidence.""]}",X14 used a duplicate flag supplied by the event; this case derives idempotence from the processed-event payload hash and already-committed value.
X16-I02,idempotence,unauthorized mutation,Reject event-ID reuse with a different payload,idempotence|same_id_payload_collision|non_equivalent_replay|reject,true,2d8781d40ce01abf693389117a318c143305316dfdcb2e0ef960d7f5042c2282,"{""case_id"":""X16-I02"",""common_semantic_contract"":{""allowed_reason_codes"":[""AUTHORIZED_TRANSITION"",""DUPLICATE_EVENT"",""EVENT_ID_COLLISION"",""GOAL_ALREADY_SATISFIED"",""INSUFFICIENT_AUTHORITY"",""OWNER_SCOPE_VIOLATION"",""STALE_VERSION"",""VERSION_GAP"",""INSUFFICIENT_SAFETY_EVIDENCE"",""AMBIGUOUS_EVENT_ORDER"",""REPLACEMENT_ALREADY_CURRENT"",""REPLACEMENT_UNAVAILABLE"",""CONTRADICTORY_OBSERVATIONS"",""UNRESOLVED_EVENT_PREMISE"",""IRRELEVANT_WORLD_FACT""],""dispositions"":{""ABSTAIN"":""available evidence does not determine one safe transition"",""APPLY"":""one uniquely licensed persistent-state transition exists"",""NO_OP"":""the event is valid but creates no semantic change"",""REJECT"":""the event is unambiguously invalid under authority, version, identity, or candidate-validity rules""},""safety"":[""REJECT and ABSTAIN never mutate state"",""NO_OP never increments state or evidence versions"",""APPLY must preserve every field not licensed by the event and task policy"",""do not invent missing order, authority, evidence precedence, fallback, or progress""],""schema_version"":""x16-common-semantics-v1""},""event"":{""authority"":100,""base_version"":7,""destination"":""dock_b"",""event_id"":""x16:i02"",""event_type"":""set_destination"",""issuer"":""task_owner"",""target_id"":""ship"",""world_version"":71},""original_task"":""Reject event-ID reuse with a different payload"",""pre_state"":{""actions"":[],""commitments"":[{""arguments"":[""crate"",""dock_a""],""authority"":100,""id"":""ship"",""overridden_by"":[],""owner"":""task_owner"",""predicate"":""at"",""requires_all"":[],""requires_any"":[],""status"":""active"",""supersedes"":[]}],""evidence_version"":70,""facts"":{},""processed_events"":[{""event_id"":""x16:i02"",""payload_sha256"":""6a384e2143cd407e22bd484496c3e8925847f480d8b08f050e6ab3c4c0fdeada""}],""progress"":[],""restorations"":[],""schema_version"":""x16-state-v1"",""state_version"":7},""schema_version"":""x16-recovery-input-v1"",""task_policy"":[""An event ID is immutable after first commit."",""The same ID with a different payload is not a duplicate.""]}",X14 marked duplicates with a Boolean and never distinguished exact replay from an event-ID collision attack.
X16-U01,unauthorized mutation,cancellation,Reject cancellation by a read-only observer,authority|role_below_threshold|cancel|protected_clinical_goal,true,68620696211512f48b0e09bf73f6eeaf0e8b959be2156f38c0c67e9945f4daa5,"{""case_id"":""X16-U01"",""common_semantic_contract"":{""allowed_reason_codes"":[""AUTHORIZED_TRANSITION"",""DUPLICATE_EVENT"",""EVENT_ID_COLLISION"",""GOAL_ALREADY_SATISFIED"",""INSUFFICIENT_AUTHORITY"",""OWNER_SCOPE_VIOLATION"",""STALE_VERSION"",""VERSION_GAP"",""INSUFFICIENT_SAFETY_EVIDENCE"",""AMBIGUOUS_EVENT_ORDER"",""REPLACEMENT_ALREADY_CURRENT"",""REPLACEMENT_UNAVAILABLE"",""CONTRADICTORY_OBSERVATIONS"",""UNRESOLVED_EVENT_PREMISE"",""IRRELEVANT_WORLD_FACT""],""dispositions"":{""ABSTAIN"":""available evidence does not determine one safe transition"",""APPLY"":""one uniquely licensed persistent-state transition exists"",""NO_OP"":""the event is valid but creates no semantic change"",""REJECT"":""the event is unambiguously invalid under authority, version, identity, or candidate-validity rules""},""safety"":[""REJECT and ABSTAIN never mutate state"",""NO_OP never increments state or evidence versions"",""APPLY must preserve every field not licensed by the event and task policy"",""do not invent missing order, authority, evidence precedence, fallback, or progress""],""schema_version"":""x16-common-semantics-v1""},""event"":{""authority"":20,""base_version"":7,""event_id"":""x16:u01"",""event_type"":""cancel"",""issuer"":""observer"",""target_id"":""dispense"",""world_version"":71},""original_task"":""Reject cancellation by a read-only observer"",""pre_state"":{""actions"":[],""commitments"":[{""arguments"":[""dose""],""authority"":100,""id"":""dispense"",""overridden_by"":[],""owner"":""clinician"",""predicate"":""dispensed"",""requires_all"":[],""requires_any"":[],""status"":""active"",""supersedes"":[]}],""evidence_version"":70,""facts"":{},""processed_events"":[],""progress"":[],""restorations"":[],""schema_version"":""x16-state-v1"",""state_version"":7},""schema_version"":""x16-recovery-input-v1"",""task_policy"":[""Only an issuer with mutation authority at least 100 may edit commitments."",""Observer authority is read-only.""]}","X14 used an observer on a package commitment; this case adds a distinct owner and a protected clinical commitment, separating role threshold from version logic."
X16-U02,unauthorized mutation,"override,multi-commitment_dependency",Reject cross-owner mutation despite sufficient numeric authority,authority|adequate_level_wrong_scope|cross_owner_override|no_mutation,true,6f0302300e9eb4b741c36922a141f5d7263f625e640b0f90f4aba2480e705a5c,"{""case_id"":""X16-U02"",""common_semantic_contract"":{""allowed_reason_codes"":[""AUTHORIZED_TRANSITION"",""DUPLICATE_EVENT"",""EVENT_ID_COLLISION"",""GOAL_ALREADY_SATISFIED"",""INSUFFICIENT_AUTHORITY"",""OWNER_SCOPE_VIOLATION"",""STALE_VERSION"",""VERSION_GAP"",""INSUFFICIENT_SAFETY_EVIDENCE"",""AMBIGUOUS_EVENT_ORDER"",""REPLACEMENT_ALREADY_CURRENT"",""REPLACEMENT_UNAVAILABLE"",""CONTRADICTORY_OBSERVATIONS"",""UNRESOLVED_EVENT_PREMISE"",""IRRELEVANT_WORLD_FACT""],""dispositions"":{""ABSTAIN"":""available evidence does not determine one safe transition"",""APPLY"":""one uniquely licensed persistent-state transition exists"",""NO_OP"":""the event is valid but creates no semantic change"",""REJECT"":""the event is unambiguously invalid under authority, version, identity, or candidate-validity rules""},""safety"":[""REJECT and ABSTAIN never mutate state"",""NO_OP never increments state or evidence versions"",""APPLY must preserve every field not licensed by the event and task policy"",""do not invent missing order, authority, evidence precedence, fallback, or progress""],""schema_version"":""x16-common-semantics-v1""},""event"":{""authority"":100,""base_version"":7,""event_id"":""x16:u02"",""event_type"":""override"",""issuer"":""team_a"",""scope"":[""team_a""],""target_id"":""robot_b_charge"",""world_version"":71},""original_task"":""Reject cross-owner mutation despite sufficient numeric authority"",""pre_state"":{""actions"":[],""commitments"":[{""arguments"":[""robot_a""],""authority"":100,""id"":""robot_a_charge"",""overridden_by"":[],""owner"":""team_a"",""predicate"":""charged"",""requires_all"":[],""requires_any"":[],""status"":""active"",""supersedes"":[]},{""arguments"":[""robot_b""],""authority"":100,""id"":""robot_b_charge"",""overridden_by"":[],""owner"":""team_b"",""predicate"":""charged"",""requires_all"":[],""requires_any"":[],""status"":""active"",""supersedes"":[]}],""evidence_version"":70,""facts"":{},""processed_events"":[],""progress"":[],""restorations"":[],""schema_version"":""x16-state-v1"",""state_version"":7},""schema_version"":""x16-recovery-input-v1"",""task_policy"":[""Numeric authority is necessary but not sufficient."",""An issuer may mutate only commitments in its declared owner scope.""]}",X14 had one global task_owner and only tested low authority; it did not test sufficient authority applied outside ownership scope.
X16-CC01,continuity conflict,"override,partial_progress_preservation",Stop a reversible executing action that conflicts with a closure,continuity|executing_reversible|direct_conflict|cancel_action|retain_progress_record,true,ec3320985e3525308fb4743520702c0835483b5ab3faea26e6edf4b4f3e90fe4,"{""case_id"":""X16-CC01"",""common_semantic_contract"":{""allowed_reason_codes"":[""AUTHORIZED_TRANSITION"",""DUPLICATE_EVENT"",""EVENT_ID_COLLISION"",""GOAL_ALREADY_SATISFIED"",""INSUFFICIENT_AUTHORITY"",""OWNER_SCOPE_VIOLATION"",""STALE_VERSION"",""VERSION_GAP"",""INSUFFICIENT_SAFETY_EVIDENCE"",""AMBIGUOUS_EVENT_ORDER"",""REPLACEMENT_ALREADY_CURRENT"",""REPLACEMENT_UNAVAILABLE"",""CONTRADICTORY_OBSERVATIONS"",""UNRESOLVED_EVENT_PREMISE"",""IRRELEVANT_WORLD_FACT""],""dispositions"":{""ABSTAIN"":""available evidence does not determine one safe transition"",""APPLY"":""one uniquely licensed persistent-state transition exists"",""NO_OP"":""the event is valid but creates no semantic change"",""REJECT"":""the event is unambiguously invalid under authority, version, identity, or candidate-validity rules""},""safety"":[""REJECT and ABSTAIN never mutate state"",""NO_OP never increments state or evidence versions"",""APPLY must preserve every field not licensed by the event and task policy"",""do not invent missing order, authority, evidence precedence, fallback, or progress""],""schema_version"":""x16-common-semantics-v1""},""event"":{""authority"":100,""base_version"":7,""conflict_action_id"":""carry_hot_part"",""event_id"":""x16:cc01"",""event_type"":""activate_override"",""issuer"":""task_owner"",""override_id"":""bench_closed"",""target_id"":""place_hot_part"",""world_version"":71},""original_task"":""Stop a reversible executing action that conflicts with a closure"",""pre_state"":{""actions"":[{""commitment_id"":""place_hot_part"",""id"":""carry_hot_part"",""progress"":55,""reversible"":true,""status"":""executing"",""stop_reason"":null}],""commitments"":[{""arguments"":[""part"",""bench""],""authority"":100,""id"":""place_hot_part"",""overridden_by"":[],""owner"":""task_owner"",""predicate"":""placed"",""requires_all"":[],""requires_any"":[],""status"":""active"",""supersedes"":[]}],""evidence_version"":70,""facts"":{},""processed_events"":[],""progress"":[],""restorations"":[],""schema_version"":""x16-state-v1"",""state_version"":7},""schema_version"":""x16-recovery-input-v1"",""task_policy"":[""A closure dominates placing on the bench."",""A reversible conflicting action stops while its observed progress remains recorded.""]}",X14 conflict had no reversibility or quantitative partial progress; this case requires stopping while retaining a 55% progress observation.
X16-CC02,continuity conflict,"conservative_stop,contradictory_observation",Stop conservatively during an irreversible action with missing safety resolution,continuity|executing_irreversible|replacement_conflict|finish_abort_underdetermined|abstain,true,1ef4b0237ad8defcd2f936abf9630d203002cce906d2053c60557d430276434f,"{""case_id"":""X16-CC02"",""common_semantic_contract"":{""allowed_reason_codes"":[""AUTHORIZED_TRANSITION"",""DUPLICATE_EVENT"",""EVENT_ID_COLLISION"",""GOAL_ALREADY_SATISFIED"",""INSUFFICIENT_AUTHORITY"",""OWNER_SCOPE_VIOLATION"",""STALE_VERSION"",""VERSION_GAP"",""INSUFFICIENT_SAFETY_EVIDENCE"",""AMBIGUOUS_EVENT_ORDER"",""REPLACEMENT_ALREADY_CURRENT"",""REPLACEMENT_UNAVAILABLE"",""CONTRADICTORY_OBSERVATIONS"",""UNRESOLVED_EVENT_PREMISE"",""IRRELEVANT_WORLD_FACT""],""dispositions"":{""ABSTAIN"":""available evidence does not determine one safe transition"",""APPLY"":""one uniquely licensed persistent-state transition exists"",""NO_OP"":""the event is valid but creates no semantic change"",""REJECT"":""the event is unambiguously invalid under authority, version, identity, or candidate-validity rules""},""safety"":[""REJECT and ABSTAIN never mutate state"",""NO_OP never increments state or evidence versions"",""APPLY must preserve every field not licensed by the event and task policy"",""do not invent missing order, authority, evidence precedence, fallback, or progress""],""schema_version"":""x16-common-semantics-v1""},""event"":{""authority"":100,""base_version"":7,""event_id"":""x16:cc02"",""event_type"":""change_formula"",""issuer"":""task_owner"",""replacement_id"":""pour_buffer"",""target_id"":""pour_reagent"",""world_version"":71},""original_task"":""Stop conservatively during an irreversible action with missing safety resolution"",""pre_state"":{""actions"":[{""commitment_id"":""pour_reagent"",""id"":""pour_now"",""progress"":80,""reversible"":false,""status"":""executing"",""stop_reason"":null}],""commitments"":[{""arguments"":[""reagent"",""vessel""],""authority"":100,""id"":""pour_reagent"",""overridden_by"":[],""owner"":""task_owner"",""predicate"":""mixed"",""requires_all"":[],""requires_any"":[],""status"":""active"",""supersedes"":[]}],""evidence_version"":70,""facts"":{""safe_to_abort"":null,""safe_to_finish"":null},""processed_events"":[],""progress"":[],""restorations"":[],""schema_version"":""x16-state-v1"",""state_version"":7},""schema_version"":""x16-recovery-input-v1"",""task_policy"":[""The current pour is irreversible."",""Neither finish nor abort is licensed without one fresh safety predicate.""]}","X14 always had a deterministic cancellation path; it did not contain an irreversible in-flight action with two unsafe, underdetermined continuations."
X16-CV01,continuity-valid recovery,"override,partial_progress_preservation",Tighten a deadline while the executing action still satisfies it,continuity|deadline_change|eta_within_new_bound|update_commitment|continue_exact_action,true,1420b16fe3a42e96a29193b7d44776f500ec6e120dda62fc02b795b3de4edffe,"{""case_id"":""X16-CV01"",""common_semantic_contract"":{""allowed_reason_codes"":[""AUTHORIZED_TRANSITION"",""DUPLICATE_EVENT"",""EVENT_ID_COLLISION"",""GOAL_ALREADY_SATISFIED"",""INSUFFICIENT_AUTHORITY"",""OWNER_SCOPE_VIOLATION"",""STALE_VERSION"",""VERSION_GAP"",""INSUFFICIENT_SAFETY_EVIDENCE"",""AMBIGUOUS_EVENT_ORDER"",""REPLACEMENT_ALREADY_CURRENT"",""REPLACEMENT_UNAVAILABLE"",""CONTRADICTORY_OBSERVATIONS"",""UNRESOLVED_EVENT_PREMISE"",""IRRELEVANT_WORLD_FACT""],""dispositions"":{""ABSTAIN"":""available evidence does not determine one safe transition"",""APPLY"":""one uniquely licensed persistent-state transition exists"",""NO_OP"":""the event is valid but creates no semantic change"",""REJECT"":""the event is unambiguously invalid under authority, version, identity, or candidate-validity rules""},""safety"":[""REJECT and ABSTAIN never mutate state"",""NO_OP never increments state or evidence versions"",""APPLY must preserve every field not licensed by the event and task policy"",""do not invent missing order, authority, evidence precedence, fallback, or progress""],""schema_version"":""x16-common-semantics-v1""},""event"":{""authority"":100,""base_version"":7,""deadline"":100,""event_id"":""x16:cv01"",""event_type"":""tighten_deadline"",""issuer"":""task_owner"",""target_id"":""deliver_cold"",""world_version"":71},""original_task"":""Tighten a deadline while the executing action still satisfies it"",""pre_state"":{""actions"":[{""commitment_id"":""deliver_cold"",""eta"":85,""id"":""drive_sample"",""progress"":60,""reversible"":true,""status"":""executing"",""stop_reason"":null}],""commitments"":[{""arguments"":[""sample"",""lab""],""authority"":100,""deadline"":120,""id"":""deliver_cold"",""overridden_by"":[],""owner"":""task_owner"",""predicate"":""delivered"",""requires_all"":[],""requires_any"":[],""status"":""active"",""supersedes"":[]}],""evidence_version"":70,""facts"":{},""processed_events"":[],""progress"":[],""restorations"":[],""schema_version"":""x16-state-v1"",""state_version"":7},""schema_version"":""x16-recovery-input-v1"",""task_policy"":[""An executing action remains valid when its ETA satisfies the new authorized deadline."",""Continuing preserves action identity and progress.""]}",X14 valid continuity only acknowledged an irrelevant world change; this case applies a binding deadline mutation and proves the current action remains feasible.
X16-CV02,continuity-valid recovery,"replacement,multi-commitment_dependency",Replace a downstream goal without disturbing its shared prerequisite action,continuity|downstream_replace|executing_prerequisite_unaffected|supersede_insert|continue,true,8565fb3c533df3dcff91533bb152ba356eb0694a80bef165744ab9fd47d58206,"{""case_id"":""X16-CV02"",""common_semantic_contract"":{""allowed_reason_codes"":[""AUTHORIZED_TRANSITION"",""DUPLICATE_EVENT"",""EVENT_ID_COLLISION"",""GOAL_ALREADY_SATISFIED"",""INSUFFICIENT_AUTHORITY"",""OWNER_SCOPE_VIOLATION"",""STALE_VERSION"",""VERSION_GAP"",""INSUFFICIENT_SAFETY_EVIDENCE"",""AMBIGUOUS_EVENT_ORDER"",""REPLACEMENT_ALREADY_CURRENT"",""REPLACEMENT_UNAVAILABLE"",""CONTRADICTORY_OBSERVATIONS"",""UNRESOLVED_EVENT_PREMISE"",""IRRELEVANT_WORLD_FACT""],""dispositions"":{""ABSTAIN"":""available evidence does not determine one safe transition"",""APPLY"":""one uniquely licensed persistent-state transition exists"",""NO_OP"":""the event is valid but creates no semantic change"",""REJECT"":""the event is unambiguously invalid under authority, version, identity, or candidate-validity rules""},""safety"":[""REJECT and ABSTAIN never mutate state"",""NO_OP never increments state or evidence versions"",""APPLY must preserve every field not licensed by the event and task policy"",""do not invent missing order, authority, evidence precedence, fallback, or progress""],""schema_version"":""x16-common-semantics-v1""},""event"":{""authority"":100,""base_version"":7,""event_id"":""x16:cv02"",""event_type"":""replace"",""issuer"":""task_owner"",""replacement_arguments"":[""right_panel""],""replacement_id"":""inspect_right"",""target_id"":""inspect_left"",""world_version"":71},""original_task"":""Replace a downstream goal without disturbing its shared prerequisite action"",""pre_state"":{""actions"":[{""commitment_id"":""navigate"",""id"":""go_junction"",""progress"":35,""reversible"":true,""status"":""executing"",""stop_reason"":null}],""commitments"":[{""arguments"":[""robot"",""junction""],""authority"":100,""id"":""navigate"",""overridden_by"":[],""owner"":""task_owner"",""predicate"":""at"",""requires_all"":[],""requires_any"":[],""status"":""active"",""supersedes"":[]},{""arguments"":[""left_panel""],""authority"":100,""id"":""inspect_left"",""overridden_by"":[],""owner"":""task_owner"",""predicate"":""inspected"",""requires_all"":[""navigate""],""requires_any"":[],""status"":""active"",""supersedes"":[]}],""evidence_version"":70,""facts"":{},""processed_events"":[],""progress"":[],""restorations"":[],""schema_version"":""x16-state-v1"",""state_version"":7},""schema_version"":""x16-recovery-input-v1"",""task_policy"":[""Replacing a future child does not conflict with execution of its unchanged prerequisite."",""The replacement inherits the prerequisite edge.""]}",X14 did not combine replacement with a valid executing prerequisite; its replacement plan was wholly regenerated.
X16-M01,multi-commitment dependency,contradictory_observation,Invalidate one conjunctive prerequisite and block only its descendants,dependency|and2_depth2|invalidate_support|block_transitive_descendants|preserve_sibling,true,0f67f8d0103f826dcc6296749e1fa6fef0179e69b9ea259e674b8242aa9963df,"{""case_id"":""X16-M01"",""common_semantic_contract"":{""allowed_reason_codes"":[""AUTHORIZED_TRANSITION"",""DUPLICATE_EVENT"",""EVENT_ID_COLLISION"",""GOAL_ALREADY_SATISFIED"",""INSUFFICIENT_AUTHORITY"",""OWNER_SCOPE_VIOLATION"",""STALE_VERSION"",""VERSION_GAP"",""INSUFFICIENT_SAFETY_EVIDENCE"",""AMBIGUOUS_EVENT_ORDER"",""REPLACEMENT_ALREADY_CURRENT"",""REPLACEMENT_UNAVAILABLE"",""CONTRADICTORY_OBSERVATIONS"",""UNRESOLVED_EVENT_PREMISE"",""IRRELEVANT_WORLD_FACT""],""dispositions"":{""ABSTAIN"":""available evidence does not determine one safe transition"",""APPLY"":""one uniquely licensed persistent-state transition exists"",""NO_OP"":""the event is valid but creates no semantic change"",""REJECT"":""the event is unambiguously invalid under authority, version, identity, or candidate-validity rules""},""safety"":[""REJECT and ABSTAIN never mutate state"",""NO_OP never increments state or evidence versions"",""APPLY must preserve every field not licensed by the event and task policy"",""do not invent missing order, authority, evidence precedence, fallback, or progress""],""schema_version"":""x16-common-semantics-v1""},""event"":{""authority"":100,""base_version"":7,""event_id"":""x16:m01"",""event_type"":""invalidate"",""issuer"":""task_owner"",""observation"":false,""target_id"":""calibrate"",""world_version"":71},""original_task"":""Invalidate one conjunctive prerequisite and block only its descendants"",""pre_state"":{""actions"":[],""commitments"":[{""arguments"":[""sensor""],""authority"":100,""id"":""calibrate"",""overridden_by"":[],""owner"":""task_owner"",""predicate"":""calibrated"",""requires_all"":[],""requires_any"":[],""status"":""active"",""supersedes"":[]},{""arguments"":[""sensor""],""authority"":100,""id"":""power"",""overridden_by"":[],""owner"":""task_owner"",""predicate"":""powered"",""requires_all"":[],""requires_any"":[],""status"":""active"",""supersedes"":[]},{""arguments"":[""sample""],""authority"":100,""id"":""measure"",""overridden_by"":[],""owner"":""task_owner"",""predicate"":""measured"",""requires_all"":[""calibrate"",""power""],""requires_any"":[],""status"":""active"",""supersedes"":[]},{""arguments"":[""sample""],""authority"":100,""id"":""report"",""overridden_by"":[],""owner"":""task_owner"",""predicate"":""reported"",""requires_all"":[""measure""],""requires_any"":[],""status"":""active"",""supersedes"":[]}],""evidence_version"":70,""facts"":{},""processed_events"":[],""progress"":[],""restorations"":[],""schema_version"":""x16-state-v1"",""state_version"":7},""schema_version"":""x16-recovery-input-v1"",""task_policy"":[""Every conjunctive prerequisite must remain valid."",""Invalidation blocks descendants but leaves independent siblings unchanged.""]}",X14 never invalidated a prerequisite or propagated blocking through an AND graph.
X16-M02,multi-commitment dependency,partial_progress_preservation,Prune a failed OR support while keeping the dependent enabled,dependency|or2|one_invalid_one_satisfied|prune_edge|retain_active,true,25ccd7efb818cf37dd6732b436f9547676cf369caf2a51d2068332b449821d8f,"{""case_id"":""X16-M02"",""common_semantic_contract"":{""allowed_reason_codes"":[""AUTHORIZED_TRANSITION"",""DUPLICATE_EVENT"",""EVENT_ID_COLLISION"",""GOAL_ALREADY_SATISFIED"",""INSUFFICIENT_AUTHORITY"",""OWNER_SCOPE_VIOLATION"",""STALE_VERSION"",""VERSION_GAP"",""INSUFFICIENT_SAFETY_EVIDENCE"",""AMBIGUOUS_EVENT_ORDER"",""REPLACEMENT_ALREADY_CURRENT"",""REPLACEMENT_UNAVAILABLE"",""CONTRADICTORY_OBSERVATIONS"",""UNRESOLVED_EVENT_PREMISE"",""IRRELEVANT_WORLD_FACT""],""dispositions"":{""ABSTAIN"":""available evidence does not determine one safe transition"",""APPLY"":""one uniquely licensed persistent-state transition exists"",""NO_OP"":""the event is valid but creates no semantic change"",""REJECT"":""the event is unambiguously invalid under authority, version, identity, or candidate-validity rules""},""safety"":[""REJECT and ABSTAIN never mutate state"",""NO_OP never increments state or evidence versions"",""APPLY must preserve every field not licensed by the event and task policy"",""do not invent missing order, authority, evidence precedence, fallback, or progress""],""schema_version"":""x16-common-semantics-v1""},""event"":{""authority"":100,""base_version"":7,""event_id"":""x16:m02"",""event_type"":""prune_support"",""invalid_support"":""wifi"",""issuer"":""task_owner"",""target_id"":""upload"",""world_version"":71},""original_task"":""Prune a failed OR support while keeping the dependent enabled"",""pre_state"":{""actions"":[],""commitments"":[{""arguments"":[""wifi""],""authority"":100,""id"":""wifi"",""overridden_by"":[],""owner"":""task_owner"",""predicate"":""connected"",""requires_all"":[],""requires_any"":[],""status"":""invalid"",""supersedes"":[]},{""arguments"":[""ethernet""],""authority"":100,""id"":""ethernet"",""overridden_by"":[],""owner"":""task_owner"",""predicate"":""connected"",""requires_all"":[],""requires_any"":[],""status"":""satisfied"",""supersedes"":[]},{""arguments"":[""dataset""],""authority"":100,""id"":""upload"",""overridden_by"":[],""owner"":""task_owner"",""predicate"":""uploaded"",""requires_all"":[],""requires_any"":[""wifi"",""ethernet""],""status"":""active"",""supersedes"":[]}],""evidence_version"":70,""facts"":{},""processed_events"":[],""progress"":[{""achieved"":true,""goal_relevant"":true,""id"":""ethernet_link"",""physically_valid"":true}],""restorations"":[],""schema_version"":""x16-state-v1"",""state_version"":7},""schema_version"":""x16-recovery-input-v1"",""task_policy"":[""A disjunctive commitment remains active with one valid support."",""Invalid support edges are removed from the current dependency set.""]}",X14 had at most one added dependency on an already satisfied noise node; it did not reason over OR support or prune an invalid edge.
X16-PP01,partial progress preservation,"cancellation,already-satisfied_goal",Cancel only the unfinished suffix of a completed process prefix,progress|two_step_prefix_satisfied|cancel_final|preserve_milestones|terminal,true,428b7e6d6eabe1c9901042efaae12d9f2b1c01aa837f1bab04122791f3c71c7f,"{""case_id"":""X16-PP01"",""common_semantic_contract"":{""allowed_reason_codes"":[""AUTHORIZED_TRANSITION"",""DUPLICATE_EVENT"",""EVENT_ID_COLLISION"",""GOAL_ALREADY_SATISFIED"",""INSUFFICIENT_AUTHORITY"",""OWNER_SCOPE_VIOLATION"",""STALE_VERSION"",""VERSION_GAP"",""INSUFFICIENT_SAFETY_EVIDENCE"",""AMBIGUOUS_EVENT_ORDER"",""REPLACEMENT_ALREADY_CURRENT"",""REPLACEMENT_UNAVAILABLE"",""CONTRADICTORY_OBSERVATIONS"",""UNRESOLVED_EVENT_PREMISE"",""IRRELEVANT_WORLD_FACT""],""dispositions"":{""ABSTAIN"":""available evidence does not determine one safe transition"",""APPLY"":""one uniquely licensed persistent-state transition exists"",""NO_OP"":""the event is valid but creates no semantic change"",""REJECT"":""the event is unambiguously invalid under authority, version, identity, or candidate-validity rules""},""safety"":[""REJECT and ABSTAIN never mutate state"",""NO_OP never increments state or evidence versions"",""APPLY must preserve every field not licensed by the event and task policy"",""do not invent missing order, authority, evidence precedence, fallback, or progress""],""schema_version"":""x16-common-semantics-v1""},""event"":{""authority"":100,""base_version"":7,""event_id"":""x16:pp01"",""event_type"":""cancel"",""issuer"":""task_owner"",""target_id"":""coat"",""world_version"":71},""original_task"":""Cancel only the unfinished suffix of a completed process prefix"",""pre_state"":{""actions"":[{""commitment_id"":""coat"",""id"":""coat_part"",""progress"":0,""reversible"":true,""status"":""pending"",""stop_reason"":null}],""commitments"":[{""arguments"":[""part""],""authority"":100,""id"":""wash"",""overridden_by"":[],""owner"":""task_owner"",""predicate"":""washed"",""requires_all"":[],""requires_any"":[],""status"":""satisfied"",""supersedes"":[]},{""arguments"":[""part""],""authority"":100,""id"":""dry"",""overridden_by"":[],""owner"":""task_owner"",""predicate"":""dried"",""requires_all"":[""wash""],""requires_any"":[],""status"":""satisfied"",""supersedes"":[]},{""arguments"":[""part""],""authority"":100,""id"":""coat"",""overridden_by"":[],""owner"":""task_owner"",""predicate"":""coated"",""requires_all"":[""dry""],""requires_any"":[],""status"":""active"",""supersedes"":[]}],""evidence_version"":70,""facts"":{},""processed_events"":[],""progress"":[{""achieved"":true,""goal_relevant"":true,""id"":""wash_done"",""physically_valid"":true},{""achieved"":true,""goal_relevant"":true,""id"":""dry_done"",""physically_valid"":true}],""restorations"":[],""schema_version"":""x16-state-v1"",""state_version"":7},""schema_version"":""x16-recovery-input-v1"",""task_policy"":[""Completed physically valid milestones remain historical achievements."",""Cancelling the only unfinished suffix does not undo its prerequisites.""]}",X14 preserved one completed sibling; this case preserves a two-step causal prefix while cancelling only the terminal suffix.
X16-PP02,partial progress preservation,"replacement,world-change release",Replace a failed completed component while retaining unaffected assembly progress,progress|completed_component_invalidated|preserve_subassembly|replace_component|invalidate_one_milestone,true,5136d632e0562477c415d4525e0e7f4de3500aeb3f0196673017bf0df3efaeb9,"{""case_id"":""X16-PP02"",""common_semantic_contract"":{""allowed_reason_codes"":[""AUTHORIZED_TRANSITION"",""DUPLICATE_EVENT"",""EVENT_ID_COLLISION"",""GOAL_ALREADY_SATISFIED"",""INSUFFICIENT_AUTHORITY"",""OWNER_SCOPE_VIOLATION"",""STALE_VERSION"",""VERSION_GAP"",""INSUFFICIENT_SAFETY_EVIDENCE"",""AMBIGUOUS_EVENT_ORDER"",""REPLACEMENT_ALREADY_CURRENT"",""REPLACEMENT_UNAVAILABLE"",""CONTRADICTORY_OBSERVATIONS"",""UNRESOLVED_EVENT_PREMISE"",""IRRELEVANT_WORLD_FACT""],""dispositions"":{""ABSTAIN"":""available evidence does not determine one safe transition"",""APPLY"":""one uniquely licensed persistent-state transition exists"",""NO_OP"":""the event is valid but creates no semantic change"",""REJECT"":""the event is unambiguously invalid under authority, version, identity, or candidate-validity rules""},""safety"":[""REJECT and ABSTAIN never mutate state"",""NO_OP never increments state or evidence versions"",""APPLY must preserve every field not licensed by the event and task policy"",""do not invent missing order, authority, evidence precedence, fallback, or progress""],""schema_version"":""x16-common-semantics-v1""},""event"":{""authority"":100,""base_version"":7,""event_id"":""x16:pp02"",""event_type"":""replace"",""issuer"":""task_owner"",""observations"":{""sensor_a_failed"":true},""replacement_arguments"":[""sensor_b"",""frame""],""replacement_id"":""attach_sensor_b"",""target_id"":""attach_sensor"",""world_version"":71},""original_task"":""Replace a failed completed component while retaining unaffected assembly progress"",""pre_state"":{""actions"":[],""commitments"":[{""arguments"":[""frame""],""authority"":100,""id"":""assemble_frame"",""overridden_by"":[],""owner"":""task_owner"",""predicate"":""assembled"",""requires_all"":[],""requires_any"":[],""status"":""satisfied"",""supersedes"":[]},{""arguments"":[""sensor_a"",""frame""],""authority"":100,""id"":""attach_sensor"",""overridden_by"":[],""owner"":""task_owner"",""predicate"":""attached"",""requires_all"":[""assemble_frame""],""requires_any"":[],""status"":""satisfied"",""supersedes"":[]},{""arguments"":[""sensor_a""],""authority"":100,""id"":""calibrate_sensor"",""overridden_by"":[],""owner"":""task_owner"",""predicate"":""calibrated"",""requires_all"":[""attach_sensor""],""requires_any"":[],""status"":""active"",""supersedes"":[]}],""evidence_version"":70,""facts"":{""sensor_a_failed"":false},""processed_events"":[],""progress"":[{""achieved"":true,""goal_relevant"":true,""id"":""frame_done"",""physically_valid"":true},{""achieved"":true,""goal_relevant"":true,""id"":""sensor_attached"",""physically_valid"":true}],""restorations"":[],""schema_version"":""x16-state-v1"",""state_version"":7},""schema_version"":""x16-recovery-input-v1"",""task_policy"":[""Physical invalidation is local to the failed component."",""The frame milestone remains valid and supports the replacement attachment.""]}",X14 never invalidated one achieved milestone while preserving an earlier achieved prerequisite during replacement.
X16-E01,concurrent external event,"replacement,continuity-valid_recovery",Atomically merge two commuting external edits,concurrency|two_events_commute|different_fields_and_nodes|atomic_merge|single_revision,true,7fefc24a73f54d6cfb41796660611bb8a344ad4c2f1c102b8e2d6b53d8d7ab18,"{""case_id"":""X16-E01"",""common_semantic_contract"":{""allowed_reason_codes"":[""AUTHORIZED_TRANSITION"",""DUPLICATE_EVENT"",""EVENT_ID_COLLISION"",""GOAL_ALREADY_SATISFIED"",""INSUFFICIENT_AUTHORITY"",""OWNER_SCOPE_VIOLATION"",""STALE_VERSION"",""VERSION_GAP"",""INSUFFICIENT_SAFETY_EVIDENCE"",""AMBIGUOUS_EVENT_ORDER"",""REPLACEMENT_ALREADY_CURRENT"",""REPLACEMENT_UNAVAILABLE"",""CONTRADICTORY_OBSERVATIONS"",""UNRESOLVED_EVENT_PREMISE"",""IRRELEVANT_WORLD_FACT""],""dispositions"":{""ABSTAIN"":""available evidence does not determine one safe transition"",""APPLY"":""one uniquely licensed persistent-state transition exists"",""NO_OP"":""the event is valid but creates no semantic change"",""REJECT"":""the event is unambiguously invalid under authority, version, identity, or candidate-validity rules""},""safety"":[""REJECT and ABSTAIN never mutate state"",""NO_OP never increments state or evidence versions"",""APPLY must preserve every field not licensed by the event and task policy"",""do not invent missing order, authority, evidence precedence, fallback, or progress""],""schema_version"":""x16-common-semantics-v1""},""event"":{""authority"":100,""base_version"":7,""event_id"":""x16:e01"",""event_type"":""concurrent_merge"",""events"":[{""destination"":""dock_b"",""target"":""deliver"",""type"":""move_destination""},{""deadline"":200,""target"":""audit"",""type"":""tighten_audit_deadline""}],""issuer"":""task_owner"",""ordering"":""commuting"",""world_version"":71},""original_task"":""Atomically merge two commuting external edits"",""pre_state"":{""actions"":[],""commitments"":[{""arguments"":[""parcel"",""dock_a""],""authority"":100,""id"":""deliver"",""overridden_by"":[],""owner"":""task_owner"",""predicate"":""delivered"",""requires_all"":[],""requires_any"":[],""status"":""active"",""supersedes"":[]},{""arguments"":[""parcel""],""authority"":100,""id"":""audit"",""overridden_by"":[],""owner"":""task_owner"",""predicate"":""audited"",""requires_all"":[""deliver""],""requires_any"":[],""status"":""active"",""supersedes"":[]}],""evidence_version"":70,""facts"":{""parcel_location"":""hub""},""processed_events"":[],""progress"":[],""restorations"":[],""schema_version"":""x16-state-v1"",""state_version"":7},""schema_version"":""x16-recovery-input-v1"",""task_policy"":[""Concurrent edits may share one revision only when applying them in either order yields the same state."",""Both edits are retained atomically.""]}",X14 processed one event at a time and had no commutativity test or atomic merge of two external edits.
X16-E02,concurrent external event,"conservative_stop,cancellation,replacement",Abstain on noncommuting cancel and replace events without an order,concurrency|cancel_vs_replace|same_target|noncommuting|missing_total_order|abstain,true,3dce4e4f4d9ea798c3ed4d9941201241e3516a7978269cef2bc04693210c1ed0,"{""case_id"":""X16-E02"",""common_semantic_contract"":{""allowed_reason_codes"":[""AUTHORIZED_TRANSITION"",""DUPLICATE_EVENT"",""EVENT_ID_COLLISION"",""GOAL_ALREADY_SATISFIED"",""INSUFFICIENT_AUTHORITY"",""OWNER_SCOPE_VIOLATION"",""STALE_VERSION"",""VERSION_GAP"",""INSUFFICIENT_SAFETY_EVIDENCE"",""AMBIGUOUS_EVENT_ORDER"",""REPLACEMENT_ALREADY_CURRENT"",""REPLACEMENT_UNAVAILABLE"",""CONTRADICTORY_OBSERVATIONS"",""UNRESOLVED_EVENT_PREMISE"",""IRRELEVANT_WORLD_FACT""],""dispositions"":{""ABSTAIN"":""available evidence does not determine one safe transition"",""APPLY"":""one uniquely licensed persistent-state transition exists"",""NO_OP"":""the event is valid but creates no semantic change"",""REJECT"":""the event is unambiguously invalid under authority, version, identity, or candidate-validity rules""},""safety"":[""REJECT and ABSTAIN never mutate state"",""NO_OP never increments state or evidence versions"",""APPLY must preserve every field not licensed by the event and task policy"",""do not invent missing order, authority, evidence precedence, fallback, or progress""],""schema_version"":""x16-common-semantics-v1""},""event"":{""authority"":100,""base_version"":7,""event_id"":""x16:e02"",""event_type"":""concurrent_merge"",""events"":[{""target"":""route"",""type"":""cancel""},{""destination"":""dock_b"",""replacement_id"":""route_b"",""target"":""route"",""type"":""replace""}],""issuer"":""task_owner"",""ordering"":""unknown"",""world_version"":71},""original_task"":""Abstain on noncommuting cancel and replace events without an order"",""pre_state"":{""actions"":[],""commitments"":[{""arguments"":[""parcel"",""dock_a""],""authority"":100,""id"":""route"",""overridden_by"":[],""owner"":""task_owner"",""predicate"":""delivered"",""requires_all"":[],""requires_any"":[],""status"":""active"",""supersedes"":[]}],""evidence_version"":70,""facts"":{},""processed_events"":[],""progress"":[],""restorations"":[],""schema_version"":""x16-state-v1"",""state_version"":7},""schema_version"":""x16-recovery-input-v1"",""task_policy"":[""Concurrent edits to the same target need a causal order when their results differ by order."",""No issuer precedence or timestamp resolves this pair.""]}",X14 supplied a single totally ordered event; it never required detecting noncommutativity or withholding both edits.
X16-OR01,obsolete replacement,"idempotence,already-satisfied_goal",No-op a replacement whose lineage is already current,obsolete_replace|target_superseded|same_current_descendant|lineage_equivalent|no_op,true,ead010219c893fdcdba18de1c3fa3802a326cc4fe6cd875b1a099b2595a2a03f,"{""case_id"":""X16-OR01"",""common_semantic_contract"":{""allowed_reason_codes"":[""AUTHORIZED_TRANSITION"",""DUPLICATE_EVENT"",""EVENT_ID_COLLISION"",""GOAL_ALREADY_SATISFIED"",""INSUFFICIENT_AUTHORITY"",""OWNER_SCOPE_VIOLATION"",""STALE_VERSION"",""VERSION_GAP"",""INSUFFICIENT_SAFETY_EVIDENCE"",""AMBIGUOUS_EVENT_ORDER"",""REPLACEMENT_ALREADY_CURRENT"",""REPLACEMENT_UNAVAILABLE"",""CONTRADICTORY_OBSERVATIONS"",""UNRESOLVED_EVENT_PREMISE"",""IRRELEVANT_WORLD_FACT""],""dispositions"":{""ABSTAIN"":""available evidence does not determine one safe transition"",""APPLY"":""one uniquely licensed persistent-state transition exists"",""NO_OP"":""the event is valid but creates no semantic change"",""REJECT"":""the event is unambiguously invalid under authority, version, identity, or candidate-validity rules""},""safety"":[""REJECT and ABSTAIN never mutate state"",""NO_OP never increments state or evidence versions"",""APPLY must preserve every field not licensed by the event and task policy"",""do not invent missing order, authority, evidence precedence, fallback, or progress""],""schema_version"":""x16-common-semantics-v1""},""event"":{""authority"":100,""base_version"":7,""event_id"":""x16:or01"",""event_type"":""replace"",""issuer"":""task_owner"",""replacement_arguments"":[""parcel"",""dock_b""],""replacement_id"":""current_route"",""target_id"":""old_route"",""world_version"":71},""original_task"":""No-op a replacement whose lineage is already current"",""pre_state"":{""actions"":[],""commitments"":[{""arguments"":[""parcel"",""dock_a""],""authority"":100,""id"":""old_route"",""overridden_by"":[],""owner"":""task_owner"",""predicate"":""delivered"",""requires_all"":[],""requires_any"":[],""status"":""superseded"",""supersedes"":[]},{""arguments"":[""parcel"",""dock_b""],""authority"":100,""id"":""current_route"",""overridden_by"":[],""owner"":""task_owner"",""predicate"":""delivered"",""requires_all"":[],""requires_any"":[],""status"":""active"",""supersedes"":[""old_route""]}],""evidence_version"":70,""facts"":{},""processed_events"":[],""progress"":[],""restorations"":[],""schema_version"":""x16-state-v1"",""state_version"":7},""schema_version"":""x16-recovery-input-v1"",""task_policy"":[""A replacement request is already satisfied when its exact replacement is the current lineage descendant."",""No new lineage node or revision is created.""]}",X14 replacement always targeted an active pending commitment; it did not test lineage-aware recognition of an already-current replacement.
X16-OR02,obsolete replacement,"replacement,contradictory_observation",Reject a named replacement invalidated by same-version availability evidence,obsolete_replace|candidate_unavailable|fresh_authoritative_fact|replacement_invalid|reject,true,32eb8d066124341082d2063f189dee980544fe0064e3b801bb5374c012ad46c9,"{""case_id"":""X16-OR02"",""common_semantic_contract"":{""allowed_reason_codes"":[""AUTHORIZED_TRANSITION"",""DUPLICATE_EVENT"",""EVENT_ID_COLLISION"",""GOAL_ALREADY_SATISFIED"",""INSUFFICIENT_AUTHORITY"",""OWNER_SCOPE_VIOLATION"",""STALE_VERSION"",""VERSION_GAP"",""INSUFFICIENT_SAFETY_EVIDENCE"",""AMBIGUOUS_EVENT_ORDER"",""REPLACEMENT_ALREADY_CURRENT"",""REPLACEMENT_UNAVAILABLE"",""CONTRADICTORY_OBSERVATIONS"",""UNRESOLVED_EVENT_PREMISE"",""IRRELEVANT_WORLD_FACT""],""dispositions"":{""ABSTAIN"":""available evidence does not determine one safe transition"",""APPLY"":""one uniquely licensed persistent-state transition exists"",""NO_OP"":""the event is valid but creates no semantic change"",""REJECT"":""the event is unambiguously invalid under authority, version, identity, or candidate-validity rules""},""safety"":[""REJECT and ABSTAIN never mutate state"",""NO_OP never increments state or evidence versions"",""APPLY must preserve every field not licensed by the event and task policy"",""do not invent missing order, authority, evidence precedence, fallback, or progress""],""schema_version"":""x16-common-semantics-v1""},""event"":{""authority"":100,""base_version"":7,""event_id"":""x16:or02"",""event_type"":""replace"",""evidence_version"":71,""issuer"":""task_owner"",""replacement_arguments"":[""batch_b"",""clinic""],""replacement_id"":""deliver_batch_b"",""target_id"":""deliver_vaccine"",""world_version"":71},""original_task"":""Reject a named replacement invalidated by same-version availability evidence"",""pre_state"":{""actions"":[],""commitments"":[{""arguments"":[""batch_a"",""clinic""],""authority"":100,""id"":""deliver_vaccine"",""overridden_by"":[],""owner"":""task_owner"",""predicate"":""delivered"",""requires_all"":[],""requires_any"":[],""status"":""active"",""supersedes"":[]}],""evidence_version"":70,""facts"":{""batch_b_available"":false},""processed_events"":[],""progress"":[],""restorations"":[],""schema_version"":""x16-state-v1"",""state_version"":7},""schema_version"":""x16-recovery-input-v1"",""task_policy"":[""A replacement candidate must be available in the event's authoritative world snapshot."",""No unspecified fallback may be invented.""]}",X14 assumed the replacement entity was valid and available; it never qualified the candidate against same-version world evidence.
X16-AS01,already-satisfied goal,idempotence,No-op an ensure request already true in state and world,satisfaction|ensure_existing|commitment_satisfied|world_true|no_op,true,461f4ce3e826a60339539455c961dccfe5f75a3333b27f8639a1ebda1b40f9d2,"{""case_id"":""X16-AS01"",""common_semantic_contract"":{""allowed_reason_codes"":[""AUTHORIZED_TRANSITION"",""DUPLICATE_EVENT"",""EVENT_ID_COLLISION"",""GOAL_ALREADY_SATISFIED"",""INSUFFICIENT_AUTHORITY"",""OWNER_SCOPE_VIOLATION"",""STALE_VERSION"",""VERSION_GAP"",""INSUFFICIENT_SAFETY_EVIDENCE"",""AMBIGUOUS_EVENT_ORDER"",""REPLACEMENT_ALREADY_CURRENT"",""REPLACEMENT_UNAVAILABLE"",""CONTRADICTORY_OBSERVATIONS"",""UNRESOLVED_EVENT_PREMISE"",""IRRELEVANT_WORLD_FACT""],""dispositions"":{""ABSTAIN"":""available evidence does not determine one safe transition"",""APPLY"":""one uniquely licensed persistent-state transition exists"",""NO_OP"":""the event is valid but creates no semantic change"",""REJECT"":""the event is unambiguously invalid under authority, version, identity, or candidate-validity rules""},""safety"":[""REJECT and ABSTAIN never mutate state"",""NO_OP never increments state or evidence versions"",""APPLY must preserve every field not licensed by the event and task policy"",""do not invent missing order, authority, evidence precedence, fallback, or progress""],""schema_version"":""x16-common-semantics-v1""},""event"":{""authority"":100,""base_version"":7,""desired"":true,""event_id"":""x16:as01"",""event_type"":""ensure"",""issuer"":""task_owner"",""target_id"":""ensure_door_closed"",""world_version"":71},""original_task"":""No-op an ensure request already true in state and world"",""pre_state"":{""actions"":[],""commitments"":[{""arguments"":[""door""],""authority"":100,""id"":""ensure_door_closed"",""overridden_by"":[],""owner"":""task_owner"",""predicate"":""closed"",""requires_all"":[],""requires_any"":[],""status"":""satisfied"",""supersedes"":[]}],""evidence_version"":70,""facts"":{""door_closed"":true},""processed_events"":[],""progress"":[],""restorations"":[],""schema_version"":""x16-state-v1"",""state_version"":7},""schema_version"":""x16-recovery-input-v1"",""task_policy"":[""Ensure does not create a revision when both the commitment and current world already satisfy the requested predicate.""]}",X14 no-op was an explicit no_op event; this task derives no-op from agreement between a satisfied commitment and current world fact.
X16-AS02,already-satisfied goal,"replacement,partial_progress_preservation",Commit replacement lineage when the new physical goal is already true,satisfaction|replacement_world_true|supersede_old|insert_satisfied_new|no_action,true,68dd8caa765ef16c3f8087f793eb80e6aaba1decc924d372c93ad398c3584fcd,"{""case_id"":""X16-AS02"",""common_semantic_contract"":{""allowed_reason_codes"":[""AUTHORIZED_TRANSITION"",""DUPLICATE_EVENT"",""EVENT_ID_COLLISION"",""GOAL_ALREADY_SATISFIED"",""INSUFFICIENT_AUTHORITY"",""OWNER_SCOPE_VIOLATION"",""STALE_VERSION"",""VERSION_GAP"",""INSUFFICIENT_SAFETY_EVIDENCE"",""AMBIGUOUS_EVENT_ORDER"",""REPLACEMENT_ALREADY_CURRENT"",""REPLACEMENT_UNAVAILABLE"",""CONTRADICTORY_OBSERVATIONS"",""UNRESOLVED_EVENT_PREMISE"",""IRRELEVANT_WORLD_FACT""],""dispositions"":{""ABSTAIN"":""available evidence does not determine one safe transition"",""APPLY"":""one uniquely licensed persistent-state transition exists"",""NO_OP"":""the event is valid but creates no semantic change"",""REJECT"":""the event is unambiguously invalid under authority, version, identity, or candidate-validity rules""},""safety"":[""REJECT and ABSTAIN never mutate state"",""NO_OP never increments state or evidence versions"",""APPLY must preserve every field not licensed by the event and task policy"",""do not invent missing order, authority, evidence precedence, fallback, or progress""],""schema_version"":""x16-common-semantics-v1""},""event"":{""authority"":100,""base_version"":7,""event_id"":""x16:as02"",""event_type"":""replace"",""issuer"":""task_owner"",""replacement_arguments"":[""robot"",""bay_b""],""replacement_id"":""park_b"",""target_id"":""park_a"",""world_version"":71},""original_task"":""Commit replacement lineage when the new physical goal is already true"",""pre_state"":{""actions"":[],""commitments"":[{""arguments"":[""robot"",""bay_a""],""authority"":100,""id"":""park_a"",""overridden_by"":[],""owner"":""task_owner"",""predicate"":""at"",""requires_all"":[],""requires_any"":[],""status"":""active"",""supersedes"":[]}],""evidence_version"":70,""facts"":{""robot_location"":""bay_b""},""processed_events"":[],""progress"":[],""restorations"":[],""schema_version"":""x16-state-v1"",""state_version"":7},""schema_version"":""x16-recovery-input-v1"",""task_policy"":[""A replacement still updates commitment lineage even when its physical predicate is already true."",""No action is planned for an achieved replacement.""]}",X14 replacement always inserted an active goal and pending action; it did not separate semantic lineage change from zero required physical work.
X16-CO01,contradictory observation,"conservative_stop,world-change release",Abstain on equal-trust mutually exclusive locations,contradiction|two_equal_trust_sensors|exclusive_locations|no_tiebreak|abstain,true,606a8440880bcd7f65d43defa68cf37d7bba3ae88cab89d6ba45dcf9357947c4,"{""case_id"":""X16-CO01"",""common_semantic_contract"":{""allowed_reason_codes"":[""AUTHORIZED_TRANSITION"",""DUPLICATE_EVENT"",""EVENT_ID_COLLISION"",""GOAL_ALREADY_SATISFIED"",""INSUFFICIENT_AUTHORITY"",""OWNER_SCOPE_VIOLATION"",""STALE_VERSION"",""VERSION_GAP"",""INSUFFICIENT_SAFETY_EVIDENCE"",""AMBIGUOUS_EVENT_ORDER"",""REPLACEMENT_ALREADY_CURRENT"",""REPLACEMENT_UNAVAILABLE"",""CONTRADICTORY_OBSERVATIONS"",""UNRESOLVED_EVENT_PREMISE"",""IRRELEVANT_WORLD_FACT""],""dispositions"":{""ABSTAIN"":""available evidence does not determine one safe transition"",""APPLY"":""one uniquely licensed persistent-state transition exists"",""NO_OP"":""the event is valid but creates no semantic change"",""REJECT"":""the event is unambiguously invalid under authority, version, identity, or candidate-validity rules""},""safety"":[""REJECT and ABSTAIN never mutate state"",""NO_OP never increments state or evidence versions"",""APPLY must preserve every field not licensed by the event and task policy"",""do not invent missing order, authority, evidence precedence, fallback, or progress""],""schema_version"":""x16-common-semantics-v1""},""event"":{""authority"":100,""base_version"":7,""event_id"":""x16:co01"",""event_type"":""world_update"",""issuer"":""task_owner"",""observations"":[{""box_location"":""shelf_1"",""source"":""camera_a"",""trust"":0.9},{""box_location"":""shelf_2"",""source"":""camera_b"",""trust"":0.9}],""target_id"":""retrieve_box"",""world_version"":71},""original_task"":""Abstain on equal-trust mutually exclusive locations"",""pre_state"":{""actions"":[],""commitments"":[{""arguments"":[""box""],""authority"":100,""id"":""retrieve_box"",""overridden_by"":[],""owner"":""task_owner"",""predicate"":""retrieved"",""requires_all"":[],""requires_any"":[],""status"":""active"",""supersedes"":[]}],""evidence_version"":70,""facts"":{""box_location"":""unknown""},""processed_events"":[],""progress"":[],""restorations"":[],""schema_version"":""x16-state-v1"",""state_version"":7},""schema_version"":""x16-recovery-input-v1"",""task_policy"":[""A unique grounding needs one location supported above all conflicting alternatives."",""Equal trust supplies no deterministic tie-break.""]}",X14 world facts were single-valued and authoritative; it never exposed equal-trust mutually exclusive observations.
X16-CO02,contradictory observation,"conservative_stop,cancellation",Abstain when an event premise conflicts with same-version signed evidence,contradiction|event_premise_vs_signed_fact|same_version|authority_not_comparable|abstain,true,4530f40d53e733f091a09e6a7e5fa859ec359ef52f689553c3eaece52ade497d,"{""case_id"":""X16-CO02"",""common_semantic_contract"":{""allowed_reason_codes"":[""AUTHORIZED_TRANSITION"",""DUPLICATE_EVENT"",""EVENT_ID_COLLISION"",""GOAL_ALREADY_SATISFIED"",""INSUFFICIENT_AUTHORITY"",""OWNER_SCOPE_VIOLATION"",""STALE_VERSION"",""VERSION_GAP"",""INSUFFICIENT_SAFETY_EVIDENCE"",""AMBIGUOUS_EVENT_ORDER"",""REPLACEMENT_ALREADY_CURRENT"",""REPLACEMENT_UNAVAILABLE"",""CONTRADICTORY_OBSERVATIONS"",""UNRESOLVED_EVENT_PREMISE"",""IRRELEVANT_WORLD_FACT""],""dispositions"":{""ABSTAIN"":""available evidence does not determine one safe transition"",""APPLY"":""one uniquely licensed persistent-state transition exists"",""NO_OP"":""the event is valid but creates no semantic change"",""REJECT"":""the event is unambiguously invalid under authority, version, identity, or candidate-validity rules""},""safety"":[""REJECT and ABSTAIN never mutate state"",""NO_OP never increments state or evidence versions"",""APPLY must preserve every field not licensed by the event and task policy"",""do not invent missing order, authority, evidence precedence, fallback, or progress""],""schema_version"":""x16-common-semantics-v1""},""event"":{""authority"":100,""base_version"":7,""claim"":{""case_present"":false,""source"":""operator""},""event_id"":""x16:co02"",""event_type"":""cancel_if_lost"",""issuer"":""task_owner"",""observations"":{""case_present"":true,""source"":""signed_inventory""},""target_id"":""secure_case"",""world_version"":71},""original_task"":""Abstain when an event premise conflicts with same-version signed evidence"",""pre_state"":{""actions"":[],""commitments"":[{""arguments"":[""case""],""authority"":100,""id"":""secure_case"",""overridden_by"":[],""owner"":""task_owner"",""predicate"":""secured"",""requires_all"":[],""requires_any"":[],""status"":""active"",""supersedes"":[]}],""evidence_version"":70,""facts"":{""case_present"":true},""processed_events"":[],""progress"":[],""restorations"":[],""schema_version"":""x16-state-v1"",""state_version"":7},""schema_version"":""x16-recovery-input-v1"",""task_policy"":[""Conditional cancellation requires its loss premise to be established."",""The event and signed evidence are same-version and no precedence rule is supplied.""]}",X14 cancellation was unconditional and its observations never contradicted the event premise.
X16-IS01,irrelevant-state scaling,"continuity-valid_recovery,partial_progress_preservation",Edit one deadline inside a heterogeneous 25-commitment graph,scaling|25_nodes_heterogeneous|single_relevant_field|preserve_graph_and_8_milestones,true,67afa1128cc5daf474bb5596bc6ba0ef581bdb0b64855d45e85905a048c5f2ae,"{""case_id"":""X16-IS01"",""common_semantic_contract"":{""allowed_reason_codes"":[""AUTHORIZED_TRANSITION"",""DUPLICATE_EVENT"",""EVENT_ID_COLLISION"",""GOAL_ALREADY_SATISFIED"",""INSUFFICIENT_AUTHORITY"",""OWNER_SCOPE_VIOLATION"",""STALE_VERSION"",""VERSION_GAP"",""INSUFFICIENT_SAFETY_EVIDENCE"",""AMBIGUOUS_EVENT_ORDER"",""REPLACEMENT_ALREADY_CURRENT"",""REPLACEMENT_UNAVAILABLE"",""CONTRADICTORY_OBSERVATIONS"",""UNRESOLVED_EVENT_PREMISE"",""IRRELEVANT_WORLD_FACT""],""dispositions"":{""ABSTAIN"":""available evidence does not determine one safe transition"",""APPLY"":""one uniquely licensed persistent-state transition exists"",""NO_OP"":""the event is valid but creates no semantic change"",""REJECT"":""the event is unambiguously invalid under authority, version, identity, or candidate-validity rules""},""safety"":[""REJECT and ABSTAIN never mutate state"",""NO_OP never increments state or evidence versions"",""APPLY must preserve every field not licensed by the event and task policy"",""do not invent missing order, authority, evidence precedence, fallback, or progress""],""schema_version"":""x16-common-semantics-v1""},""event"":{""authority"":100,""base_version"":7,""deadline"":240,""event_id"":""x16:is01"",""event_type"":""tighten_deadline"",""issuer"":""task_owner"",""target_id"":""target_deadline"",""world_version"":71},""original_task"":""Edit one deadline inside a heterogeneous 25-commitment graph"",""pre_state"":{""actions"":[],""commitments"":[{""arguments"":[""critical"",""dock""],""authority"":100,""deadline"":300,""id"":""target_deadline"",""overridden_by"":[],""owner"":""task_owner"",""predicate"":""delivered"",""requires_all"":[],""requires_any"":[],""status"":""active"",""supersedes"":[]},{""arguments"":[""asset_00""],""authority"":100,""id"":""noise_00"",""overridden_by"":[],""owner"":""task_owner"",""predicate"":""maintain"",""requires_all"":[],""requires_any"":[],""status"":""satisfied"",""supersedes"":[]},{""arguments"":[""asset_01""],""authority"":100,""id"":""noise_01"",""overridden_by"":[],""owner"":""task_owner"",""predicate"":""maintain"",""requires_all"":[],""requires_any"":[],""status"":""active"",""supersedes"":[]},{""arguments"":[""asset_02""],""authority"":100,""id"":""noise_02"",""overridden_by"":[],""owner"":""task_owner"",""predicate"":""maintain"",""requires_all"":[],""requires_any"":[],""status"":""active"",""supersedes"":[]},{""arguments"":[""asset_03""],""authority"":100,""id"":""noise_03"",""overridden_by"":[],""owner"":""task_owner"",""predicate"":""maintain"",""requires_all"":[],""requires_any"":[],""status"":""satisfied"",""supersedes"":[]},{""arguments"":[""asset_04""],""authority"":100,""id"":""noise_04"",""overridden_by"":[],""owner"":""task_owner"",""predicate"":""maintain"",""requires_all"":[""noise_03""],""requires_any"":[],""status"":""active"",""supersedes"":[]},{""arguments"":[""asset_05""],""authority"":100,""id"":""noise_05"",""overridden_by"":[],""owner"":""task_owner"",""predicate"":""maintain"",""requires_all"":[],""requires_any"":[],""status"":""active"",""supersedes"":[]},{""arguments"":[""asset_06""],""authority"":100,""id"":""noise_06"",""overridden_by"":[],""owner"":""task_owner"",""predicate"":""maintain"",""requires_all"":[],""requires_any"":[],""status"":""satisfied"",""supersedes"":[]},{""arguments"":[""asset_07""],""authority"":100,""id"":""noise_07"",""overridden_by"":[],""owner"":""task_owner"",""predicate"":""maintain"",""requires_all"":[],""requires_any"":[],""status"":""active"",""supersedes"":[]},{""arguments"":[""asset_08""],""authority"":100,""id"":""noise_08"",""overridden_by"":[],""owner"":""task_owner"",""predicate"":""maintain"",""requires_all"":[""noise_07""],""requires_any"":[],""status"":""active"",""supersedes"":[]},{""arguments"":[""asset_09""],""authority"":100,""id"":""noise_09"",""overridden_by"":[],""owner"":""task_owner"",""predicate"":""maintain"",""requires_all"":[],""requires_any"":[],""status"":""satisfied"",""supersedes"":[]},{""arguments"":[""asset_10""],""authority"":100,""id"":""noise_10"",""overridden_by"":[],""owner"":""task_owner"",""predicate"":""maintain"",""requires_all"":[],""requires_any"":[],""status"":""active"",""supersedes"":[]},{""arguments"":[""asset_11""],""authority"":100,""id"":""noise_11"",""overridden_by"":[],""owner"":""task_owner"",""predicate"":""maintain"",""requires_all"":[],""requires_any"":[],""status"":""active"",""supersedes"":[]},{""arguments"":[""asset_12""],""authority"":100,""id"":""noise_12"",""overridden_by"":[],""owner"":""task_owner"",""predicate"":""maintain"",""requires_all"":[""noise_11""],""requires_any"":[],""status"":""satisfied"",""supersedes"":[]},{""arguments"":[""asset_13""],""authority"":100,""id"":""noise_13"",""overridden_by"":[],""owner"":""task_owner"",""predicate"":""maintain"",""requires_all"":[],""requires_any"":[],""status"":""active"",""supersedes"":[]},{""arguments"":[""asset_14""],""authority"":100,""id"":""noise_14"",""overridden_by"":[],""owner"":""task_owner"",""predicate"":""maintain"",""requires_all"":[],""requires_any"":[],""status"":""active"",""supersedes"":[]},{""arguments"":[""asset_15""],""authority"":100,""id"":""noise_15"",""overridden_by"":[],""owner"":""task_owner"",""predicate"":""maintain"",""requires_all"":[],""requires_any"":[],""status"":""satisfied"",""supersedes"":[]},{""arguments"":[""asset_16""],""authority"":100,""id"":""noise_16"",""overridden_by"":[],""owner"":""task_owner"",""predicate"":""maintain"",""requires_all"":[""noise_15""],""requires_any"":[],""status"":""active"",""supersedes"":[]},{""arguments"":[""asset_17""],""authority"":100,""id"":""noise_17"",""overridden_by"":[],""owner"":""task_owner"",""predicate"":""maintain"",""requires_all"":[],""requires_any"":[],""status"":""active"",""supersedes"":[]},{""arguments"":[""asset_18""],""authority"":100,""id"":""noise_18"",""overridden_by"":[],""owner"":""task_owner"",""predicate"":""maintain"",""requires_all"":[],""requires_any"":[],""status"":""satisfied"",""supersedes"":[]},{""arguments"":[""asset_19""],""authority"":100,""id"":""noise_19"",""overridden_by"":[],""owner"":""task_owner"",""predicate"":""maintain"",""requires_all"":[],""requires_any"":[],""status"":""active"",""supersedes"":[]},{""arguments"":[""asset_20""],""authority"":100,""id"":""noise_20"",""overridden_by"":[],""owner"":""task_owner"",""predicate"":""maintain"",""requires_all"":[""noise_19""],""requires_any"":[],""status"":""active"",""supersedes"":[]},{""arguments"":[""asset_21""],""authority"":100,""id"":""noise_21"",""overridden_by"":[],""owner"":""task_owner"",""predicate"":""maintain"",""requires_all"":[],""requires_any"":[],""status"":""satisfied"",""supersedes"":[]},{""arguments"":[""asset_22""],""authority"":100,""id"":""noise_22"",""overridden_by"":[],""owner"":""task_owner"",""predicate"":""maintain"",""requires_all"":[],""requires_any"":[],""status"":""active"",""supersedes"":[]},{""arguments"":[""asset_23""],""authority"":100,""id"":""noise_23"",""overridden_by"":[],""owner"":""task_owner"",""predicate"":""maintain"",""requires_all"":[],""requires_any"":[],""status"":""active"",""supersedes"":[]}],""evidence_version"":70,""facts"":{},""processed_events"":[],""progress"":[{""achieved"":true,""goal_relevant"":true,""id"":""noise_ms_00"",""physically_valid"":true},{""achieved"":true,""goal_relevant"":true,""id"":""noise_ms_01"",""physically_valid"":true},{""achieved"":true,""goal_relevant"":true,""id"":""noise_ms_02"",""physically_valid"":true},{""achieved"":true,""goal_relevant"":true,""id"":""noise_ms_03"",""physically_valid"":true},{""achieved"":true,""goal_relevant"":true,""id"":""noise_ms_04"",""physically_valid"":true},{""achieved"":true,""goal_relevant"":true,""id"":""noise_ms_05"",""physically_valid"":true},{""achieved"":true,""goal_relevant"":true,""id"":""noise_ms_06"",""physically_valid"":true},{""achieved"":true,""goal_relevant"":true,""id"":""noise_ms_07"",""physically_valid"":true}],""restorations"":[],""schema_version"":""x16-state-v1"",""state_version"":7},""schema_version"":""x16-recovery-input-v1"",""task_policy"":[""Only the named commitment is in the event write scope."",""All unrelated statuses, edges, and progress records are persistent.""]}",X14 appended homogeneous satisfied noise bundles; this task uses a mixed-status dependency graph and edits one relevant field without copying or flattening it.
X16-IS02,irrelevant-state scaling,"already-satisfied_goal,idempotence",No-op a large shared-resource observation proven irrelevant by capacity margin,scaling|20_shared_resource_dependents|capacity_unchanged|margin_proof|no_op,true,6890bd3dd48f0908d36629eeb4d57367ee1e057fbb408a673202e8ff7c5055db,"{""case_id"":""X16-IS02"",""common_semantic_contract"":{""allowed_reason_codes"":[""AUTHORIZED_TRANSITION"",""DUPLICATE_EVENT"",""EVENT_ID_COLLISION"",""GOAL_ALREADY_SATISFIED"",""INSUFFICIENT_AUTHORITY"",""OWNER_SCOPE_VIOLATION"",""STALE_VERSION"",""VERSION_GAP"",""INSUFFICIENT_SAFETY_EVIDENCE"",""AMBIGUOUS_EVENT_ORDER"",""REPLACEMENT_ALREADY_CURRENT"",""REPLACEMENT_UNAVAILABLE"",""CONTRADICTORY_OBSERVATIONS"",""UNRESOLVED_EVENT_PREMISE"",""IRRELEVANT_WORLD_FACT""],""dispositions"":{""ABSTAIN"":""available evidence does not determine one safe transition"",""APPLY"":""one uniquely licensed persistent-state transition exists"",""NO_OP"":""the event is valid but creates no semantic change"",""REJECT"":""the event is unambiguously invalid under authority, version, identity, or candidate-validity rules""},""safety"":[""REJECT and ABSTAIN never mutate state"",""NO_OP never increments state or evidence versions"",""APPLY must preserve every field not licensed by the event and task policy"",""do not invent missing order, authority, evidence precedence, fallback, or progress""],""schema_version"":""x16-common-semantics-v1""},""event"":{""allocated"":40,""authority"":100,""base_version"":7,""event_id"":""x16:is02"",""event_type"":""capacity_observation"",""issuer"":""task_owner"",""observed_capacity"":64,""resource"":""bus"",""world_version"":71},""original_task"":""No-op a large shared-resource observation proven irrelevant by capacity margin"",""pre_state"":{""actions"":[],""commitments"":[{""arguments"":[""bus"",2],""authority"":100,""id"":""load_00"",""overridden_by"":[],""owner"":""task_owner"",""predicate"":""uses_capacity"",""requires_all"":[],""requires_any"":[],""status"":""active"",""supersedes"":[]},{""arguments"":[""bus"",2],""authority"":100,""id"":""load_01"",""overridden_by"":[],""owner"":""task_owner"",""predicate"":""uses_capacity"",""requires_all"":[],""requires_any"":[],""status"":""active"",""supersedes"":[]},{""arguments"":[""bus"",2],""authority"":100,""id"":""load_02"",""overridden_by"":[],""owner"":""task_owner"",""predicate"":""uses_capacity"",""requires_all"":[],""requires_any"":[],""status"":""active"",""supersedes"":[]},{""arguments"":[""bus"",2],""authority"":100,""id"":""load_03"",""overridden_by"":[],""owner"":""task_owner"",""predicate"":""uses_capacity"",""requires_all"":[],""requires_any"":[],""status"":""active"",""supersedes"":[]},{""arguments"":[""bus"",2],""authority"":100,""id"":""load_04"",""overridden_by"":[],""owner"":""task_owner"",""predicate"":""uses_capacity"",""requires_all"":[],""requires_any"":[],""status"":""active"",""supersedes"":[]},{""arguments"":[""bus"",2],""authority"":100,""id"":""load_05"",""overridden_by"":[],""owner"":""task_owner"",""predicate"":""uses_capacity"",""requires_all"":[],""requires_any"":[],""status"":""active"",""supersedes"":[]},{""arguments"":[""bus"",2],""authority"":100,""id"":""load_06"",""overridden_by"":[],""owner"":""task_owner"",""predicate"":""uses_capacity"",""requires_all"":[],""requires_any"":[],""status"":""active"",""supersedes"":[]},{""arguments"":[""bus"",2],""authority"":100,""id"":""load_07"",""overridden_by"":[],""owner"":""task_owner"",""predicate"":""uses_capacity"",""requires_all"":[],""requires_any"":[],""status"":""active"",""supersedes"":[]},{""arguments"":[""bus"",2],""authority"":100,""id"":""load_08"",""overridden_by"":[],""owner"":""task_owner"",""predicate"":""uses_capacity"",""requires_all"":[],""requires_any"":[],""status"":""active"",""supersedes"":[]},{""arguments"":[""bus"",2],""authority"":100,""id"":""load_09"",""overridden_by"":[],""owner"":""task_owner"",""predicate"":""uses_capacity"",""requires_all"":[],""requires_any"":[],""status"":""active"",""supersedes"":[]},{""arguments"":[""bus"",2],""authority"":100,""id"":""load_10"",""overridden_by"":[],""owner"":""task_owner"",""predicate"":""uses_capacity"",""requires_all"":[],""requires_any"":[],""status"":""active"",""supersedes"":[]},{""arguments"":[""bus"",2],""authority"":100,""id"":""load_11"",""overridden_by"":[],""owner"":""task_owner"",""predicate"":""uses_capacity"",""requires_all"":[],""requires_any"":[],""status"":""active"",""supersedes"":[]},{""arguments"":[""bus"",2],""authority"":100,""id"":""load_12"",""overridden_by"":[],""owner"":""task_owner"",""predicate"":""uses_capacity"",""requires_all"":[],""requires_any"":[],""status"":""active"",""supersedes"":[]},{""arguments"":[""bus"",2],""authority"":100,""id"":""load_13"",""overridden_by"":[],""owner"":""task_owner"",""predicate"":""uses_capacity"",""requires_all"":[],""requires_any"":[],""status"":""active"",""supersedes"":[]},{""arguments"":[""bus"",2],""authority"":100,""id"":""load_14"",""overridden_by"":[],""owner"":""task_owner"",""predicate"":""uses_capacity"",""requires_all"":[],""requires_any"":[],""status"":""active"",""supersedes"":[]},{""arguments"":[""bus"",2],""authority"":100,""id"":""load_15"",""overridden_by"":[],""owner"":""task_owner"",""predicate"":""uses_capacity"",""requires_all"":[],""requires_any"":[],""status"":""active"",""supersedes"":[]},{""arguments"":[""bus"",2],""authority"":100,""id"":""load_16"",""overridden_by"":[],""owner"":""task_owner"",""predicate"":""uses_capacity"",""requires_all"":[],""requires_any"":[],""status"":""active"",""supersedes"":[]},{""arguments"":[""bus"",2],""authority"":100,""id"":""load_17"",""overridden_by"":[],""owner"":""task_owner"",""predicate"":""uses_capacity"",""requires_all"":[],""requires_any"":[],""status"":""active"",""supersedes"":[]},{""arguments"":[""bus"",2],""authority"":100,""id"":""load_18"",""overridden_by"":[],""owner"":""task_owner"",""predicate"":""uses_capacity"",""requires_all"":[],""requires_any"":[],""status"":""active"",""supersedes"":[]},{""arguments"":[""bus"",2],""authority"":100,""id"":""load_19"",""overridden_by"":[],""owner"":""task_owner"",""predicate"":""uses_capacity"",""requires_all"":[],""requires_any"":[],""status"":""active"",""supersedes"":[]},{""arguments"":[""bus"",20],""authority"":100,""id"":""reserve"",""overridden_by"":[],""owner"":""task_owner"",""predicate"":""capacity_margin"",""requires_all"":[],""requires_any"":[],""status"":""satisfied"",""supersedes"":[]}],""evidence_version"":70,""facts"":{""allocated"":40,""bus_capacity"":64},""processed_events"":[],""progress"":[],""restorations"":[],""schema_version"":""x16-state-v1"",""state_version"":7},""schema_version"":""x16-recovery-input-v1"",""task_policy"":[""A capacity observation changes commitments only if allocated demand exceeds observed capacity."",""The current observation matches stored capacity and retains positive margin.""]}",X14 irrelevant change named an unrelated sibling and advanced evidence; this case requires an aggregate capacity proof across 20 dependents and correctly avoids a revision.
X16-X01,compound atomic transition,"cancellation,release,partial_progress_preservation",Atomically cancel one goal while releasing an unrelated hold,compound|cancel_plus_release|disjoint_targets|atomic_commit|preserve_completed_sibling,true,54b02b55095bb69fb955796fcdb783fe84ca90d8f2807b6887dacc68cf4bdbd9,"{""case_id"":""X16-X01"",""common_semantic_contract"":{""allowed_reason_codes"":[""AUTHORIZED_TRANSITION"",""DUPLICATE_EVENT"",""EVENT_ID_COLLISION"",""GOAL_ALREADY_SATISFIED"",""INSUFFICIENT_AUTHORITY"",""OWNER_SCOPE_VIOLATION"",""STALE_VERSION"",""VERSION_GAP"",""INSUFFICIENT_SAFETY_EVIDENCE"",""AMBIGUOUS_EVENT_ORDER"",""REPLACEMENT_ALREADY_CURRENT"",""REPLACEMENT_UNAVAILABLE"",""CONTRADICTORY_OBSERVATIONS"",""UNRESOLVED_EVENT_PREMISE"",""IRRELEVANT_WORLD_FACT""],""dispositions"":{""ABSTAIN"":""available evidence does not determine one safe transition"",""APPLY"":""one uniquely licensed persistent-state transition exists"",""NO_OP"":""the event is valid but creates no semantic change"",""REJECT"":""the event is unambiguously invalid under authority, version, identity, or candidate-validity rules""},""safety"":[""REJECT and ABSTAIN never mutate state"",""NO_OP never increments state or evidence versions"",""APPLY must preserve every field not licensed by the event and task policy"",""do not invent missing order, authority, evidence precedence, fallback, or progress""],""schema_version"":""x16-common-semantics-v1""},""event"":{""authority"":100,""base_version"":7,""clauses"":[{""target"":""deliver_b"",""type"":""cancel""},{""override"":""weather_hold"",""target"":""deliver_c"",""type"":""release""}],""event_id"":""x16:x01"",""event_type"":""compound"",""issuer"":""task_owner"",""world_version"":71},""original_task"":""Atomically cancel one goal while releasing an unrelated hold"",""pre_state"":{""actions"":[],""commitments"":[{""arguments"":[""a"",""dock""],""authority"":100,""id"":""deliver_a"",""overridden_by"":[],""owner"":""task_owner"",""predicate"":""delivered"",""requires_all"":[],""requires_any"":[],""status"":""satisfied"",""supersedes"":[]},{""arguments"":[""b"",""dock""],""authority"":100,""id"":""deliver_b"",""overridden_by"":[],""owner"":""task_owner"",""predicate"":""delivered"",""requires_all"":[],""requires_any"":[],""status"":""active"",""supersedes"":[]},{""arguments"":[""yard""],""authority"":100,""id"":""weather_hold"",""overridden_by"":[],""owner"":""task_owner"",""predicate"":""prohibit"",""priority"":200,""requires_all"":[],""requires_any"":[],""status"":""active"",""supersedes"":[]},{""arguments"":[""c"",""dock""],""authority"":100,""id"":""deliver_c"",""overridden_by"":[""weather_hold""],""owner"":""task_owner"",""predicate"":""delivered"",""requires_all"":[],""requires_any"":[],""status"":""suspended"",""supersedes"":[]}],""evidence_version"":70,""facts"":{},""processed_events"":[],""progress"":[{""achieved"":true,""goal_relevant"":true,""id"":""a_done"",""physically_valid"":true}],""restorations"":[{""id"":""restore_c"",""override_id"":""weather_hold"",""rank"":1,""target_id"":""deliver_c""}],""schema_version"":""x16-state-v1"",""state_version"":7},""schema_version"":""x16-recovery-input-v1"",""task_policy"":[""All authorized clauses in a compound event commit atomically."",""Disjoint cancellation and release effects are both retained.""]}",No X14 template combined two authorized semantic operations in one atomic event or tested all-or-nothing multi-target commitment editing.
X16-X02,compound atomic transition,"override,replacement,continuity_conflict,multi-commitment_dependency",Override a route and install its authorized replacement atomically,compound|override_plus_replace|same_target|cancel_old_action|rebind_goal|insert_new_action,true,bd6331d2a3101b14199a0eb39a7e50ca6591f65bcdb11a193a1f6b34adb45b20,"{""case_id"":""X16-X02"",""common_semantic_contract"":{""allowed_reason_codes"":[""AUTHORIZED_TRANSITION"",""DUPLICATE_EVENT"",""EVENT_ID_COLLISION"",""GOAL_ALREADY_SATISFIED"",""INSUFFICIENT_AUTHORITY"",""OWNER_SCOPE_VIOLATION"",""STALE_VERSION"",""VERSION_GAP"",""INSUFFICIENT_SAFETY_EVIDENCE"",""AMBIGUOUS_EVENT_ORDER"",""REPLACEMENT_ALREADY_CURRENT"",""REPLACEMENT_UNAVAILABLE"",""CONTRADICTORY_OBSERVATIONS"",""UNRESOLVED_EVENT_PREMISE"",""IRRELEVANT_WORLD_FACT""],""dispositions"":{""ABSTAIN"":""available evidence does not determine one safe transition"",""APPLY"":""one uniquely licensed persistent-state transition exists"",""NO_OP"":""the event is valid but creates no semantic change"",""REJECT"":""the event is unambiguously invalid under authority, version, identity, or candidate-validity rules""},""safety"":[""REJECT and ABSTAIN never mutate state"",""NO_OP never increments state or evidence versions"",""APPLY must preserve every field not licensed by the event and task policy"",""do not invent missing order, authority, evidence precedence, fallback, or progress""],""schema_version"":""x16-common-semantics-v1""},""event"":{""authority"":100,""base_version"":7,""clauses"":[{""override"":""lane_a_closed"",""target"":""use_lane_a"",""type"":""override""},{""replacement"":""use_lane_b"",""target"":""use_lane_a"",""type"":""replace""}],""event_id"":""x16:x02"",""event_type"":""compound"",""issuer"":""task_owner"",""world_version"":71},""original_task"":""Override a route and install its authorized replacement atomically"",""pre_state"":{""actions"":[{""commitment_id"":""use_lane_a"",""id"":""drive_lane_a"",""progress"":25,""reversible"":true,""status"":""executing"",""stop_reason"":null}],""commitments"":[{""arguments"":[""lane_a""],""authority"":100,""id"":""use_lane_a"",""overridden_by"":[],""owner"":""task_owner"",""predicate"":""traverse"",""requires_all"":[],""requires_any"":[],""status"":""active"",""supersedes"":[]},{""arguments"":[""robot"",""goal""],""authority"":100,""id"":""reach_goal"",""overridden_by"":[],""owner"":""task_owner"",""predicate"":""at"",""requires_all"":[""use_lane_a""],""requires_any"":[],""status"":""active"",""supersedes"":[]}],""evidence_version"":70,""facts"":{""lane_b_open"":true},""processed_events"":[],""progress"":[],""restorations"":[],""schema_version"":""x16-state-v1"",""state_version"":7},""schema_version"":""x16-recovery-input-v1"",""task_policy"":[""The closure suspends the old route and the same compound event authorizes a replacement."",""The executing old-route action stops before a new-route action is installed.""]}","No X14 template combined override, replacement, dependency rebinding, old-action cancellation, and new-action insertion in one atomic transition."
