case_id,disposition,reason_code,execution_directive,oracle_post_state_sha256,oracle_post_state_json,cope_oracle_json,compact_tx_oracle_json,fsr_pc_oracle_json
X16-C01,APPLY,AUTHORIZED_TRANSITION,HALT,fdcb0aaba6d998bc40a95caea704302c2e1e5d1070a6f1392b8ebe86d339cc0b,"{""actions"":[{""commitment_id"":""inspect"",""id"":""inspect_valve"",""progress"":0,""reversible"":true,""status"":""cancelled"",""stop_reason"":""root commitment cancelled""}],""commitments"":[{""arguments"":[""valve""],""authority"":100,""id"":""inspect"",""overridden_by"":[],""owner"":""task_owner"",""predicate"":""inspected"",""requires_all"":[],""requires_any"":[],""status"":""cancelled"",""supersedes"":[]},{""arguments"":[""valve""],""authority"":100,""id"":""seal"",""overridden_by"":[],""owner"":""task_owner"",""predicate"":""sealed"",""requires_all"":[""inspect""],""requires_any"":[],""status"":""blocked"",""supersedes"":[]},{""arguments"":[""line""],""authority"":100,""id"":""pressurize"",""overridden_by"":[],""owner"":""task_owner"",""predicate"":""pressurized"",""requires_all"":[""seal""],""requires_any"":[],""status"":""blocked"",""supersedes"":[]}],""evidence_version"":71,""facts"":{},""processed_events"":[{""event_id"":""x16:c01"",""payload_sha256"":""06b5aaaedda15087448b0435966d4697ce4e99c5ac1a7bad45516d547460a9db""}],""progress"":[],""restorations"":[],""schema_version"":""x16-state-v1"",""state_version"":8}","{""base_version"":7,""disposition"":""APPLY"",""event_id"":""x16:c01"",""operations"":[{""op"":""SetCommitmentStatus"",""status"":""cancelled"",""target_id"":""inspect""},{""op"":""SetCommitmentStatus"",""status"":""blocked"",""target_id"":""seal""},{""op"":""SetCommitmentStatus"",""status"":""blocked"",""target_id"":""pressurize""},{""fields"":{""status"":""cancelled"",""stop_reason"":""root commitment cancelled""},""op"":""SetAction"",""target_id"":""inspect_valve""},{""op"":""CommitEvent""}],""reason_code"":""AUTHORIZED_TRANSITION"",""schema_version"":""x16-cope-patch-v1""}","{""base_version"":7,""disposition"":""APPLY"",""event_id"":""x16:c01"",""reason_code"":""AUTHORIZED_TRANSITION"",""schema_version"":""x16-compact-tx-v1"",""writes"":[{""op"":""replace"",""path"":""/commitments/inspect/status"",""value"":""cancelled""},{""op"":""replace"",""path"":""/commitments/seal/status"",""value"":""blocked""},{""op"":""replace"",""path"":""/commitments/pressurize/status"",""value"":""blocked""},{""op"":""replace"",""path"":""/actions/inspect_valve/status"",""value"":""cancelled""},{""op"":""replace"",""path"":""/actions/inspect_valve/stop_reason"",""value"":""root commitment cancelled""},{""op"":""add"",""path"":""/processed_events/+/x16:c01"",""value"":{""event_id"":""x16:c01"",""payload_sha256"":""06b5aaaedda15087448b0435966d4697ce4e99c5ac1a7bad45516d547460a9db""}},{""op"":""replace"",""path"":""/state_version"",""value"":8},{""op"":""replace"",""path"":""/evidence_version"",""value"":71}]}","{""base_version"":7,""disposition"":""APPLY"",""event_id"":""x16:c01"",""reason_code"":""AUTHORIZED_TRANSITION"",""schema_version"":""x16-fsr-pc-v1"",""state"":{""actions"":[{""commitment_id"":""inspect"",""id"":""inspect_valve"",""progress"":0,""reversible"":true,""status"":""cancelled"",""stop_reason"":""root commitment cancelled""}],""commitments"":[{""arguments"":[""valve""],""authority"":100,""id"":""inspect"",""overridden_by"":[],""owner"":""task_owner"",""predicate"":""inspected"",""requires_all"":[],""requires_any"":[],""status"":""cancelled"",""supersedes"":[]},{""arguments"":[""valve""],""authority"":100,""id"":""seal"",""overridden_by"":[],""owner"":""task_owner"",""predicate"":""sealed"",""requires_all"":[""inspect""],""requires_any"":[],""status"":""blocked"",""supersedes"":[]},{""arguments"":[""line""],""authority"":100,""id"":""pressurize"",""overridden_by"":[],""owner"":""task_owner"",""predicate"":""pressurized"",""requires_all"":[""seal""],""requires_any"":[],""status"":""blocked"",""supersedes"":[]}],""evidence_version"":71,""facts"":{},""processed_events"":[{""event_id"":""x16:c01"",""payload_sha256"":""06b5aaaedda15087448b0435966d4697ce4e99c5ac1a7bad45516d547460a9db""}],""progress"":[],""restorations"":[],""schema_version"":""x16-state-v1"",""state_version"":8}}"
X16-C02,APPLY,AUTHORIZED_TRANSITION,PLAN:classify,4ce52cde9af038f740448b6a6f371ea99acf00b1d2a32d2073dfb17b41f553e1,"{""actions"":[],""commitments"":[{""arguments"":[""bin"",""camera_a""],""authority"":100,""id"":""scan_a"",""overridden_by"":[],""owner"":""task_owner"",""predicate"":""scanned"",""requires_all"":[],""requires_any"":[],""status"":""cancelled"",""supersedes"":[]},{""arguments"":[""bin"",""camera_b""],""authority"":100,""id"":""scan_b"",""overridden_by"":[],""owner"":""task_owner"",""predicate"":""scanned"",""requires_all"":[],""requires_any"":[],""status"":""satisfied"",""supersedes"":[]},{""arguments"":[""bin""],""authority"":100,""id"":""classify"",""overridden_by"":[],""owner"":""task_owner"",""predicate"":""classified"",""requires_all"":[],""requires_any"":[""scan_b""],""status"":""active"",""supersedes"":[]}],""evidence_version"":71,""facts"":{},""processed_events"":[{""event_id"":""x16:c02"",""payload_sha256"":""0960b7d5a439e8d6e41114a8be14742f49275871d2765c2b61bbf73eacf3ef8e""}],""progress"":[{""achieved"":true,""goal_relevant"":true,""id"":""scan_b_done"",""physically_valid"":true}],""restorations"":[],""schema_version"":""x16-state-v1"",""state_version"":8}","{""base_version"":7,""disposition"":""APPLY"",""event_id"":""x16:c02"",""operations"":[{""op"":""SetCommitmentStatus"",""status"":""cancelled"",""target_id"":""scan_a""},{""field"":""requires_any"",""op"":""SetCommitmentField"",""target_id"":""classify"",""value"":[""scan_b""]},{""op"":""CommitEvent""}],""reason_code"":""AUTHORIZED_TRANSITION"",""schema_version"":""x16-cope-patch-v1""}","{""base_version"":7,""disposition"":""APPLY"",""event_id"":""x16:c02"",""reason_code"":""AUTHORIZED_TRANSITION"",""schema_version"":""x16-compact-tx-v1"",""writes"":[{""op"":""replace"",""path"":""/commitments/scan_a/status"",""value"":""cancelled""},{""op"":""replace"",""path"":""/commitments/classify/requires_any"",""value"":[""scan_b""]},{""op"":""add"",""path"":""/processed_events/+/x16:c02"",""value"":{""event_id"":""x16:c02"",""payload_sha256"":""0960b7d5a439e8d6e41114a8be14742f49275871d2765c2b61bbf73eacf3ef8e""}},{""op"":""replace"",""path"":""/state_version"",""value"":8},{""op"":""replace"",""path"":""/evidence_version"",""value"":71}]}","{""base_version"":7,""disposition"":""APPLY"",""event_id"":""x16:c02"",""reason_code"":""AUTHORIZED_TRANSITION"",""schema_version"":""x16-fsr-pc-v1"",""state"":{""actions"":[],""commitments"":[{""arguments"":[""bin"",""camera_a""],""authority"":100,""id"":""scan_a"",""overridden_by"":[],""owner"":""task_owner"",""predicate"":""scanned"",""requires_all"":[],""requires_any"":[],""status"":""cancelled"",""supersedes"":[]},{""arguments"":[""bin"",""camera_b""],""authority"":100,""id"":""scan_b"",""overridden_by"":[],""owner"":""task_owner"",""predicate"":""scanned"",""requires_all"":[],""requires_any"":[],""status"":""satisfied"",""supersedes"":[]},{""arguments"":[""bin""],""authority"":100,""id"":""classify"",""overridden_by"":[],""owner"":""task_owner"",""predicate"":""classified"",""requires_all"":[],""requires_any"":[""scan_b""],""status"":""active"",""supersedes"":[]}],""evidence_version"":71,""facts"":{},""processed_events"":[{""event_id"":""x16:c02"",""payload_sha256"":""0960b7d5a439e8d6e41114a8be14742f49275871d2765c2b61bbf73eacf3ef8e""}],""progress"":[{""achieved"":true,""goal_relevant"":true,""id"":""scan_b_done"",""physically_valid"":true}],""restorations"":[],""schema_version"":""x16-state-v1"",""state_version"":8}}"
X16-O01,APPLY,AUTHORIZED_TRANSITION,CANCEL:move_tray,a6b593379e896a9bc4e34e639060e0c7a63123d25a5f08098d47c11c950022e6,"{""actions"":[{""commitment_id"":""load"",""id"":""move_tray"",""progress"":40,""reversible"":true,""status"":""cancelled"",""stop_reason"":""station lock""}],""commitments"":[{""arguments"":[""tray""],""authority"":100,""id"":""sterilize"",""overridden_by"":[],""owner"":""task_owner"",""predicate"":""sterilized"",""requires_all"":[],""requires_any"":[],""status"":""active"",""supersedes"":[]},{""arguments"":[""tray"",""station""],""authority"":100,""id"":""load"",""overridden_by"":[""lock_station""],""owner"":""task_owner"",""predicate"":""loaded"",""requires_all"":[""sterilize""],""requires_any"":[],""status"":""suspended"",""supersedes"":[]},{""arguments"":[""station""],""authority"":100,""id"":""lock_station"",""overridden_by"":[],""owner"":""task_owner"",""predicate"":""prohibit_entry"",""priority"":200,""requires_all"":[],""requires_any"":[],""status"":""active"",""supersedes"":[]}],""evidence_version"":71,""facts"":{},""processed_events"":[{""event_id"":""x16:o01"",""payload_sha256"":""b99fdd4c96ad5c10fd78cece101cfbfc074a19f6582f1fdff743c75eda11f343""}],""progress"":[],""restorations"":[{""id"":""restore_load"",""override_id"":""lock_station"",""rank"":1,""target_id"":""load""}],""schema_version"":""x16-state-v1"",""state_version"":8}","{""base_version"":7,""disposition"":""APPLY"",""event_id"":""x16:o01"",""operations"":[{""op"":""SetCommitmentStatus"",""status"":""suspended"",""target_id"":""load""},{""field"":""overridden_by"",""op"":""SetCommitmentField"",""target_id"":""load"",""value"":[""lock_station""]},{""op"":""InsertCommitment"",""record"":{""arguments"":[""station""],""authority"":100,""id"":""lock_station"",""overridden_by"":[],""owner"":""task_owner"",""predicate"":""prohibit_entry"",""priority"":200,""requires_all"":[],""requires_any"":[],""status"":""active"",""supersedes"":[]}},{""fields"":{""status"":""cancelled"",""stop_reason"":""station lock""},""op"":""SetAction"",""target_id"":""move_tray""},{""op"":""AddRestoration"",""record"":{""id"":""restore_load"",""override_id"":""lock_station"",""rank"":1,""target_id"":""load""}},{""op"":""CommitEvent""}],""reason_code"":""AUTHORIZED_TRANSITION"",""schema_version"":""x16-cope-patch-v1""}","{""base_version"":7,""disposition"":""APPLY"",""event_id"":""x16:o01"",""reason_code"":""AUTHORIZED_TRANSITION"",""schema_version"":""x16-compact-tx-v1"",""writes"":[{""op"":""replace"",""path"":""/commitments/load/status"",""value"":""suspended""},{""op"":""replace"",""path"":""/commitments/load/overridden_by"",""value"":[""lock_station""]},{""op"":""add"",""path"":""/commitments/+/lock_station"",""value"":{""arguments"":[""station""],""authority"":100,""id"":""lock_station"",""overridden_by"":[],""owner"":""task_owner"",""predicate"":""prohibit_entry"",""priority"":200,""requires_all"":[],""requires_any"":[],""status"":""active"",""supersedes"":[]}},{""op"":""replace"",""path"":""/actions/move_tray/status"",""value"":""cancelled""},{""op"":""replace"",""path"":""/actions/move_tray/stop_reason"",""value"":""station lock""},{""op"":""replace"",""path"":""/restorations"",""value"":[{""id"":""restore_load"",""override_id"":""lock_station"",""rank"":1,""target_id"":""load""}]},{""op"":""add"",""path"":""/processed_events/+/x16:o01"",""value"":{""event_id"":""x16:o01"",""payload_sha256"":""b99fdd4c96ad5c10fd78cece101cfbfc074a19f6582f1fdff743c75eda11f343""}},{""op"":""replace"",""path"":""/state_version"",""value"":8},{""op"":""replace"",""path"":""/evidence_version"",""value"":71}]}","{""base_version"":7,""disposition"":""APPLY"",""event_id"":""x16:o01"",""reason_code"":""AUTHORIZED_TRANSITION"",""schema_version"":""x16-fsr-pc-v1"",""state"":{""actions"":[{""commitment_id"":""load"",""id"":""move_tray"",""progress"":40,""reversible"":true,""status"":""cancelled"",""stop_reason"":""station lock""}],""commitments"":[{""arguments"":[""tray""],""authority"":100,""id"":""sterilize"",""overridden_by"":[],""owner"":""task_owner"",""predicate"":""sterilized"",""requires_all"":[],""requires_any"":[],""status"":""active"",""supersedes"":[]},{""arguments"":[""tray"",""station""],""authority"":100,""id"":""load"",""overridden_by"":[""lock_station""],""owner"":""task_owner"",""predicate"":""loaded"",""requires_all"":[""sterilize""],""requires_any"":[],""status"":""suspended"",""supersedes"":[]},{""arguments"":[""station""],""authority"":100,""id"":""lock_station"",""overridden_by"":[],""owner"":""task_owner"",""predicate"":""prohibit_entry"",""priority"":200,""requires_all"":[],""requires_any"":[],""status"":""active"",""supersedes"":[]}],""evidence_version"":71,""facts"":{},""processed_events"":[{""event_id"":""x16:o01"",""payload_sha256"":""b99fdd4c96ad5c10fd78cece101cfbfc074a19f6582f1fdff743c75eda11f343""}],""progress"":[],""restorations"":[{""id"":""restore_load"",""override_id"":""lock_station"",""rank"":1,""target_id"":""load""}],""schema_version"":""x16-state-v1"",""state_version"":8}}"
X16-O02,APPLY,AUTHORIZED_TRANSITION,PLAN:use_honey,939c1fe39cac631b1209ea1d2e1a5a36ba735f2dcc83cf5baea727eb92e3984e,"{""actions"":[],""commitments"":[{""arguments"":[""syrup""],""authority"":100,""id"":""use_syrup"",""overridden_by"":[""allergy_rule""],""owner"":""task_owner"",""predicate"":""ingredient"",""priority"":100,""requires_all"":[],""requires_any"":[],""status"":""suspended"",""supersedes"":[]},{""arguments"":[""drink""],""authority"":100,""id"":""serve_drink"",""overridden_by"":[],""owner"":""task_owner"",""predicate"":""served"",""requires_all"":[""use_honey""],""requires_any"":[],""status"":""active"",""supersedes"":[]},{""arguments"":[""syrup""],""authority"":100,""id"":""allergy_rule"",""overridden_by"":[],""owner"":""task_owner"",""predicate"":""prohibit"",""priority"":220,""requires_all"":[],""requires_any"":[],""status"":""active"",""supersedes"":[]},{""arguments"":[""honey""],""authority"":100,""id"":""use_honey"",""overridden_by"":[],""owner"":""task_owner"",""predicate"":""ingredient"",""requires_all"":[],""requires_any"":[],""status"":""active"",""supersedes"":[""use_syrup""]}],""evidence_version"":71,""facts"":{""approved_substitute"":""honey""},""processed_events"":[{""event_id"":""x16:o02"",""payload_sha256"":""4cb5f1a3797657eb79253ee3969ff82ce4d6fbfd36591e80ad8556fe17320fa9""}],""progress"":[],""restorations"":[],""schema_version"":""x16-state-v1"",""state_version"":8}","{""base_version"":7,""disposition"":""APPLY"",""event_id"":""x16:o02"",""operations"":[{""op"":""SetCommitmentStatus"",""status"":""suspended"",""target_id"":""use_syrup""},{""field"":""overridden_by"",""op"":""SetCommitmentField"",""target_id"":""use_syrup"",""value"":[""allergy_rule""]},{""op"":""InsertCommitment"",""record"":{""arguments"":[""syrup""],""authority"":100,""id"":""allergy_rule"",""overridden_by"":[],""owner"":""task_owner"",""predicate"":""prohibit"",""priority"":220,""requires_all"":[],""requires_any"":[],""status"":""active"",""supersedes"":[]}},{""op"":""InsertCommitment"",""record"":{""arguments"":[""honey""],""authority"":100,""id"":""use_honey"",""overridden_by"":[],""owner"":""task_owner"",""predicate"":""ingredient"",""requires_all"":[],""requires_any"":[],""status"":""active"",""supersedes"":[""use_syrup""]}},{""field"":""requires_all"",""op"":""SetCommitmentField"",""target_id"":""serve_drink"",""value"":[""use_honey""]},{""op"":""CommitEvent""}],""reason_code"":""AUTHORIZED_TRANSITION"",""schema_version"":""x16-cope-patch-v1""}","{""base_version"":7,""disposition"":""APPLY"",""event_id"":""x16:o02"",""reason_code"":""AUTHORIZED_TRANSITION"",""schema_version"":""x16-compact-tx-v1"",""writes"":[{""op"":""replace"",""path"":""/commitments/use_syrup/status"",""value"":""suspended""},{""op"":""replace"",""path"":""/commitments/use_syrup/overridden_by"",""value"":[""allergy_rule""]},{""op"":""replace"",""path"":""/commitments/serve_drink/requires_all"",""value"":[""use_honey""]},{""op"":""add"",""path"":""/commitments/+/allergy_rule"",""value"":{""arguments"":[""syrup""],""authority"":100,""id"":""allergy_rule"",""overridden_by"":[],""owner"":""task_owner"",""predicate"":""prohibit"",""priority"":220,""requires_all"":[],""requires_any"":[],""status"":""active"",""supersedes"":[]}},{""op"":""add"",""path"":""/commitments/+/use_honey"",""value"":{""arguments"":[""honey""],""authority"":100,""id"":""use_honey"",""overridden_by"":[],""owner"":""task_owner"",""predicate"":""ingredient"",""requires_all"":[],""requires_any"":[],""status"":""active"",""supersedes"":[""use_syrup""]}},{""op"":""add"",""path"":""/processed_events/+/x16:o02"",""value"":{""event_id"":""x16:o02"",""payload_sha256"":""4cb5f1a3797657eb79253ee3969ff82ce4d6fbfd36591e80ad8556fe17320fa9""}},{""op"":""replace"",""path"":""/state_version"",""value"":8},{""op"":""replace"",""path"":""/evidence_version"",""value"":71}]}","{""base_version"":7,""disposition"":""APPLY"",""event_id"":""x16:o02"",""reason_code"":""AUTHORIZED_TRANSITION"",""schema_version"":""x16-fsr-pc-v1"",""state"":{""actions"":[],""commitments"":[{""arguments"":[""syrup""],""authority"":100,""id"":""use_syrup"",""overridden_by"":[""allergy_rule""],""owner"":""task_owner"",""predicate"":""ingredient"",""priority"":100,""requires_all"":[],""requires_any"":[],""status"":""suspended"",""supersedes"":[]},{""arguments"":[""drink""],""authority"":100,""id"":""serve_drink"",""overridden_by"":[],""owner"":""task_owner"",""predicate"":""served"",""requires_all"":[""use_honey""],""requires_any"":[],""status"":""active"",""supersedes"":[]},{""arguments"":[""syrup""],""authority"":100,""id"":""allergy_rule"",""overridden_by"":[],""owner"":""task_owner"",""predicate"":""prohibit"",""priority"":220,""requires_all"":[],""requires_any"":[],""status"":""active"",""supersedes"":[]},{""arguments"":[""honey""],""authority"":100,""id"":""use_honey"",""overridden_by"":[],""owner"":""task_owner"",""predicate"":""ingredient"",""requires_all"":[],""requires_any"":[],""status"":""active"",""supersedes"":[""use_syrup""]}],""evidence_version"":71,""facts"":{""approved_substitute"":""honey""},""processed_events"":[{""event_id"":""x16:o02"",""payload_sha256"":""4cb5f1a3797657eb79253ee3969ff82ce4d6fbfd36591e80ad8556fe17320fa9""}],""progress"":[],""restorations"":[],""schema_version"":""x16-state-v1"",""state_version"":8}}"
X16-R01,APPLY,AUTHORIZED_TRANSITION,PLAN:dock_robot,609cde68ff7e2bb8003329f50545f5836e488700c37b2798b84804558764f174,"{""actions"":[],""commitments"":[{""arguments"":[""robot"",""bay""],""authority"":100,""id"":""dock_robot"",""overridden_by"":[],""owner"":""task_owner"",""predicate"":""docked"",""requires_all"":[],""requires_any"":[],""status"":""active"",""supersedes"":[]},{""arguments"":[""bay""],""authority"":100,""id"":""weather_hold"",""overridden_by"":[],""owner"":""task_owner"",""predicate"":""prohibit_outdoor"",""priority"":200,""requires_all"":[],""requires_any"":[],""status"":""expired"",""supersedes"":[]}],""evidence_version"":71,""facts"":{},""processed_events"":[{""event_id"":""x16:r01"",""payload_sha256"":""49aded7c4c09cbd74236bdc109e37ad97c75bb0651cf50451466f8a76d1da571""}],""progress"":[],""restorations"":[],""schema_version"":""x16-state-v1"",""state_version"":8}","{""base_version"":7,""disposition"":""APPLY"",""event_id"":""x16:r01"",""operations"":[{""op"":""SetCommitmentStatus"",""status"":""expired"",""target_id"":""weather_hold""},{""op"":""SetCommitmentStatus"",""status"":""active"",""target_id"":""dock_robot""},{""field"":""overridden_by"",""op"":""SetCommitmentField"",""target_id"":""dock_robot"",""value"":[]},{""op"":""RemoveRestoration"",""target_id"":""restore_dock""},{""op"":""CommitEvent""}],""reason_code"":""AUTHORIZED_TRANSITION"",""schema_version"":""x16-cope-patch-v1""}","{""base_version"":7,""disposition"":""APPLY"",""event_id"":""x16:r01"",""reason_code"":""AUTHORIZED_TRANSITION"",""schema_version"":""x16-compact-tx-v1"",""writes"":[{""op"":""replace"",""path"":""/commitments/dock_robot/status"",""value"":""active""},{""op"":""replace"",""path"":""/commitments/dock_robot/overridden_by"",""value"":[]},{""op"":""replace"",""path"":""/commitments/weather_hold/status"",""value"":""expired""},{""op"":""replace"",""path"":""/restorations"",""value"":[]},{""op"":""add"",""path"":""/processed_events/+/x16:r01"",""value"":{""event_id"":""x16:r01"",""payload_sha256"":""49aded7c4c09cbd74236bdc109e37ad97c75bb0651cf50451466f8a76d1da571""}},{""op"":""replace"",""path"":""/state_version"",""value"":8},{""op"":""replace"",""path"":""/evidence_version"",""value"":71}]}","{""base_version"":7,""disposition"":""APPLY"",""event_id"":""x16:r01"",""reason_code"":""AUTHORIZED_TRANSITION"",""schema_version"":""x16-fsr-pc-v1"",""state"":{""actions"":[],""commitments"":[{""arguments"":[""robot"",""bay""],""authority"":100,""id"":""dock_robot"",""overridden_by"":[],""owner"":""task_owner"",""predicate"":""docked"",""requires_all"":[],""requires_any"":[],""status"":""active"",""supersedes"":[]},{""arguments"":[""bay""],""authority"":100,""id"":""weather_hold"",""overridden_by"":[],""owner"":""task_owner"",""predicate"":""prohibit_outdoor"",""priority"":200,""requires_all"":[],""requires_any"":[],""status"":""expired"",""supersedes"":[]}],""evidence_version"":71,""facts"":{},""processed_events"":[{""event_id"":""x16:r01"",""payload_sha256"":""49aded7c4c09cbd74236bdc109e37ad97c75bb0651cf50451466f8a76d1da571""}],""progress"":[],""restorations"":[],""schema_version"":""x16-state-v1"",""state_version"":8}}"
X16-R02,APPLY,AUTHORIZED_TRANSITION,HALT,1771347cd570ea105fcf4024c50a9a171c858c5196fa74395df14bdf48a3efc8,"{""actions"":[],""commitments"":[{""arguments"":[""robot"",""room""],""authority"":100,""id"":""enter_room"",""overridden_by"":[""privacy_hold""],""owner"":""task_owner"",""predicate"":""entered"",""requires_all"":[],""requires_any"":[],""status"":""suspended"",""supersedes"":[]},{""arguments"":[""room""],""authority"":100,""id"":""smoke_hold"",""overridden_by"":[],""owner"":""task_owner"",""predicate"":""prohibit_entry"",""priority"":220,""requires_all"":[],""requires_any"":[],""status"":""expired"",""supersedes"":[]},{""arguments"":[""room""],""authority"":100,""id"":""privacy_hold"",""overridden_by"":[],""owner"":""task_owner"",""predicate"":""prohibit_entry"",""priority"":210,""requires_all"":[],""requires_any"":[],""status"":""active"",""supersedes"":[]}],""evidence_version"":71,""facts"":{},""processed_events"":[{""event_id"":""x16:r02"",""payload_sha256"":""38997485d87c1a9d4325ce3bb4dbe9ebe6b53e0276d607e0561c3fa518548cf7""}],""progress"":[],""restorations"":[{""id"":""restore_privacy"",""override_id"":""privacy_hold"",""rank"":2,""target_id"":""enter_room""}],""schema_version"":""x16-state-v1"",""state_version"":8}","{""base_version"":7,""disposition"":""APPLY"",""event_id"":""x16:r02"",""operations"":[{""op"":""SetCommitmentStatus"",""status"":""expired"",""target_id"":""smoke_hold""},{""field"":""overridden_by"",""op"":""SetCommitmentField"",""target_id"":""enter_room"",""value"":[""privacy_hold""]},{""op"":""RemoveRestoration"",""target_id"":""restore_smoke""},{""op"":""CommitEvent""}],""reason_code"":""AUTHORIZED_TRANSITION"",""schema_version"":""x16-cope-patch-v1""}","{""base_version"":7,""disposition"":""APPLY"",""event_id"":""x16:r02"",""reason_code"":""AUTHORIZED_TRANSITION"",""schema_version"":""x16-compact-tx-v1"",""writes"":[{""op"":""replace"",""path"":""/commitments/enter_room/overridden_by"",""value"":[""privacy_hold""]},{""op"":""replace"",""path"":""/commitments/smoke_hold/status"",""value"":""expired""},{""op"":""replace"",""path"":""/restorations"",""value"":[{""id"":""restore_privacy"",""override_id"":""privacy_hold"",""rank"":2,""target_id"":""enter_room""}]},{""op"":""add"",""path"":""/processed_events/+/x16:r02"",""value"":{""event_id"":""x16:r02"",""payload_sha256"":""38997485d87c1a9d4325ce3bb4dbe9ebe6b53e0276d607e0561c3fa518548cf7""}},{""op"":""replace"",""path"":""/state_version"",""value"":8},{""op"":""replace"",""path"":""/evidence_version"",""value"":71}]}","{""base_version"":7,""disposition"":""APPLY"",""event_id"":""x16:r02"",""reason_code"":""AUTHORIZED_TRANSITION"",""schema_version"":""x16-fsr-pc-v1"",""state"":{""actions"":[],""commitments"":[{""arguments"":[""robot"",""room""],""authority"":100,""id"":""enter_room"",""overridden_by"":[""privacy_hold""],""owner"":""task_owner"",""predicate"":""entered"",""requires_all"":[],""requires_any"":[],""status"":""suspended"",""supersedes"":[]},{""arguments"":[""room""],""authority"":100,""id"":""smoke_hold"",""overridden_by"":[],""owner"":""task_owner"",""predicate"":""prohibit_entry"",""priority"":220,""requires_all"":[],""requires_any"":[],""status"":""expired"",""supersedes"":[]},{""arguments"":[""room""],""authority"":100,""id"":""privacy_hold"",""overridden_by"":[],""owner"":""task_owner"",""predicate"":""prohibit_entry"",""priority"":210,""requires_all"":[],""requires_any"":[],""status"":""active"",""supersedes"":[]}],""evidence_version"":71,""facts"":{},""processed_events"":[{""event_id"":""x16:r02"",""payload_sha256"":""38997485d87c1a9d4325ce3bb4dbe9ebe6b53e0276d607e0561c3fa518548cf7""}],""progress"":[],""restorations"":[{""id"":""restore_privacy"",""override_id"":""privacy_hold"",""rank"":2,""target_id"":""enter_room""}],""schema_version"":""x16-state-v1"",""state_version"":8}}"
X16-W01,APPLY,AUTHORIZED_TRANSITION,PLAN:fetch_from_b,70180ef87566f761ef15ffd2cf79507d853b67f639151f9fd3d4633ca2fc42bc,"{""actions"":[{""commitment_id"":""fetch_sample"",""id"":""fetch_from_b"",""progress"":0,""reversible"":true,""status"":""pending"",""stop_reason"":null}],""commitments"":[{""arguments"":[""sample"",""freezer_b""],""authority"":100,""id"":""fetch_sample"",""overridden_by"":[],""owner"":""task_owner"",""predicate"":""at"",""requires_all"":[],""requires_any"":[],""status"":""active"",""supersedes"":[]},{""arguments"":[""freezer_a""],""authority"":100,""id"":""access_hold"",""overridden_by"":[],""owner"":""task_owner"",""predicate"":""prohibit_access"",""priority"":200,""requires_all"":[],""requires_any"":[],""status"":""expired"",""supersedes"":[]}],""evidence_version"":71,""facts"":{""sample_location"":""freezer_b""},""processed_events"":[{""event_id"":""x16:w01"",""payload_sha256"":""7f0d773c9b083f8f8944d673fb97724095fd814e1bc9f55c6d87c45eac5aef33""}],""progress"":[],""restorations"":[],""schema_version"":""x16-state-v1"",""state_version"":8}","{""base_version"":7,""disposition"":""APPLY"",""event_id"":""x16:w01"",""operations"":[{""op"":""SetCommitmentStatus"",""status"":""expired"",""target_id"":""access_hold""},{""op"":""SetCommitmentStatus"",""status"":""active"",""target_id"":""fetch_sample""},{""field"":""overridden_by"",""op"":""SetCommitmentField"",""target_id"":""fetch_sample"",""value"":[]},{""field"":""arguments"",""op"":""SetCommitmentField"",""target_id"":""fetch_sample"",""value"":[""sample"",""freezer_b""]},{""key"":""sample_location"",""op"":""SetFact"",""value"":""freezer_b""},{""op"":""RemoveRestoration"",""target_id"":""restore_fetch""},{""op"":""InsertAction"",""record"":{""commitment_id"":""fetch_sample"",""id"":""fetch_from_b"",""progress"":0,""reversible"":true,""status"":""pending"",""stop_reason"":null}},{""op"":""CommitEvent""}],""reason_code"":""AUTHORIZED_TRANSITION"",""schema_version"":""x16-cope-patch-v1""}","{""base_version"":7,""disposition"":""APPLY"",""event_id"":""x16:w01"",""reason_code"":""AUTHORIZED_TRANSITION"",""schema_version"":""x16-compact-tx-v1"",""writes"":[{""op"":""replace"",""path"":""/commitments/fetch_sample/arguments"",""value"":[""sample"",""freezer_b""]},{""op"":""replace"",""path"":""/commitments/fetch_sample/status"",""value"":""active""},{""op"":""replace"",""path"":""/commitments/fetch_sample/overridden_by"",""value"":[]},{""op"":""replace"",""path"":""/commitments/access_hold/status"",""value"":""expired""},{""op"":""add"",""path"":""/actions/+/fetch_from_b"",""value"":{""commitment_id"":""fetch_sample"",""id"":""fetch_from_b"",""progress"":0,""reversible"":true,""status"":""pending"",""stop_reason"":null}},{""op"":""replace"",""path"":""/restorations"",""value"":[]},{""op"":""replace"",""path"":""/facts/sample_location"",""value"":""freezer_b""},{""op"":""add"",""path"":""/processed_events/+/x16:w01"",""value"":{""event_id"":""x16:w01"",""payload_sha256"":""7f0d773c9b083f8f8944d673fb97724095fd814e1bc9f55c6d87c45eac5aef33""}},{""op"":""replace"",""path"":""/state_version"",""value"":8},{""op"":""replace"",""path"":""/evidence_version"",""value"":71}]}","{""base_version"":7,""disposition"":""APPLY"",""event_id"":""x16:w01"",""reason_code"":""AUTHORIZED_TRANSITION"",""schema_version"":""x16-fsr-pc-v1"",""state"":{""actions"":[{""commitment_id"":""fetch_sample"",""id"":""fetch_from_b"",""progress"":0,""reversible"":true,""status"":""pending"",""stop_reason"":null}],""commitments"":[{""arguments"":[""sample"",""freezer_b""],""authority"":100,""id"":""fetch_sample"",""overridden_by"":[],""owner"":""task_owner"",""predicate"":""at"",""requires_all"":[],""requires_any"":[],""status"":""active"",""supersedes"":[]},{""arguments"":[""freezer_a""],""authority"":100,""id"":""access_hold"",""overridden_by"":[],""owner"":""task_owner"",""predicate"":""prohibit_access"",""priority"":200,""requires_all"":[],""requires_any"":[],""status"":""expired"",""supersedes"":[]}],""evidence_version"":71,""facts"":{""sample_location"":""freezer_b""},""processed_events"":[{""event_id"":""x16:w01"",""payload_sha256"":""7f0d773c9b083f8f8944d673fb97724095fd814e1bc9f55c6d87c45eac5aef33""}],""progress"":[],""restorations"":[],""schema_version"":""x16-state-v1"",""state_version"":8}}"
X16-W02,APPLY,AUTHORIZED_TRANSITION,PLAN:use_backup,fe52200533daabbd7e949c29d4bd54082c7ba23a2cabe32f7cd6324550cac732,"{""actions"":[],""commitments"":[{""arguments"":[""tool_primary""],""authority"":100,""id"":""use_tool"",""overridden_by"":[],""owner"":""task_owner"",""predicate"":""use"",""requires_all"":[],""requires_any"":[],""status"":""obsolete"",""supersedes"":[]},{""arguments"":[""tool_primary""],""authority"":100,""id"":""inspection_hold"",""overridden_by"":[],""owner"":""task_owner"",""predicate"":""prohibit_use"",""priority"":200,""requires_all"":[],""requires_any"":[],""status"":""expired"",""supersedes"":[]},{""arguments"":[""device""],""authority"":100,""id"":""finish_repair"",""overridden_by"":[],""owner"":""task_owner"",""predicate"":""repaired"",""requires_all"":[""use_backup""],""requires_any"":[],""status"":""active"",""supersedes"":[]},{""arguments"":[""tool_backup""],""authority"":100,""id"":""use_backup"",""overridden_by"":[],""owner"":""task_owner"",""predicate"":""use"",""requires_all"":[],""requires_any"":[],""status"":""active"",""supersedes"":[]}],""evidence_version"":71,""facts"":{""tool_backup_ready"":true,""tool_primary_intact"":false},""processed_events"":[{""event_id"":""x16:w02"",""payload_sha256"":""3c613b6f40dc00fc44bf642ee9b1c262e97db06ce9b3ed9eccbda729ff00f110""}],""progress"":[],""restorations"":[],""schema_version"":""x16-state-v1"",""state_version"":8}","{""base_version"":7,""disposition"":""APPLY"",""event_id"":""x16:w02"",""operations"":[{""op"":""SetCommitmentStatus"",""status"":""expired"",""target_id"":""inspection_hold""},{""op"":""SetCommitmentStatus"",""status"":""obsolete"",""target_id"":""use_tool""},{""field"":""overridden_by"",""op"":""SetCommitmentField"",""target_id"":""use_tool"",""value"":[]},{""op"":""SetCommitmentStatus"",""status"":""active"",""target_id"":""use_backup""},{""field"":""requires_all"",""op"":""SetCommitmentField"",""target_id"":""finish_repair"",""value"":[""use_backup""]},{""key"":""tool_primary_intact"",""op"":""SetFact"",""value"":false},{""op"":""RemoveRestoration"",""target_id"":""restore_tool""},{""op"":""CommitEvent""}],""reason_code"":""AUTHORIZED_TRANSITION"",""schema_version"":""x16-cope-patch-v1""}","{""base_version"":7,""disposition"":""APPLY"",""event_id"":""x16:w02"",""reason_code"":""AUTHORIZED_TRANSITION"",""schema_version"":""x16-compact-tx-v1"",""writes"":[{""op"":""replace"",""path"":""/commitments/use_tool/status"",""value"":""obsolete""},{""op"":""replace"",""path"":""/commitments/use_tool/overridden_by"",""value"":[]},{""op"":""replace"",""path"":""/commitments/inspection_hold/status"",""value"":""expired""},{""op"":""replace"",""path"":""/commitments/finish_repair/requires_all"",""value"":[""use_backup""]},{""op"":""replace"",""path"":""/commitments/use_backup/status"",""value"":""active""},{""op"":""replace"",""path"":""/restorations"",""value"":[]},{""op"":""replace"",""path"":""/facts/tool_primary_intact"",""value"":false},{""op"":""add"",""path"":""/processed_events/+/x16:w02"",""value"":{""event_id"":""x16:w02"",""payload_sha256"":""3c613b6f40dc00fc44bf642ee9b1c262e97db06ce9b3ed9eccbda729ff00f110""}},{""op"":""replace"",""path"":""/state_version"",""value"":8},{""op"":""replace"",""path"":""/evidence_version"",""value"":71}]}","{""base_version"":7,""disposition"":""APPLY"",""event_id"":""x16:w02"",""reason_code"":""AUTHORIZED_TRANSITION"",""schema_version"":""x16-fsr-pc-v1"",""state"":{""actions"":[],""commitments"":[{""arguments"":[""tool_primary""],""authority"":100,""id"":""use_tool"",""overridden_by"":[],""owner"":""task_owner"",""predicate"":""use"",""requires_all"":[],""requires_any"":[],""status"":""obsolete"",""supersedes"":[]},{""arguments"":[""tool_primary""],""authority"":100,""id"":""inspection_hold"",""overridden_by"":[],""owner"":""task_owner"",""predicate"":""prohibit_use"",""priority"":200,""requires_all"":[],""requires_any"":[],""status"":""expired"",""supersedes"":[]},{""arguments"":[""device""],""authority"":100,""id"":""finish_repair"",""overridden_by"":[],""owner"":""task_owner"",""predicate"":""repaired"",""requires_all"":[""use_backup""],""requires_any"":[],""status"":""active"",""supersedes"":[]},{""arguments"":[""tool_backup""],""authority"":100,""id"":""use_backup"",""overridden_by"":[],""owner"":""task_owner"",""predicate"":""use"",""requires_all"":[],""requires_any"":[],""status"":""active"",""supersedes"":[]}],""evidence_version"":71,""facts"":{""tool_backup_ready"":true,""tool_primary_intact"":false},""processed_events"":[{""event_id"":""x16:w02"",""payload_sha256"":""3c613b6f40dc00fc44bf642ee9b1c262e97db06ce9b3ed9eccbda729ff00f110""}],""progress"":[],""restorations"":[],""schema_version"":""x16-state-v1"",""state_version"":8}}"
X16-P01,APPLY,AUTHORIZED_TRANSITION,PLAN:carry_med_a,2a580825175343602a10a32a9b104f49fda2948ea75111a1c173f92dc91fed18,"{""actions"":[{""commitment_id"":""deliver_med_b"",""id"":""carry_med_a"",""progress"":0,""reversible"":true,""status"":""pending"",""stop_reason"":null}],""commitments"":[{""arguments"":[""med_a"",""ward""],""authority"":100,""id"":""deliver_med"",""overridden_by"":[],""owner"":""task_owner"",""predicate"":""delivered"",""requires_all"":[],""requires_any"":[],""status"":""superseded"",""supersedes"":[]},{""arguments"":[""med_a""],""authority"":100,""id"":""confirm_med"",""overridden_by"":[],""owner"":""task_owner"",""predicate"":""confirmed"",""requires_all"":[""deliver_med_b""],""requires_any"":[],""status"":""active"",""supersedes"":[]},{""arguments"":[""med_b"",""ward""],""authority"":100,""id"":""deliver_med_b"",""overridden_by"":[],""owner"":""task_owner"",""predicate"":""delivered"",""requires_all"":[],""requires_any"":[],""status"":""active"",""supersedes"":[""deliver_med""]}],""evidence_version"":71,""facts"":{},""processed_events"":[{""event_id"":""x16:p01"",""payload_sha256"":""d49f0bb9bfcf45049d5070148a69c735c06bba101caf4a65171319d4cc96eae9""}],""progress"":[],""restorations"":[],""schema_version"":""x16-state-v1"",""state_version"":8}","{""base_version"":7,""disposition"":""APPLY"",""event_id"":""x16:p01"",""operations"":[{""op"":""SetCommitmentStatus"",""status"":""superseded"",""target_id"":""deliver_med""},{""op"":""InsertCommitment"",""record"":{""arguments"":[""med_b"",""ward""],""authority"":100,""id"":""deliver_med_b"",""overridden_by"":[],""owner"":""task_owner"",""predicate"":""delivered"",""requires_all"":[],""requires_any"":[],""status"":""active"",""supersedes"":[""deliver_med""]}},{""field"":""requires_all"",""op"":""SetCommitmentField"",""target_id"":""confirm_med"",""value"":[""deliver_med_b""]},{""fields"":{""commitment_id"":""deliver_med_b""},""op"":""SetAction"",""target_id"":""carry_med_a""},{""op"":""CommitEvent""}],""reason_code"":""AUTHORIZED_TRANSITION"",""schema_version"":""x16-cope-patch-v1""}","{""base_version"":7,""disposition"":""APPLY"",""event_id"":""x16:p01"",""reason_code"":""AUTHORIZED_TRANSITION"",""schema_version"":""x16-compact-tx-v1"",""writes"":[{""op"":""replace"",""path"":""/commitments/deliver_med/status"",""value"":""superseded""},{""op"":""replace"",""path"":""/commitments/confirm_med/requires_all"",""value"":[""deliver_med_b""]},{""op"":""add"",""path"":""/commitments/+/deliver_med_b"",""value"":{""arguments"":[""med_b"",""ward""],""authority"":100,""id"":""deliver_med_b"",""overridden_by"":[],""owner"":""task_owner"",""predicate"":""delivered"",""requires_all"":[],""requires_any"":[],""status"":""active"",""supersedes"":[""deliver_med""]}},{""op"":""replace"",""path"":""/actions/carry_med_a/commitment_id"",""value"":""deliver_med_b""},{""op"":""add"",""path"":""/processed_events/+/x16:p01"",""value"":{""event_id"":""x16:p01"",""payload_sha256"":""d49f0bb9bfcf45049d5070148a69c735c06bba101caf4a65171319d4cc96eae9""}},{""op"":""replace"",""path"":""/state_version"",""value"":8},{""op"":""replace"",""path"":""/evidence_version"",""value"":71}]}","{""base_version"":7,""disposition"":""APPLY"",""event_id"":""x16:p01"",""reason_code"":""AUTHORIZED_TRANSITION"",""schema_version"":""x16-fsr-pc-v1"",""state"":{""actions"":[{""commitment_id"":""deliver_med_b"",""id"":""carry_med_a"",""progress"":0,""reversible"":true,""status"":""pending"",""stop_reason"":null}],""commitments"":[{""arguments"":[""med_a"",""ward""],""authority"":100,""id"":""deliver_med"",""overridden_by"":[],""owner"":""task_owner"",""predicate"":""delivered"",""requires_all"":[],""requires_any"":[],""status"":""superseded"",""supersedes"":[]},{""arguments"":[""med_a""],""authority"":100,""id"":""confirm_med"",""overridden_by"":[],""owner"":""task_owner"",""predicate"":""confirmed"",""requires_all"":[""deliver_med_b""],""requires_any"":[],""status"":""active"",""supersedes"":[]},{""arguments"":[""med_b"",""ward""],""authority"":100,""id"":""deliver_med_b"",""overridden_by"":[],""owner"":""task_owner"",""predicate"":""delivered"",""requires_all"":[],""requires_any"":[],""status"":""active"",""supersedes"":[""deliver_med""]}],""evidence_version"":71,""facts"":{},""processed_events"":[{""event_id"":""x16:p01"",""payload_sha256"":""d49f0bb9bfcf45049d5070148a69c735c06bba101caf4a65171319d4cc96eae9""}],""progress"":[],""restorations"":[],""schema_version"":""x16-state-v1"",""state_version"":8}}"
X16-P02,APPLY,AUTHORIZED_TRANSITION,PLAN:obtain_code,a3f41967d2f7de756c3b899ed29787217ae5ac03c6b7c36c9b0c9f9d04f1c0b7,"{""actions"":[],""commitments"":[{""arguments"":[""key_a""],""authority"":100,""id"":""obtain_key"",""overridden_by"":[],""owner"":""task_owner"",""predicate"":""possess"",""requires_all"":[],""requires_any"":[],""status"":""superseded"",""supersedes"":[]},{""arguments"":[""cabinet""],""authority"":100,""id"":""unlock"",""overridden_by"":[],""owner"":""task_owner"",""predicate"":""unlocked"",""requires_all"":[""obtain_code""],""requires_any"":[],""status"":""active"",""supersedes"":[]},{""arguments"":[""sample""],""authority"":100,""id"":""retrieve"",""overridden_by"":[],""owner"":""task_owner"",""predicate"":""retrieved"",""requires_all"":[""unlock""],""requires_any"":[],""status"":""active"",""supersedes"":[]},{""arguments"":[""sample""],""authority"":100,""id"":""archive"",""overridden_by"":[],""owner"":""task_owner"",""predicate"":""archived"",""requires_all"":[""retrieve""],""requires_any"":[],""status"":""active"",""supersedes"":[]},{""arguments"":[""code_7""],""authority"":100,""id"":""obtain_code"",""overridden_by"":[],""owner"":""task_owner"",""predicate"":""possess"",""requires_all"":[],""requires_any"":[],""status"":""active"",""supersedes"":[""obtain_key""]}],""evidence_version"":71,""facts"":{},""processed_events"":[{""event_id"":""x16:p02"",""payload_sha256"":""2f8b0a2773bffa0d14197fb1197ae846ff9da96b22d8baf7315dd33e2b4c7c7b""}],""progress"":[],""restorations"":[],""schema_version"":""x16-state-v1"",""state_version"":8}","{""base_version"":7,""disposition"":""APPLY"",""event_id"":""x16:p02"",""operations"":[{""op"":""SetCommitmentStatus"",""status"":""superseded"",""target_id"":""obtain_key""},{""op"":""InsertCommitment"",""record"":{""arguments"":[""code_7""],""authority"":100,""id"":""obtain_code"",""overridden_by"":[],""owner"":""task_owner"",""predicate"":""possess"",""requires_all"":[],""requires_any"":[],""status"":""active"",""supersedes"":[""obtain_key""]}},{""field"":""requires_all"",""op"":""SetCommitmentField"",""target_id"":""unlock"",""value"":[""obtain_code""]},{""op"":""CommitEvent""}],""reason_code"":""AUTHORIZED_TRANSITION"",""schema_version"":""x16-cope-patch-v1""}","{""base_version"":7,""disposition"":""APPLY"",""event_id"":""x16:p02"",""reason_code"":""AUTHORIZED_TRANSITION"",""schema_version"":""x16-compact-tx-v1"",""writes"":[{""op"":""replace"",""path"":""/commitments/obtain_key/status"",""value"":""superseded""},{""op"":""replace"",""path"":""/commitments/unlock/requires_all"",""value"":[""obtain_code""]},{""op"":""add"",""path"":""/commitments/+/obtain_code"",""value"":{""arguments"":[""code_7""],""authority"":100,""id"":""obtain_code"",""overridden_by"":[],""owner"":""task_owner"",""predicate"":""possess"",""requires_all"":[],""requires_any"":[],""status"":""active"",""supersedes"":[""obtain_key""]}},{""op"":""add"",""path"":""/processed_events/+/x16:p02"",""value"":{""event_id"":""x16:p02"",""payload_sha256"":""2f8b0a2773bffa0d14197fb1197ae846ff9da96b22d8baf7315dd33e2b4c7c7b""}},{""op"":""replace"",""path"":""/state_version"",""value"":8},{""op"":""replace"",""path"":""/evidence_version"",""value"":71}]}","{""base_version"":7,""disposition"":""APPLY"",""event_id"":""x16:p02"",""reason_code"":""AUTHORIZED_TRANSITION"",""schema_version"":""x16-fsr-pc-v1"",""state"":{""actions"":[],""commitments"":[{""arguments"":[""key_a""],""authority"":100,""id"":""obtain_key"",""overridden_by"":[],""owner"":""task_owner"",""predicate"":""possess"",""requires_all"":[],""requires_any"":[],""status"":""superseded"",""supersedes"":[]},{""arguments"":[""cabinet""],""authority"":100,""id"":""unlock"",""overridden_by"":[],""owner"":""task_owner"",""predicate"":""unlocked"",""requires_all"":[""obtain_code""],""requires_any"":[],""status"":""active"",""supersedes"":[]},{""arguments"":[""sample""],""authority"":100,""id"":""retrieve"",""overridden_by"":[],""owner"":""task_owner"",""predicate"":""retrieved"",""requires_all"":[""unlock""],""requires_any"":[],""status"":""active"",""supersedes"":[]},{""arguments"":[""sample""],""authority"":100,""id"":""archive"",""overridden_by"":[],""owner"":""task_owner"",""predicate"":""archived"",""requires_all"":[""retrieve""],""requires_any"":[],""status"":""active"",""supersedes"":[]},{""arguments"":[""code_7""],""authority"":100,""id"":""obtain_code"",""overridden_by"":[],""owner"":""task_owner"",""predicate"":""possess"",""requires_all"":[],""requires_any"":[],""status"":""active"",""supersedes"":[""obtain_key""]}],""evidence_version"":71,""facts"":{},""processed_events"":[{""event_id"":""x16:p02"",""payload_sha256"":""2f8b0a2773bffa0d14197fb1197ae846ff9da96b22d8baf7315dd33e2b4c7c7b""}],""progress"":[],""restorations"":[],""schema_version"":""x16-state-v1"",""state_version"":8}}"
X16-S01,REJECT,STALE_VERSION,STOP:REJECT,2cd0bfc8c04194b6aac7c33dbc32ea7f56f756bdbe4259a5e39d9cf70f1feb6d,"{""actions"":[],""commitments"":[{""arguments"":[""hatch""],""authority"":100,""id"":""close_hatch"",""overridden_by"":[],""owner"":""task_owner"",""predicate"":""closed"",""requires_all"":[],""requires_any"":[],""status"":""active"",""supersedes"":[]}],""evidence_version"":70,""facts"":{},""processed_events"":[],""progress"":[],""restorations"":[],""schema_version"":""x16-state-v1"",""state_version"":7}","{""base_version"":7,""disposition"":""REJECT"",""event_id"":""x16:s01"",""operations"":[],""reason_code"":""STALE_VERSION"",""schema_version"":""x16-cope-patch-v1""}","{""base_version"":7,""disposition"":""REJECT"",""event_id"":""x16:s01"",""reason_code"":""STALE_VERSION"",""schema_version"":""x16-compact-tx-v1"",""writes"":[]}","{""base_version"":7,""disposition"":""REJECT"",""event_id"":""x16:s01"",""reason_code"":""STALE_VERSION"",""schema_version"":""x16-fsr-pc-v1"",""state"":{""actions"":[],""commitments"":[{""arguments"":[""hatch""],""authority"":100,""id"":""close_hatch"",""overridden_by"":[],""owner"":""task_owner"",""predicate"":""closed"",""requires_all"":[],""requires_any"":[],""status"":""active"",""supersedes"":[]}],""evidence_version"":70,""facts"":{},""processed_events"":[],""progress"":[],""restorations"":[],""schema_version"":""x16-state-v1"",""state_version"":7}}"
X16-S02,REJECT,VERSION_GAP,STOP:REJECT,a5fb40069c96479c3b8a886dce25e1d6921d59cea4322a70f01eef9445cc7be3,"{""actions"":[],""commitments"":[{""arguments"":[""gate""],""authority"":100,""id"":""open_gate"",""overridden_by"":[],""owner"":""task_owner"",""predicate"":""open"",""requires_all"":[],""requires_any"":[],""status"":""active"",""supersedes"":[]}],""evidence_version"":70,""facts"":{},""processed_events"":[],""progress"":[],""restorations"":[],""schema_version"":""x16-state-v1"",""state_version"":7}","{""base_version"":7,""disposition"":""REJECT"",""event_id"":""x16:s02"",""operations"":[],""reason_code"":""VERSION_GAP"",""schema_version"":""x16-cope-patch-v1""}","{""base_version"":7,""disposition"":""REJECT"",""event_id"":""x16:s02"",""reason_code"":""VERSION_GAP"",""schema_version"":""x16-compact-tx-v1"",""writes"":[]}","{""base_version"":7,""disposition"":""REJECT"",""event_id"":""x16:s02"",""reason_code"":""VERSION_GAP"",""schema_version"":""x16-fsr-pc-v1"",""state"":{""actions"":[],""commitments"":[{""arguments"":[""gate""],""authority"":100,""id"":""open_gate"",""overridden_by"":[],""owner"":""task_owner"",""predicate"":""open"",""requires_all"":[],""requires_any"":[],""status"":""active"",""supersedes"":[]}],""evidence_version"":70,""facts"":{},""processed_events"":[],""progress"":[],""restorations"":[],""schema_version"":""x16-state-v1"",""state_version"":7}}"
X16-I01,NO_OP,DUPLICATE_EVENT,HALT,69795bdde881f402150719868a7152ebc6251d33f36820a2530773161f1265e3,"{""actions"":[],""commitments"":[{""arguments"":[""pack""],""authority"":100,""deadline"":90,""id"":""sterile_pack"",""overridden_by"":[],""owner"":""task_owner"",""predicate"":""sterile"",""requires_all"":[],""requires_any"":[],""status"":""active"",""supersedes"":[]}],""evidence_version"":70,""facts"":{},""processed_events"":[{""event_id"":""x16:i01"",""payload_sha256"":""4699734ac5e6dd4c095f74d68fd0165c51d24745f83732b308beed0b874175d3""}],""progress"":[],""restorations"":[],""schema_version"":""x16-state-v1"",""state_version"":7}","{""base_version"":7,""disposition"":""NO_OP"",""event_id"":""x16:i01"",""operations"":[],""reason_code"":""DUPLICATE_EVENT"",""schema_version"":""x16-cope-patch-v1""}","{""base_version"":7,""disposition"":""NO_OP"",""event_id"":""x16:i01"",""reason_code"":""DUPLICATE_EVENT"",""schema_version"":""x16-compact-tx-v1"",""writes"":[]}","{""base_version"":7,""disposition"":""NO_OP"",""event_id"":""x16:i01"",""reason_code"":""DUPLICATE_EVENT"",""schema_version"":""x16-fsr-pc-v1"",""state"":{""actions"":[],""commitments"":[{""arguments"":[""pack""],""authority"":100,""deadline"":90,""id"":""sterile_pack"",""overridden_by"":[],""owner"":""task_owner"",""predicate"":""sterile"",""requires_all"":[],""requires_any"":[],""status"":""active"",""supersedes"":[]}],""evidence_version"":70,""facts"":{},""processed_events"":[{""event_id"":""x16:i01"",""payload_sha256"":""4699734ac5e6dd4c095f74d68fd0165c51d24745f83732b308beed0b874175d3""}],""progress"":[],""restorations"":[],""schema_version"":""x16-state-v1"",""state_version"":7}}"
X16-I02,REJECT,EVENT_ID_COLLISION,STOP:REJECT,fd593c7f69c69a3d082493bbe0061795b26828be88c3d3c607311a683d818506,"{""actions"":[],""commitments"":[{""arguments"":[""crate"",""dock_a""],""authority"":100,""id"":""ship"",""overridden_by"":[],""owner"":""task_owner"",""predicate"":""at"",""requires_all"":[],""requires_any"":[],""status"":""active"",""supersedes"":[]}],""evidence_version"":70,""facts"":{},""processed_events"":[{""event_id"":""x16:i02"",""payload_sha256"":""6a384e2143cd407e22bd484496c3e8925847f480d8b08f050e6ab3c4c0fdeada""}],""progress"":[],""restorations"":[],""schema_version"":""x16-state-v1"",""state_version"":7}","{""base_version"":7,""disposition"":""REJECT"",""event_id"":""x16:i02"",""operations"":[],""reason_code"":""EVENT_ID_COLLISION"",""schema_version"":""x16-cope-patch-v1""}","{""base_version"":7,""disposition"":""REJECT"",""event_id"":""x16:i02"",""reason_code"":""EVENT_ID_COLLISION"",""schema_version"":""x16-compact-tx-v1"",""writes"":[]}","{""base_version"":7,""disposition"":""REJECT"",""event_id"":""x16:i02"",""reason_code"":""EVENT_ID_COLLISION"",""schema_version"":""x16-fsr-pc-v1"",""state"":{""actions"":[],""commitments"":[{""arguments"":[""crate"",""dock_a""],""authority"":100,""id"":""ship"",""overridden_by"":[],""owner"":""task_owner"",""predicate"":""at"",""requires_all"":[],""requires_any"":[],""status"":""active"",""supersedes"":[]}],""evidence_version"":70,""facts"":{},""processed_events"":[{""event_id"":""x16:i02"",""payload_sha256"":""6a384e2143cd407e22bd484496c3e8925847f480d8b08f050e6ab3c4c0fdeada""}],""progress"":[],""restorations"":[],""schema_version"":""x16-state-v1"",""state_version"":7}}"
X16-U01,REJECT,INSUFFICIENT_AUTHORITY,STOP:REJECT,90fae9a06b03b39a7a97dd60edf7cbad96abd4ac35bf6a4d8d60ac84b384046d,"{""actions"":[],""commitments"":[{""arguments"":[""dose""],""authority"":100,""id"":""dispense"",""overridden_by"":[],""owner"":""clinician"",""predicate"":""dispensed"",""requires_all"":[],""requires_any"":[],""status"":""active"",""supersedes"":[]}],""evidence_version"":70,""facts"":{},""processed_events"":[],""progress"":[],""restorations"":[],""schema_version"":""x16-state-v1"",""state_version"":7}","{""base_version"":7,""disposition"":""REJECT"",""event_id"":""x16:u01"",""operations"":[],""reason_code"":""INSUFFICIENT_AUTHORITY"",""schema_version"":""x16-cope-patch-v1""}","{""base_version"":7,""disposition"":""REJECT"",""event_id"":""x16:u01"",""reason_code"":""INSUFFICIENT_AUTHORITY"",""schema_version"":""x16-compact-tx-v1"",""writes"":[]}","{""base_version"":7,""disposition"":""REJECT"",""event_id"":""x16:u01"",""reason_code"":""INSUFFICIENT_AUTHORITY"",""schema_version"":""x16-fsr-pc-v1"",""state"":{""actions"":[],""commitments"":[{""arguments"":[""dose""],""authority"":100,""id"":""dispense"",""overridden_by"":[],""owner"":""clinician"",""predicate"":""dispensed"",""requires_all"":[],""requires_any"":[],""status"":""active"",""supersedes"":[]}],""evidence_version"":70,""facts"":{},""processed_events"":[],""progress"":[],""restorations"":[],""schema_version"":""x16-state-v1"",""state_version"":7}}"
X16-U02,REJECT,OWNER_SCOPE_VIOLATION,STOP:REJECT,04ff451722b1168ce0abaabeaaa95b3f6bb434ff19862f8e7ad49c6d385dfc7e,"{""actions"":[],""commitments"":[{""arguments"":[""robot_a""],""authority"":100,""id"":""robot_a_charge"",""overridden_by"":[],""owner"":""team_a"",""predicate"":""charged"",""requires_all"":[],""requires_any"":[],""status"":""active"",""supersedes"":[]},{""arguments"":[""robot_b""],""authority"":100,""id"":""robot_b_charge"",""overridden_by"":[],""owner"":""team_b"",""predicate"":""charged"",""requires_all"":[],""requires_any"":[],""status"":""active"",""supersedes"":[]}],""evidence_version"":70,""facts"":{},""processed_events"":[],""progress"":[],""restorations"":[],""schema_version"":""x16-state-v1"",""state_version"":7}","{""base_version"":7,""disposition"":""REJECT"",""event_id"":""x16:u02"",""operations"":[],""reason_code"":""OWNER_SCOPE_VIOLATION"",""schema_version"":""x16-cope-patch-v1""}","{""base_version"":7,""disposition"":""REJECT"",""event_id"":""x16:u02"",""reason_code"":""OWNER_SCOPE_VIOLATION"",""schema_version"":""x16-compact-tx-v1"",""writes"":[]}","{""base_version"":7,""disposition"":""REJECT"",""event_id"":""x16:u02"",""reason_code"":""OWNER_SCOPE_VIOLATION"",""schema_version"":""x16-fsr-pc-v1"",""state"":{""actions"":[],""commitments"":[{""arguments"":[""robot_a""],""authority"":100,""id"":""robot_a_charge"",""overridden_by"":[],""owner"":""team_a"",""predicate"":""charged"",""requires_all"":[],""requires_any"":[],""status"":""active"",""supersedes"":[]},{""arguments"":[""robot_b""],""authority"":100,""id"":""robot_b_charge"",""overridden_by"":[],""owner"":""team_b"",""predicate"":""charged"",""requires_all"":[],""requires_any"":[],""status"":""active"",""supersedes"":[]}],""evidence_version"":70,""facts"":{},""processed_events"":[],""progress"":[],""restorations"":[],""schema_version"":""x16-state-v1"",""state_version"":7}}"
X16-CC01,APPLY,AUTHORIZED_TRANSITION,CANCEL:carry_hot_part,8efcbc991739ad1f52db8c8133119ab3f7a67794d6b031c31fdf5373d1448efc,"{""actions"":[{""commitment_id"":""place_hot_part"",""id"":""carry_hot_part"",""progress"":55,""reversible"":true,""status"":""cancelled"",""stop_reason"":""bench closed""}],""commitments"":[{""arguments"":[""part"",""bench""],""authority"":100,""id"":""place_hot_part"",""overridden_by"":[""bench_closed""],""owner"":""task_owner"",""predicate"":""placed"",""requires_all"":[],""requires_any"":[],""status"":""suspended"",""supersedes"":[]},{""arguments"":[""bench""],""authority"":100,""id"":""bench_closed"",""overridden_by"":[],""owner"":""task_owner"",""predicate"":""prohibit_place"",""priority"":230,""requires_all"":[],""requires_any"":[],""status"":""active"",""supersedes"":[]}],""evidence_version"":71,""facts"":{},""processed_events"":[{""event_id"":""x16:cc01"",""payload_sha256"":""40f2d85dfdc6e494b1ff415ca14a054f9fba5d20b26c468a5f677065f7d2f580""}],""progress"":[],""restorations"":[{""id"":""restore_hot_part"",""override_id"":""bench_closed"",""rank"":1,""target_id"":""place_hot_part""}],""schema_version"":""x16-state-v1"",""state_version"":8}","{""base_version"":7,""disposition"":""APPLY"",""event_id"":""x16:cc01"",""operations"":[{""op"":""SetCommitmentStatus"",""status"":""suspended"",""target_id"":""place_hot_part""},{""field"":""overridden_by"",""op"":""SetCommitmentField"",""target_id"":""place_hot_part"",""value"":[""bench_closed""]},{""op"":""InsertCommitment"",""record"":{""arguments"":[""bench""],""authority"":100,""id"":""bench_closed"",""overridden_by"":[],""owner"":""task_owner"",""predicate"":""prohibit_place"",""priority"":230,""requires_all"":[],""requires_any"":[],""status"":""active"",""supersedes"":[]}},{""fields"":{""status"":""cancelled"",""stop_reason"":""bench closed""},""op"":""SetAction"",""target_id"":""carry_hot_part""},{""op"":""AddRestoration"",""record"":{""id"":""restore_hot_part"",""override_id"":""bench_closed"",""rank"":1,""target_id"":""place_hot_part""}},{""op"":""CommitEvent""}],""reason_code"":""AUTHORIZED_TRANSITION"",""schema_version"":""x16-cope-patch-v1""}","{""base_version"":7,""disposition"":""APPLY"",""event_id"":""x16:cc01"",""reason_code"":""AUTHORIZED_TRANSITION"",""schema_version"":""x16-compact-tx-v1"",""writes"":[{""op"":""replace"",""path"":""/commitments/place_hot_part/status"",""value"":""suspended""},{""op"":""replace"",""path"":""/commitments/place_hot_part/overridden_by"",""value"":[""bench_closed""]},{""op"":""add"",""path"":""/commitments/+/bench_closed"",""value"":{""arguments"":[""bench""],""authority"":100,""id"":""bench_closed"",""overridden_by"":[],""owner"":""task_owner"",""predicate"":""prohibit_place"",""priority"":230,""requires_all"":[],""requires_any"":[],""status"":""active"",""supersedes"":[]}},{""op"":""replace"",""path"":""/actions/carry_hot_part/status"",""value"":""cancelled""},{""op"":""replace"",""path"":""/actions/carry_hot_part/stop_reason"",""value"":""bench closed""},{""op"":""replace"",""path"":""/restorations"",""value"":[{""id"":""restore_hot_part"",""override_id"":""bench_closed"",""rank"":1,""target_id"":""place_hot_part""}]},{""op"":""add"",""path"":""/processed_events/+/x16:cc01"",""value"":{""event_id"":""x16:cc01"",""payload_sha256"":""40f2d85dfdc6e494b1ff415ca14a054f9fba5d20b26c468a5f677065f7d2f580""}},{""op"":""replace"",""path"":""/state_version"",""value"":8},{""op"":""replace"",""path"":""/evidence_version"",""value"":71}]}","{""base_version"":7,""disposition"":""APPLY"",""event_id"":""x16:cc01"",""reason_code"":""AUTHORIZED_TRANSITION"",""schema_version"":""x16-fsr-pc-v1"",""state"":{""actions"":[{""commitment_id"":""place_hot_part"",""id"":""carry_hot_part"",""progress"":55,""reversible"":true,""status"":""cancelled"",""stop_reason"":""bench closed""}],""commitments"":[{""arguments"":[""part"",""bench""],""authority"":100,""id"":""place_hot_part"",""overridden_by"":[""bench_closed""],""owner"":""task_owner"",""predicate"":""placed"",""requires_all"":[],""requires_any"":[],""status"":""suspended"",""supersedes"":[]},{""arguments"":[""bench""],""authority"":100,""id"":""bench_closed"",""overridden_by"":[],""owner"":""task_owner"",""predicate"":""prohibit_place"",""priority"":230,""requires_all"":[],""requires_any"":[],""status"":""active"",""supersedes"":[]}],""evidence_version"":71,""facts"":{},""processed_events"":[{""event_id"":""x16:cc01"",""payload_sha256"":""40f2d85dfdc6e494b1ff415ca14a054f9fba5d20b26c468a5f677065f7d2f580""}],""progress"":[],""restorations"":[{""id"":""restore_hot_part"",""override_id"":""bench_closed"",""rank"":1,""target_id"":""place_hot_part""}],""schema_version"":""x16-state-v1"",""state_version"":8}}"
X16-CC02,ABSTAIN,INSUFFICIENT_SAFETY_EVIDENCE,STOP:ABSTAIN,f924292eae4cdc25b28ad18b6bcd3fd8afad0401ffa329c87fc3ee7c7fe9f427,"{""actions"":[{""commitment_id"":""pour_reagent"",""id"":""pour_now"",""progress"":80,""reversible"":false,""status"":""executing"",""stop_reason"":null}],""commitments"":[{""arguments"":[""reagent"",""vessel""],""authority"":100,""id"":""pour_reagent"",""overridden_by"":[],""owner"":""task_owner"",""predicate"":""mixed"",""requires_all"":[],""requires_any"":[],""status"":""active"",""supersedes"":[]}],""evidence_version"":70,""facts"":{""safe_to_abort"":null,""safe_to_finish"":null},""processed_events"":[],""progress"":[],""restorations"":[],""schema_version"":""x16-state-v1"",""state_version"":7}","{""base_version"":7,""disposition"":""ABSTAIN"",""event_id"":""x16:cc02"",""operations"":[],""reason_code"":""INSUFFICIENT_SAFETY_EVIDENCE"",""schema_version"":""x16-cope-patch-v1""}","{""base_version"":7,""disposition"":""ABSTAIN"",""event_id"":""x16:cc02"",""reason_code"":""INSUFFICIENT_SAFETY_EVIDENCE"",""schema_version"":""x16-compact-tx-v1"",""writes"":[]}","{""base_version"":7,""disposition"":""ABSTAIN"",""event_id"":""x16:cc02"",""reason_code"":""INSUFFICIENT_SAFETY_EVIDENCE"",""schema_version"":""x16-fsr-pc-v1"",""state"":{""actions"":[{""commitment_id"":""pour_reagent"",""id"":""pour_now"",""progress"":80,""reversible"":false,""status"":""executing"",""stop_reason"":null}],""commitments"":[{""arguments"":[""reagent"",""vessel""],""authority"":100,""id"":""pour_reagent"",""overridden_by"":[],""owner"":""task_owner"",""predicate"":""mixed"",""requires_all"":[],""requires_any"":[],""status"":""active"",""supersedes"":[]}],""evidence_version"":70,""facts"":{""safe_to_abort"":null,""safe_to_finish"":null},""processed_events"":[],""progress"":[],""restorations"":[],""schema_version"":""x16-state-v1"",""state_version"":7}}"
X16-CV01,APPLY,AUTHORIZED_TRANSITION,CONTINUE:drive_sample,419aa2f53941082ad038d4ce1ced7c914fe04b73605581c9d2d6c5d57b29d1a9,"{""actions"":[{""commitment_id"":""deliver_cold"",""eta"":85,""id"":""drive_sample"",""progress"":60,""reversible"":true,""status"":""executing"",""stop_reason"":null}],""commitments"":[{""arguments"":[""sample"",""lab""],""authority"":100,""deadline"":100,""id"":""deliver_cold"",""overridden_by"":[],""owner"":""task_owner"",""predicate"":""delivered"",""requires_all"":[],""requires_any"":[],""status"":""active"",""supersedes"":[]}],""evidence_version"":71,""facts"":{},""processed_events"":[{""event_id"":""x16:cv01"",""payload_sha256"":""d27a21962f70ff109060e55d15aaee1924838636f4485eec2cee3ae820c5013e""}],""progress"":[],""restorations"":[],""schema_version"":""x16-state-v1"",""state_version"":8}","{""base_version"":7,""disposition"":""APPLY"",""event_id"":""x16:cv01"",""operations"":[{""field"":""deadline"",""op"":""SetCommitmentField"",""target_id"":""deliver_cold"",""value"":100},{""op"":""CommitEvent""}],""reason_code"":""AUTHORIZED_TRANSITION"",""schema_version"":""x16-cope-patch-v1""}","{""base_version"":7,""disposition"":""APPLY"",""event_id"":""x16:cv01"",""reason_code"":""AUTHORIZED_TRANSITION"",""schema_version"":""x16-compact-tx-v1"",""writes"":[{""op"":""replace"",""path"":""/commitments/deliver_cold/deadline"",""value"":100},{""op"":""add"",""path"":""/processed_events/+/x16:cv01"",""value"":{""event_id"":""x16:cv01"",""payload_sha256"":""d27a21962f70ff109060e55d15aaee1924838636f4485eec2cee3ae820c5013e""}},{""op"":""replace"",""path"":""/state_version"",""value"":8},{""op"":""replace"",""path"":""/evidence_version"",""value"":71}]}","{""base_version"":7,""disposition"":""APPLY"",""event_id"":""x16:cv01"",""reason_code"":""AUTHORIZED_TRANSITION"",""schema_version"":""x16-fsr-pc-v1"",""state"":{""actions"":[{""commitment_id"":""deliver_cold"",""eta"":85,""id"":""drive_sample"",""progress"":60,""reversible"":true,""status"":""executing"",""stop_reason"":null}],""commitments"":[{""arguments"":[""sample"",""lab""],""authority"":100,""deadline"":100,""id"":""deliver_cold"",""overridden_by"":[],""owner"":""task_owner"",""predicate"":""delivered"",""requires_all"":[],""requires_any"":[],""status"":""active"",""supersedes"":[]}],""evidence_version"":71,""facts"":{},""processed_events"":[{""event_id"":""x16:cv01"",""payload_sha256"":""d27a21962f70ff109060e55d15aaee1924838636f4485eec2cee3ae820c5013e""}],""progress"":[],""restorations"":[],""schema_version"":""x16-state-v1"",""state_version"":8}}"
X16-CV02,APPLY,AUTHORIZED_TRANSITION,CONTINUE:go_junction,34713d1fa5f57e6e3278b5f2daade3c2a06897eca628796e75a0d031070d2e30,"{""actions"":[{""commitment_id"":""navigate"",""id"":""go_junction"",""progress"":35,""reversible"":true,""status"":""executing"",""stop_reason"":null}],""commitments"":[{""arguments"":[""robot"",""junction""],""authority"":100,""id"":""navigate"",""overridden_by"":[],""owner"":""task_owner"",""predicate"":""at"",""requires_all"":[],""requires_any"":[],""status"":""active"",""supersedes"":[]},{""arguments"":[""left_panel""],""authority"":100,""id"":""inspect_left"",""overridden_by"":[],""owner"":""task_owner"",""predicate"":""inspected"",""requires_all"":[""navigate""],""requires_any"":[],""status"":""superseded"",""supersedes"":[]},{""arguments"":[""right_panel""],""authority"":100,""id"":""inspect_right"",""overridden_by"":[],""owner"":""task_owner"",""predicate"":""inspected"",""requires_all"":[""navigate""],""requires_any"":[],""status"":""active"",""supersedes"":[""inspect_left""]}],""evidence_version"":71,""facts"":{},""processed_events"":[{""event_id"":""x16:cv02"",""payload_sha256"":""57dbf62daadffbfa9eafbe2f120e61829db0d403469983843fbd4a3d360f8c69""}],""progress"":[],""restorations"":[],""schema_version"":""x16-state-v1"",""state_version"":8}","{""base_version"":7,""disposition"":""APPLY"",""event_id"":""x16:cv02"",""operations"":[{""op"":""SetCommitmentStatus"",""status"":""superseded"",""target_id"":""inspect_left""},{""op"":""InsertCommitment"",""record"":{""arguments"":[""right_panel""],""authority"":100,""id"":""inspect_right"",""overridden_by"":[],""owner"":""task_owner"",""predicate"":""inspected"",""requires_all"":[""navigate""],""requires_any"":[],""status"":""active"",""supersedes"":[""inspect_left""]}},{""op"":""CommitEvent""}],""reason_code"":""AUTHORIZED_TRANSITION"",""schema_version"":""x16-cope-patch-v1""}","{""base_version"":7,""disposition"":""APPLY"",""event_id"":""x16:cv02"",""reason_code"":""AUTHORIZED_TRANSITION"",""schema_version"":""x16-compact-tx-v1"",""writes"":[{""op"":""replace"",""path"":""/commitments/inspect_left/status"",""value"":""superseded""},{""op"":""add"",""path"":""/commitments/+/inspect_right"",""value"":{""arguments"":[""right_panel""],""authority"":100,""id"":""inspect_right"",""overridden_by"":[],""owner"":""task_owner"",""predicate"":""inspected"",""requires_all"":[""navigate""],""requires_any"":[],""status"":""active"",""supersedes"":[""inspect_left""]}},{""op"":""add"",""path"":""/processed_events/+/x16:cv02"",""value"":{""event_id"":""x16:cv02"",""payload_sha256"":""57dbf62daadffbfa9eafbe2f120e61829db0d403469983843fbd4a3d360f8c69""}},{""op"":""replace"",""path"":""/state_version"",""value"":8},{""op"":""replace"",""path"":""/evidence_version"",""value"":71}]}","{""base_version"":7,""disposition"":""APPLY"",""event_id"":""x16:cv02"",""reason_code"":""AUTHORIZED_TRANSITION"",""schema_version"":""x16-fsr-pc-v1"",""state"":{""actions"":[{""commitment_id"":""navigate"",""id"":""go_junction"",""progress"":35,""reversible"":true,""status"":""executing"",""stop_reason"":null}],""commitments"":[{""arguments"":[""robot"",""junction""],""authority"":100,""id"":""navigate"",""overridden_by"":[],""owner"":""task_owner"",""predicate"":""at"",""requires_all"":[],""requires_any"":[],""status"":""active"",""supersedes"":[]},{""arguments"":[""left_panel""],""authority"":100,""id"":""inspect_left"",""overridden_by"":[],""owner"":""task_owner"",""predicate"":""inspected"",""requires_all"":[""navigate""],""requires_any"":[],""status"":""superseded"",""supersedes"":[]},{""arguments"":[""right_panel""],""authority"":100,""id"":""inspect_right"",""overridden_by"":[],""owner"":""task_owner"",""predicate"":""inspected"",""requires_all"":[""navigate""],""requires_any"":[],""status"":""active"",""supersedes"":[""inspect_left""]}],""evidence_version"":71,""facts"":{},""processed_events"":[{""event_id"":""x16:cv02"",""payload_sha256"":""57dbf62daadffbfa9eafbe2f120e61829db0d403469983843fbd4a3d360f8c69""}],""progress"":[],""restorations"":[],""schema_version"":""x16-state-v1"",""state_version"":8}}"
X16-M01,APPLY,AUTHORIZED_TRANSITION,PLAN:calibrate,d394a0fc52692d617532255c04ac27072ac04871a808459a9214b8c13dcf945b,"{""actions"":[],""commitments"":[{""arguments"":[""sensor""],""authority"":100,""id"":""calibrate"",""overridden_by"":[],""owner"":""task_owner"",""predicate"":""calibrated"",""requires_all"":[],""requires_any"":[],""status"":""invalid"",""supersedes"":[]},{""arguments"":[""sensor""],""authority"":100,""id"":""power"",""overridden_by"":[],""owner"":""task_owner"",""predicate"":""powered"",""requires_all"":[],""requires_any"":[],""status"":""active"",""supersedes"":[]},{""arguments"":[""sample""],""authority"":100,""id"":""measure"",""overridden_by"":[],""owner"":""task_owner"",""predicate"":""measured"",""requires_all"":[""calibrate"",""power""],""requires_any"":[],""status"":""blocked"",""supersedes"":[]},{""arguments"":[""sample""],""authority"":100,""id"":""report"",""overridden_by"":[],""owner"":""task_owner"",""predicate"":""reported"",""requires_all"":[""measure""],""requires_any"":[],""status"":""blocked"",""supersedes"":[]}],""evidence_version"":71,""facts"":{},""processed_events"":[{""event_id"":""x16:m01"",""payload_sha256"":""c292488bdf2d92114a790b9e5682e6926054b23a286d1f5397850c7f34803867""}],""progress"":[],""restorations"":[],""schema_version"":""x16-state-v1"",""state_version"":8}","{""base_version"":7,""disposition"":""APPLY"",""event_id"":""x16:m01"",""operations"":[{""op"":""SetCommitmentStatus"",""status"":""invalid"",""target_id"":""calibrate""},{""op"":""SetCommitmentStatus"",""status"":""blocked"",""target_id"":""measure""},{""op"":""SetCommitmentStatus"",""status"":""blocked"",""target_id"":""report""},{""op"":""CommitEvent""}],""reason_code"":""AUTHORIZED_TRANSITION"",""schema_version"":""x16-cope-patch-v1""}","{""base_version"":7,""disposition"":""APPLY"",""event_id"":""x16:m01"",""reason_code"":""AUTHORIZED_TRANSITION"",""schema_version"":""x16-compact-tx-v1"",""writes"":[{""op"":""replace"",""path"":""/commitments/calibrate/status"",""value"":""invalid""},{""op"":""replace"",""path"":""/commitments/measure/status"",""value"":""blocked""},{""op"":""replace"",""path"":""/commitments/report/status"",""value"":""blocked""},{""op"":""add"",""path"":""/processed_events/+/x16:m01"",""value"":{""event_id"":""x16:m01"",""payload_sha256"":""c292488bdf2d92114a790b9e5682e6926054b23a286d1f5397850c7f34803867""}},{""op"":""replace"",""path"":""/state_version"",""value"":8},{""op"":""replace"",""path"":""/evidence_version"",""value"":71}]}","{""base_version"":7,""disposition"":""APPLY"",""event_id"":""x16:m01"",""reason_code"":""AUTHORIZED_TRANSITION"",""schema_version"":""x16-fsr-pc-v1"",""state"":{""actions"":[],""commitments"":[{""arguments"":[""sensor""],""authority"":100,""id"":""calibrate"",""overridden_by"":[],""owner"":""task_owner"",""predicate"":""calibrated"",""requires_all"":[],""requires_any"":[],""status"":""invalid"",""supersedes"":[]},{""arguments"":[""sensor""],""authority"":100,""id"":""power"",""overridden_by"":[],""owner"":""task_owner"",""predicate"":""powered"",""requires_all"":[],""requires_any"":[],""status"":""active"",""supersedes"":[]},{""arguments"":[""sample""],""authority"":100,""id"":""measure"",""overridden_by"":[],""owner"":""task_owner"",""predicate"":""measured"",""requires_all"":[""calibrate"",""power""],""requires_any"":[],""status"":""blocked"",""supersedes"":[]},{""arguments"":[""sample""],""authority"":100,""id"":""report"",""overridden_by"":[],""owner"":""task_owner"",""predicate"":""reported"",""requires_all"":[""measure""],""requires_any"":[],""status"":""blocked"",""supersedes"":[]}],""evidence_version"":71,""facts"":{},""processed_events"":[{""event_id"":""x16:m01"",""payload_sha256"":""c292488bdf2d92114a790b9e5682e6926054b23a286d1f5397850c7f34803867""}],""progress"":[],""restorations"":[],""schema_version"":""x16-state-v1"",""state_version"":8}}"
X16-M02,APPLY,AUTHORIZED_TRANSITION,PLAN:upload,af7a2ae69509ffdcc9d7a91e9a715ff981f310d3da0dd1ae4a73d036dd8289a7,"{""actions"":[],""commitments"":[{""arguments"":[""wifi""],""authority"":100,""id"":""wifi"",""overridden_by"":[],""owner"":""task_owner"",""predicate"":""connected"",""requires_all"":[],""requires_any"":[],""status"":""invalid"",""supersedes"":[]},{""arguments"":[""ethernet""],""authority"":100,""id"":""ethernet"",""overridden_by"":[],""owner"":""task_owner"",""predicate"":""connected"",""requires_all"":[],""requires_any"":[],""status"":""satisfied"",""supersedes"":[]},{""arguments"":[""dataset""],""authority"":100,""id"":""upload"",""overridden_by"":[],""owner"":""task_owner"",""predicate"":""uploaded"",""requires_all"":[],""requires_any"":[""ethernet""],""status"":""active"",""supersedes"":[]}],""evidence_version"":71,""facts"":{},""processed_events"":[{""event_id"":""x16:m02"",""payload_sha256"":""aeaac9efa047677e221062fb68965d604c8b2bcce81cb4582c8534faa75ade49""}],""progress"":[{""achieved"":true,""goal_relevant"":true,""id"":""ethernet_link"",""physically_valid"":true}],""restorations"":[],""schema_version"":""x16-state-v1"",""state_version"":8}","{""base_version"":7,""disposition"":""APPLY"",""event_id"":""x16:m02"",""operations"":[{""field"":""requires_any"",""op"":""SetCommitmentField"",""target_id"":""upload"",""value"":[""ethernet""]},{""op"":""CommitEvent""}],""reason_code"":""AUTHORIZED_TRANSITION"",""schema_version"":""x16-cope-patch-v1""}","{""base_version"":7,""disposition"":""APPLY"",""event_id"":""x16:m02"",""reason_code"":""AUTHORIZED_TRANSITION"",""schema_version"":""x16-compact-tx-v1"",""writes"":[{""op"":""replace"",""path"":""/commitments/upload/requires_any"",""value"":[""ethernet""]},{""op"":""add"",""path"":""/processed_events/+/x16:m02"",""value"":{""event_id"":""x16:m02"",""payload_sha256"":""aeaac9efa047677e221062fb68965d604c8b2bcce81cb4582c8534faa75ade49""}},{""op"":""replace"",""path"":""/state_version"",""value"":8},{""op"":""replace"",""path"":""/evidence_version"",""value"":71}]}","{""base_version"":7,""disposition"":""APPLY"",""event_id"":""x16:m02"",""reason_code"":""AUTHORIZED_TRANSITION"",""schema_version"":""x16-fsr-pc-v1"",""state"":{""actions"":[],""commitments"":[{""arguments"":[""wifi""],""authority"":100,""id"":""wifi"",""overridden_by"":[],""owner"":""task_owner"",""predicate"":""connected"",""requires_all"":[],""requires_any"":[],""status"":""invalid"",""supersedes"":[]},{""arguments"":[""ethernet""],""authority"":100,""id"":""ethernet"",""overridden_by"":[],""owner"":""task_owner"",""predicate"":""connected"",""requires_all"":[],""requires_any"":[],""status"":""satisfied"",""supersedes"":[]},{""arguments"":[""dataset""],""authority"":100,""id"":""upload"",""overridden_by"":[],""owner"":""task_owner"",""predicate"":""uploaded"",""requires_all"":[],""requires_any"":[""ethernet""],""status"":""active"",""supersedes"":[]}],""evidence_version"":71,""facts"":{},""processed_events"":[{""event_id"":""x16:m02"",""payload_sha256"":""aeaac9efa047677e221062fb68965d604c8b2bcce81cb4582c8534faa75ade49""}],""progress"":[{""achieved"":true,""goal_relevant"":true,""id"":""ethernet_link"",""physically_valid"":true}],""restorations"":[],""schema_version"":""x16-state-v1"",""state_version"":8}}"
X16-PP01,APPLY,AUTHORIZED_TRANSITION,HALT,db7d634da2a0c2ec741083d131cce3ee56354784020e71e93d030fd170014020,"{""actions"":[{""commitment_id"":""coat"",""id"":""coat_part"",""progress"":0,""reversible"":true,""status"":""cancelled"",""stop_reason"":""final coating cancelled""}],""commitments"":[{""arguments"":[""part""],""authority"":100,""id"":""wash"",""overridden_by"":[],""owner"":""task_owner"",""predicate"":""washed"",""requires_all"":[],""requires_any"":[],""status"":""satisfied"",""supersedes"":[]},{""arguments"":[""part""],""authority"":100,""id"":""dry"",""overridden_by"":[],""owner"":""task_owner"",""predicate"":""dried"",""requires_all"":[""wash""],""requires_any"":[],""status"":""satisfied"",""supersedes"":[]},{""arguments"":[""part""],""authority"":100,""id"":""coat"",""overridden_by"":[],""owner"":""task_owner"",""predicate"":""coated"",""requires_all"":[""dry""],""requires_any"":[],""status"":""cancelled"",""supersedes"":[]}],""evidence_version"":71,""facts"":{},""processed_events"":[{""event_id"":""x16:pp01"",""payload_sha256"":""5962354cfac32f387e105bb5f3e734d846ac715dcdfa44f91a25faf2ae94bb89""}],""progress"":[{""achieved"":true,""goal_relevant"":true,""id"":""wash_done"",""physically_valid"":true},{""achieved"":true,""goal_relevant"":true,""id"":""dry_done"",""physically_valid"":true}],""restorations"":[],""schema_version"":""x16-state-v1"",""state_version"":8}","{""base_version"":7,""disposition"":""APPLY"",""event_id"":""x16:pp01"",""operations"":[{""op"":""SetCommitmentStatus"",""status"":""cancelled"",""target_id"":""coat""},{""fields"":{""status"":""cancelled"",""stop_reason"":""final coating cancelled""},""op"":""SetAction"",""target_id"":""coat_part""},{""op"":""CommitEvent""}],""reason_code"":""AUTHORIZED_TRANSITION"",""schema_version"":""x16-cope-patch-v1""}","{""base_version"":7,""disposition"":""APPLY"",""event_id"":""x16:pp01"",""reason_code"":""AUTHORIZED_TRANSITION"",""schema_version"":""x16-compact-tx-v1"",""writes"":[{""op"":""replace"",""path"":""/commitments/coat/status"",""value"":""cancelled""},{""op"":""replace"",""path"":""/actions/coat_part/status"",""value"":""cancelled""},{""op"":""replace"",""path"":""/actions/coat_part/stop_reason"",""value"":""final coating cancelled""},{""op"":""add"",""path"":""/processed_events/+/x16:pp01"",""value"":{""event_id"":""x16:pp01"",""payload_sha256"":""5962354cfac32f387e105bb5f3e734d846ac715dcdfa44f91a25faf2ae94bb89""}},{""op"":""replace"",""path"":""/state_version"",""value"":8},{""op"":""replace"",""path"":""/evidence_version"",""value"":71}]}","{""base_version"":7,""disposition"":""APPLY"",""event_id"":""x16:pp01"",""reason_code"":""AUTHORIZED_TRANSITION"",""schema_version"":""x16-fsr-pc-v1"",""state"":{""actions"":[{""commitment_id"":""coat"",""id"":""coat_part"",""progress"":0,""reversible"":true,""status"":""cancelled"",""stop_reason"":""final coating cancelled""}],""commitments"":[{""arguments"":[""part""],""authority"":100,""id"":""wash"",""overridden_by"":[],""owner"":""task_owner"",""predicate"":""washed"",""requires_all"":[],""requires_any"":[],""status"":""satisfied"",""supersedes"":[]},{""arguments"":[""part""],""authority"":100,""id"":""dry"",""overridden_by"":[],""owner"":""task_owner"",""predicate"":""dried"",""requires_all"":[""wash""],""requires_any"":[],""status"":""satisfied"",""supersedes"":[]},{""arguments"":[""part""],""authority"":100,""id"":""coat"",""overridden_by"":[],""owner"":""task_owner"",""predicate"":""coated"",""requires_all"":[""dry""],""requires_any"":[],""status"":""cancelled"",""supersedes"":[]}],""evidence_version"":71,""facts"":{},""processed_events"":[{""event_id"":""x16:pp01"",""payload_sha256"":""5962354cfac32f387e105bb5f3e734d846ac715dcdfa44f91a25faf2ae94bb89""}],""progress"":[{""achieved"":true,""goal_relevant"":true,""id"":""wash_done"",""physically_valid"":true},{""achieved"":true,""goal_relevant"":true,""id"":""dry_done"",""physically_valid"":true}],""restorations"":[],""schema_version"":""x16-state-v1"",""state_version"":8}}"
X16-PP02,APPLY,AUTHORIZED_TRANSITION,PLAN:attach_sensor_b,abe660c7e907b3d32d264d2bfa7907b2e931d8ca000ba3b9e6cdd5db777f0457,"{""actions"":[],""commitments"":[{""arguments"":[""frame""],""authority"":100,""id"":""assemble_frame"",""overridden_by"":[],""owner"":""task_owner"",""predicate"":""assembled"",""requires_all"":[],""requires_any"":[],""status"":""satisfied"",""supersedes"":[]},{""arguments"":[""sensor_a"",""frame""],""authority"":100,""id"":""attach_sensor"",""overridden_by"":[],""owner"":""task_owner"",""predicate"":""attached"",""requires_all"":[""assemble_frame""],""requires_any"":[],""status"":""obsolete"",""supersedes"":[]},{""arguments"":[""sensor_a""],""authority"":100,""id"":""calibrate_sensor"",""overridden_by"":[],""owner"":""task_owner"",""predicate"":""calibrated"",""requires_all"":[""attach_sensor_b""],""requires_any"":[],""status"":""active"",""supersedes"":[]},{""arguments"":[""sensor_b"",""frame""],""authority"":100,""id"":""attach_sensor_b"",""overridden_by"":[],""owner"":""task_owner"",""predicate"":""attached"",""requires_all"":[""assemble_frame""],""requires_any"":[],""status"":""active"",""supersedes"":[""attach_sensor""]}],""evidence_version"":71,""facts"":{""sensor_a_failed"":true},""processed_events"":[{""event_id"":""x16:pp02"",""payload_sha256"":""741e72c7ca0247397b1e1c509cc731f5ad8c57737659fbe41d352f52cf4030fb""}],""progress"":[{""achieved"":true,""goal_relevant"":true,""id"":""frame_done"",""physically_valid"":true},{""achieved"":true,""goal_relevant"":false,""id"":""sensor_attached"",""physically_valid"":false}],""restorations"":[],""schema_version"":""x16-state-v1"",""state_version"":8}","{""base_version"":7,""disposition"":""APPLY"",""event_id"":""x16:pp02"",""operations"":[{""op"":""SetCommitmentStatus"",""status"":""obsolete"",""target_id"":""attach_sensor""},{""op"":""InsertCommitment"",""record"":{""arguments"":[""sensor_b"",""frame""],""authority"":100,""id"":""attach_sensor_b"",""overridden_by"":[],""owner"":""task_owner"",""predicate"":""attached"",""requires_all"":[""assemble_frame""],""requires_any"":[],""status"":""active"",""supersedes"":[""attach_sensor""]}},{""field"":""requires_all"",""op"":""SetCommitmentField"",""target_id"":""calibrate_sensor"",""value"":[""attach_sensor_b""]},{""fields"":{""goal_relevant"":false,""physically_valid"":false},""op"":""SetProgress"",""target_id"":""sensor_attached""},{""key"":""sensor_a_failed"",""op"":""SetFact"",""value"":true},{""op"":""CommitEvent""}],""reason_code"":""AUTHORIZED_TRANSITION"",""schema_version"":""x16-cope-patch-v1""}","{""base_version"":7,""disposition"":""APPLY"",""event_id"":""x16:pp02"",""reason_code"":""AUTHORIZED_TRANSITION"",""schema_version"":""x16-compact-tx-v1"",""writes"":[{""op"":""replace"",""path"":""/commitments/attach_sensor/status"",""value"":""obsolete""},{""op"":""replace"",""path"":""/commitments/calibrate_sensor/requires_all"",""value"":[""attach_sensor_b""]},{""op"":""add"",""path"":""/commitments/+/attach_sensor_b"",""value"":{""arguments"":[""sensor_b"",""frame""],""authority"":100,""id"":""attach_sensor_b"",""overridden_by"":[],""owner"":""task_owner"",""predicate"":""attached"",""requires_all"":[""assemble_frame""],""requires_any"":[],""status"":""active"",""supersedes"":[""attach_sensor""]}},{""op"":""replace"",""path"":""/progress/sensor_attached/physically_valid"",""value"":false},{""op"":""replace"",""path"":""/progress/sensor_attached/goal_relevant"",""value"":false},{""op"":""replace"",""path"":""/facts/sensor_a_failed"",""value"":true},{""op"":""add"",""path"":""/processed_events/+/x16:pp02"",""value"":{""event_id"":""x16:pp02"",""payload_sha256"":""741e72c7ca0247397b1e1c509cc731f5ad8c57737659fbe41d352f52cf4030fb""}},{""op"":""replace"",""path"":""/state_version"",""value"":8},{""op"":""replace"",""path"":""/evidence_version"",""value"":71}]}","{""base_version"":7,""disposition"":""APPLY"",""event_id"":""x16:pp02"",""reason_code"":""AUTHORIZED_TRANSITION"",""schema_version"":""x16-fsr-pc-v1"",""state"":{""actions"":[],""commitments"":[{""arguments"":[""frame""],""authority"":100,""id"":""assemble_frame"",""overridden_by"":[],""owner"":""task_owner"",""predicate"":""assembled"",""requires_all"":[],""requires_any"":[],""status"":""satisfied"",""supersedes"":[]},{""arguments"":[""sensor_a"",""frame""],""authority"":100,""id"":""attach_sensor"",""overridden_by"":[],""owner"":""task_owner"",""predicate"":""attached"",""requires_all"":[""assemble_frame""],""requires_any"":[],""status"":""obsolete"",""supersedes"":[]},{""arguments"":[""sensor_a""],""authority"":100,""id"":""calibrate_sensor"",""overridden_by"":[],""owner"":""task_owner"",""predicate"":""calibrated"",""requires_all"":[""attach_sensor_b""],""requires_any"":[],""status"":""active"",""supersedes"":[]},{""arguments"":[""sensor_b"",""frame""],""authority"":100,""id"":""attach_sensor_b"",""overridden_by"":[],""owner"":""task_owner"",""predicate"":""attached"",""requires_all"":[""assemble_frame""],""requires_any"":[],""status"":""active"",""supersedes"":[""attach_sensor""]}],""evidence_version"":71,""facts"":{""sensor_a_failed"":true},""processed_events"":[{""event_id"":""x16:pp02"",""payload_sha256"":""741e72c7ca0247397b1e1c509cc731f5ad8c57737659fbe41d352f52cf4030fb""}],""progress"":[{""achieved"":true,""goal_relevant"":true,""id"":""frame_done"",""physically_valid"":true},{""achieved"":true,""goal_relevant"":false,""id"":""sensor_attached"",""physically_valid"":false}],""restorations"":[],""schema_version"":""x16-state-v1"",""state_version"":8}}"
X16-E01,APPLY,AUTHORIZED_TRANSITION,PLAN:deliver,106c37eb0d34bd209c1cf4942ceb4818d029de3f3b898436158ae2937900318f,"{""actions"":[],""commitments"":[{""arguments"":[""parcel"",""dock_b""],""authority"":100,""id"":""deliver"",""overridden_by"":[],""owner"":""task_owner"",""predicate"":""delivered"",""requires_all"":[],""requires_any"":[],""status"":""active"",""supersedes"":[]},{""arguments"":[""parcel""],""authority"":100,""deadline"":200,""id"":""audit"",""overridden_by"":[],""owner"":""task_owner"",""predicate"":""audited"",""requires_all"":[""deliver""],""requires_any"":[],""status"":""active"",""supersedes"":[]}],""evidence_version"":71,""facts"":{""parcel_location"":""hub""},""processed_events"":[{""event_id"":""x16:e01"",""payload_sha256"":""724d342f4fd1e3226f77823fc01b55afe61ca4283142d7ac5ea0e95bef3e1c5a""}],""progress"":[],""restorations"":[],""schema_version"":""x16-state-v1"",""state_version"":8}","{""base_version"":7,""disposition"":""APPLY"",""event_id"":""x16:e01"",""operations"":[{""field"":""arguments"",""op"":""SetCommitmentField"",""target_id"":""deliver"",""value"":[""parcel"",""dock_b""]},{""field"":""deadline"",""op"":""SetCommitmentField"",""target_id"":""audit"",""value"":200},{""op"":""CommitEvent""}],""reason_code"":""AUTHORIZED_TRANSITION"",""schema_version"":""x16-cope-patch-v1""}","{""base_version"":7,""disposition"":""APPLY"",""event_id"":""x16:e01"",""reason_code"":""AUTHORIZED_TRANSITION"",""schema_version"":""x16-compact-tx-v1"",""writes"":[{""op"":""replace"",""path"":""/commitments/deliver/arguments"",""value"":[""parcel"",""dock_b""]},{""op"":""add"",""path"":""/commitments/audit/deadline"",""value"":200},{""op"":""add"",""path"":""/processed_events/+/x16:e01"",""value"":{""event_id"":""x16:e01"",""payload_sha256"":""724d342f4fd1e3226f77823fc01b55afe61ca4283142d7ac5ea0e95bef3e1c5a""}},{""op"":""replace"",""path"":""/state_version"",""value"":8},{""op"":""replace"",""path"":""/evidence_version"",""value"":71}]}","{""base_version"":7,""disposition"":""APPLY"",""event_id"":""x16:e01"",""reason_code"":""AUTHORIZED_TRANSITION"",""schema_version"":""x16-fsr-pc-v1"",""state"":{""actions"":[],""commitments"":[{""arguments"":[""parcel"",""dock_b""],""authority"":100,""id"":""deliver"",""overridden_by"":[],""owner"":""task_owner"",""predicate"":""delivered"",""requires_all"":[],""requires_any"":[],""status"":""active"",""supersedes"":[]},{""arguments"":[""parcel""],""authority"":100,""deadline"":200,""id"":""audit"",""overridden_by"":[],""owner"":""task_owner"",""predicate"":""audited"",""requires_all"":[""deliver""],""requires_any"":[],""status"":""active"",""supersedes"":[]}],""evidence_version"":71,""facts"":{""parcel_location"":""hub""},""processed_events"":[{""event_id"":""x16:e01"",""payload_sha256"":""724d342f4fd1e3226f77823fc01b55afe61ca4283142d7ac5ea0e95bef3e1c5a""}],""progress"":[],""restorations"":[],""schema_version"":""x16-state-v1"",""state_version"":8}}"
X16-E02,ABSTAIN,AMBIGUOUS_EVENT_ORDER,STOP:ABSTAIN,47693b683146ff7c9a53145c62dd3d4c0b12ed5b0219320b01ef807145205024,"{""actions"":[],""commitments"":[{""arguments"":[""parcel"",""dock_a""],""authority"":100,""id"":""route"",""overridden_by"":[],""owner"":""task_owner"",""predicate"":""delivered"",""requires_all"":[],""requires_any"":[],""status"":""active"",""supersedes"":[]}],""evidence_version"":70,""facts"":{},""processed_events"":[],""progress"":[],""restorations"":[],""schema_version"":""x16-state-v1"",""state_version"":7}","{""base_version"":7,""disposition"":""ABSTAIN"",""event_id"":""x16:e02"",""operations"":[],""reason_code"":""AMBIGUOUS_EVENT_ORDER"",""schema_version"":""x16-cope-patch-v1""}","{""base_version"":7,""disposition"":""ABSTAIN"",""event_id"":""x16:e02"",""reason_code"":""AMBIGUOUS_EVENT_ORDER"",""schema_version"":""x16-compact-tx-v1"",""writes"":[]}","{""base_version"":7,""disposition"":""ABSTAIN"",""event_id"":""x16:e02"",""reason_code"":""AMBIGUOUS_EVENT_ORDER"",""schema_version"":""x16-fsr-pc-v1"",""state"":{""actions"":[],""commitments"":[{""arguments"":[""parcel"",""dock_a""],""authority"":100,""id"":""route"",""overridden_by"":[],""owner"":""task_owner"",""predicate"":""delivered"",""requires_all"":[],""requires_any"":[],""status"":""active"",""supersedes"":[]}],""evidence_version"":70,""facts"":{},""processed_events"":[],""progress"":[],""restorations"":[],""schema_version"":""x16-state-v1"",""state_version"":7}}"
X16-OR01,NO_OP,REPLACEMENT_ALREADY_CURRENT,HALT,acfe7c3290af1ffd79224429faa0bf43713faac945d35b1c846cfbf483c066e0,"{""actions"":[],""commitments"":[{""arguments"":[""parcel"",""dock_a""],""authority"":100,""id"":""old_route"",""overridden_by"":[],""owner"":""task_owner"",""predicate"":""delivered"",""requires_all"":[],""requires_any"":[],""status"":""superseded"",""supersedes"":[]},{""arguments"":[""parcel"",""dock_b""],""authority"":100,""id"":""current_route"",""overridden_by"":[],""owner"":""task_owner"",""predicate"":""delivered"",""requires_all"":[],""requires_any"":[],""status"":""active"",""supersedes"":[""old_route""]}],""evidence_version"":70,""facts"":{},""processed_events"":[],""progress"":[],""restorations"":[],""schema_version"":""x16-state-v1"",""state_version"":7}","{""base_version"":7,""disposition"":""NO_OP"",""event_id"":""x16:or01"",""operations"":[],""reason_code"":""REPLACEMENT_ALREADY_CURRENT"",""schema_version"":""x16-cope-patch-v1""}","{""base_version"":7,""disposition"":""NO_OP"",""event_id"":""x16:or01"",""reason_code"":""REPLACEMENT_ALREADY_CURRENT"",""schema_version"":""x16-compact-tx-v1"",""writes"":[]}","{""base_version"":7,""disposition"":""NO_OP"",""event_id"":""x16:or01"",""reason_code"":""REPLACEMENT_ALREADY_CURRENT"",""schema_version"":""x16-fsr-pc-v1"",""state"":{""actions"":[],""commitments"":[{""arguments"":[""parcel"",""dock_a""],""authority"":100,""id"":""old_route"",""overridden_by"":[],""owner"":""task_owner"",""predicate"":""delivered"",""requires_all"":[],""requires_any"":[],""status"":""superseded"",""supersedes"":[]},{""arguments"":[""parcel"",""dock_b""],""authority"":100,""id"":""current_route"",""overridden_by"":[],""owner"":""task_owner"",""predicate"":""delivered"",""requires_all"":[],""requires_any"":[],""status"":""active"",""supersedes"":[""old_route""]}],""evidence_version"":70,""facts"":{},""processed_events"":[],""progress"":[],""restorations"":[],""schema_version"":""x16-state-v1"",""state_version"":7}}"
X16-OR02,REJECT,REPLACEMENT_UNAVAILABLE,STOP:REJECT,ca298f2ef04f8a62ba6751333bb9f2ae2b0865743080e69af61f8f850ecb4916,"{""actions"":[],""commitments"":[{""arguments"":[""batch_a"",""clinic""],""authority"":100,""id"":""deliver_vaccine"",""overridden_by"":[],""owner"":""task_owner"",""predicate"":""delivered"",""requires_all"":[],""requires_any"":[],""status"":""active"",""supersedes"":[]}],""evidence_version"":70,""facts"":{""batch_b_available"":false},""processed_events"":[],""progress"":[],""restorations"":[],""schema_version"":""x16-state-v1"",""state_version"":7}","{""base_version"":7,""disposition"":""REJECT"",""event_id"":""x16:or02"",""operations"":[],""reason_code"":""REPLACEMENT_UNAVAILABLE"",""schema_version"":""x16-cope-patch-v1""}","{""base_version"":7,""disposition"":""REJECT"",""event_id"":""x16:or02"",""reason_code"":""REPLACEMENT_UNAVAILABLE"",""schema_version"":""x16-compact-tx-v1"",""writes"":[]}","{""base_version"":7,""disposition"":""REJECT"",""event_id"":""x16:or02"",""reason_code"":""REPLACEMENT_UNAVAILABLE"",""schema_version"":""x16-fsr-pc-v1"",""state"":{""actions"":[],""commitments"":[{""arguments"":[""batch_a"",""clinic""],""authority"":100,""id"":""deliver_vaccine"",""overridden_by"":[],""owner"":""task_owner"",""predicate"":""delivered"",""requires_all"":[],""requires_any"":[],""status"":""active"",""supersedes"":[]}],""evidence_version"":70,""facts"":{""batch_b_available"":false},""processed_events"":[],""progress"":[],""restorations"":[],""schema_version"":""x16-state-v1"",""state_version"":7}}"
X16-AS01,NO_OP,GOAL_ALREADY_SATISFIED,HALT,4ed85a7baad47b4ff8268e9d8385baf39988e608cd0d7f215d1ddd83c18e1834,"{""actions"":[],""commitments"":[{""arguments"":[""door""],""authority"":100,""id"":""ensure_door_closed"",""overridden_by"":[],""owner"":""task_owner"",""predicate"":""closed"",""requires_all"":[],""requires_any"":[],""status"":""satisfied"",""supersedes"":[]}],""evidence_version"":70,""facts"":{""door_closed"":true},""processed_events"":[],""progress"":[],""restorations"":[],""schema_version"":""x16-state-v1"",""state_version"":7}","{""base_version"":7,""disposition"":""NO_OP"",""event_id"":""x16:as01"",""operations"":[],""reason_code"":""GOAL_ALREADY_SATISFIED"",""schema_version"":""x16-cope-patch-v1""}","{""base_version"":7,""disposition"":""NO_OP"",""event_id"":""x16:as01"",""reason_code"":""GOAL_ALREADY_SATISFIED"",""schema_version"":""x16-compact-tx-v1"",""writes"":[]}","{""base_version"":7,""disposition"":""NO_OP"",""event_id"":""x16:as01"",""reason_code"":""GOAL_ALREADY_SATISFIED"",""schema_version"":""x16-fsr-pc-v1"",""state"":{""actions"":[],""commitments"":[{""arguments"":[""door""],""authority"":100,""id"":""ensure_door_closed"",""overridden_by"":[],""owner"":""task_owner"",""predicate"":""closed"",""requires_all"":[],""requires_any"":[],""status"":""satisfied"",""supersedes"":[]}],""evidence_version"":70,""facts"":{""door_closed"":true},""processed_events"":[],""progress"":[],""restorations"":[],""schema_version"":""x16-state-v1"",""state_version"":7}}"
X16-AS02,APPLY,AUTHORIZED_TRANSITION,HALT,e911b94e4c4b52a73b177fc95166cea00aefd376b541b69ec4284209d41a0d8e,"{""actions"":[],""commitments"":[{""arguments"":[""robot"",""bay_a""],""authority"":100,""id"":""park_a"",""overridden_by"":[],""owner"":""task_owner"",""predicate"":""at"",""requires_all"":[],""requires_any"":[],""status"":""superseded"",""supersedes"":[]},{""arguments"":[""robot"",""bay_b""],""authority"":100,""id"":""park_b"",""overridden_by"":[],""owner"":""task_owner"",""predicate"":""at"",""requires_all"":[],""requires_any"":[],""status"":""satisfied"",""supersedes"":[""park_a""]}],""evidence_version"":71,""facts"":{""robot_location"":""bay_b""},""processed_events"":[{""event_id"":""x16:as02"",""payload_sha256"":""ee1819bfa9a352974eac7d3100431f24057f1208eb71a2df1fc5e0025f8b7abe""}],""progress"":[{""achieved"":true,""goal_relevant"":true,""id"":""park_b_observed"",""physically_valid"":true}],""restorations"":[],""schema_version"":""x16-state-v1"",""state_version"":8}","{""base_version"":7,""disposition"":""APPLY"",""event_id"":""x16:as02"",""operations"":[{""op"":""SetCommitmentStatus"",""status"":""superseded"",""target_id"":""park_a""},{""op"":""InsertCommitment"",""record"":{""arguments"":[""robot"",""bay_b""],""authority"":100,""id"":""park_b"",""overridden_by"":[],""owner"":""task_owner"",""predicate"":""at"",""requires_all"":[],""requires_any"":[],""status"":""satisfied"",""supersedes"":[""park_a""]}},{""op"":""InsertProgress"",""record"":{""achieved"":true,""goal_relevant"":true,""id"":""park_b_observed"",""physically_valid"":true}},{""op"":""CommitEvent""}],""reason_code"":""AUTHORIZED_TRANSITION"",""schema_version"":""x16-cope-patch-v1""}","{""base_version"":7,""disposition"":""APPLY"",""event_id"":""x16:as02"",""reason_code"":""AUTHORIZED_TRANSITION"",""schema_version"":""x16-compact-tx-v1"",""writes"":[{""op"":""replace"",""path"":""/commitments/park_a/status"",""value"":""superseded""},{""op"":""add"",""path"":""/commitments/+/park_b"",""value"":{""arguments"":[""robot"",""bay_b""],""authority"":100,""id"":""park_b"",""overridden_by"":[],""owner"":""task_owner"",""predicate"":""at"",""requires_all"":[],""requires_any"":[],""status"":""satisfied"",""supersedes"":[""park_a""]}},{""op"":""add"",""path"":""/progress/+/park_b_observed"",""value"":{""achieved"":true,""goal_relevant"":true,""id"":""park_b_observed"",""physically_valid"":true}},{""op"":""add"",""path"":""/processed_events/+/x16:as02"",""value"":{""event_id"":""x16:as02"",""payload_sha256"":""ee1819bfa9a352974eac7d3100431f24057f1208eb71a2df1fc5e0025f8b7abe""}},{""op"":""replace"",""path"":""/state_version"",""value"":8},{""op"":""replace"",""path"":""/evidence_version"",""value"":71}]}","{""base_version"":7,""disposition"":""APPLY"",""event_id"":""x16:as02"",""reason_code"":""AUTHORIZED_TRANSITION"",""schema_version"":""x16-fsr-pc-v1"",""state"":{""actions"":[],""commitments"":[{""arguments"":[""robot"",""bay_a""],""authority"":100,""id"":""park_a"",""overridden_by"":[],""owner"":""task_owner"",""predicate"":""at"",""requires_all"":[],""requires_any"":[],""status"":""superseded"",""supersedes"":[]},{""arguments"":[""robot"",""bay_b""],""authority"":100,""id"":""park_b"",""overridden_by"":[],""owner"":""task_owner"",""predicate"":""at"",""requires_all"":[],""requires_any"":[],""status"":""satisfied"",""supersedes"":[""park_a""]}],""evidence_version"":71,""facts"":{""robot_location"":""bay_b""},""processed_events"":[{""event_id"":""x16:as02"",""payload_sha256"":""ee1819bfa9a352974eac7d3100431f24057f1208eb71a2df1fc5e0025f8b7abe""}],""progress"":[{""achieved"":true,""goal_relevant"":true,""id"":""park_b_observed"",""physically_valid"":true}],""restorations"":[],""schema_version"":""x16-state-v1"",""state_version"":8}}"
X16-CO01,ABSTAIN,CONTRADICTORY_OBSERVATIONS,STOP:ABSTAIN,bce82bbc4802307f73a64cafec36f0d970f1c437a85f56f42bec907f170bf6b0,"{""actions"":[],""commitments"":[{""arguments"":[""box""],""authority"":100,""id"":""retrieve_box"",""overridden_by"":[],""owner"":""task_owner"",""predicate"":""retrieved"",""requires_all"":[],""requires_any"":[],""status"":""active"",""supersedes"":[]}],""evidence_version"":70,""facts"":{""box_location"":""unknown""},""processed_events"":[],""progress"":[],""restorations"":[],""schema_version"":""x16-state-v1"",""state_version"":7}","{""base_version"":7,""disposition"":""ABSTAIN"",""event_id"":""x16:co01"",""operations"":[],""reason_code"":""CONTRADICTORY_OBSERVATIONS"",""schema_version"":""x16-cope-patch-v1""}","{""base_version"":7,""disposition"":""ABSTAIN"",""event_id"":""x16:co01"",""reason_code"":""CONTRADICTORY_OBSERVATIONS"",""schema_version"":""x16-compact-tx-v1"",""writes"":[]}","{""base_version"":7,""disposition"":""ABSTAIN"",""event_id"":""x16:co01"",""reason_code"":""CONTRADICTORY_OBSERVATIONS"",""schema_version"":""x16-fsr-pc-v1"",""state"":{""actions"":[],""commitments"":[{""arguments"":[""box""],""authority"":100,""id"":""retrieve_box"",""overridden_by"":[],""owner"":""task_owner"",""predicate"":""retrieved"",""requires_all"":[],""requires_any"":[],""status"":""active"",""supersedes"":[]}],""evidence_version"":70,""facts"":{""box_location"":""unknown""},""processed_events"":[],""progress"":[],""restorations"":[],""schema_version"":""x16-state-v1"",""state_version"":7}}"
X16-CO02,ABSTAIN,UNRESOLVED_EVENT_PREMISE,STOP:ABSTAIN,a9227527755acd0d3c60d49dea5d17f2f56ae21e1d78a3212d9408e72f73fbe0,"{""actions"":[],""commitments"":[{""arguments"":[""case""],""authority"":100,""id"":""secure_case"",""overridden_by"":[],""owner"":""task_owner"",""predicate"":""secured"",""requires_all"":[],""requires_any"":[],""status"":""active"",""supersedes"":[]}],""evidence_version"":70,""facts"":{""case_present"":true},""processed_events"":[],""progress"":[],""restorations"":[],""schema_version"":""x16-state-v1"",""state_version"":7}","{""base_version"":7,""disposition"":""ABSTAIN"",""event_id"":""x16:co02"",""operations"":[],""reason_code"":""UNRESOLVED_EVENT_PREMISE"",""schema_version"":""x16-cope-patch-v1""}","{""base_version"":7,""disposition"":""ABSTAIN"",""event_id"":""x16:co02"",""reason_code"":""UNRESOLVED_EVENT_PREMISE"",""schema_version"":""x16-compact-tx-v1"",""writes"":[]}","{""base_version"":7,""disposition"":""ABSTAIN"",""event_id"":""x16:co02"",""reason_code"":""UNRESOLVED_EVENT_PREMISE"",""schema_version"":""x16-fsr-pc-v1"",""state"":{""actions"":[],""commitments"":[{""arguments"":[""case""],""authority"":100,""id"":""secure_case"",""overridden_by"":[],""owner"":""task_owner"",""predicate"":""secured"",""requires_all"":[],""requires_any"":[],""status"":""active"",""supersedes"":[]}],""evidence_version"":70,""facts"":{""case_present"":true},""processed_events"":[],""progress"":[],""restorations"":[],""schema_version"":""x16-state-v1"",""state_version"":7}}"
X16-IS01,APPLY,AUTHORIZED_TRANSITION,PLAN:target_deadline,0696d3f03b724203f474ed8ca4982d1a1bc67f861ece5fbde1782f673f77fa51,"{""actions"":[],""commitments"":[{""arguments"":[""critical"",""dock""],""authority"":100,""deadline"":240,""id"":""target_deadline"",""overridden_by"":[],""owner"":""task_owner"",""predicate"":""delivered"",""requires_all"":[],""requires_any"":[],""status"":""active"",""supersedes"":[]},{""arguments"":[""asset_00""],""authority"":100,""id"":""noise_00"",""overridden_by"":[],""owner"":""task_owner"",""predicate"":""maintain"",""requires_all"":[],""requires_any"":[],""status"":""satisfied"",""supersedes"":[]},{""arguments"":[""asset_01""],""authority"":100,""id"":""noise_01"",""overridden_by"":[],""owner"":""task_owner"",""predicate"":""maintain"",""requires_all"":[],""requires_any"":[],""status"":""active"",""supersedes"":[]},{""arguments"":[""asset_02""],""authority"":100,""id"":""noise_02"",""overridden_by"":[],""owner"":""task_owner"",""predicate"":""maintain"",""requires_all"":[],""requires_any"":[],""status"":""active"",""supersedes"":[]},{""arguments"":[""asset_03""],""authority"":100,""id"":""noise_03"",""overridden_by"":[],""owner"":""task_owner"",""predicate"":""maintain"",""requires_all"":[],""requires_any"":[],""status"":""satisfied"",""supersedes"":[]},{""arguments"":[""asset_04""],""authority"":100,""id"":""noise_04"",""overridden_by"":[],""owner"":""task_owner"",""predicate"":""maintain"",""requires_all"":[""noise_03""],""requires_any"":[],""status"":""active"",""supersedes"":[]},{""arguments"":[""asset_05""],""authority"":100,""id"":""noise_05"",""overridden_by"":[],""owner"":""task_owner"",""predicate"":""maintain"",""requires_all"":[],""requires_any"":[],""status"":""active"",""supersedes"":[]},{""arguments"":[""asset_06""],""authority"":100,""id"":""noise_06"",""overridden_by"":[],""owner"":""task_owner"",""predicate"":""maintain"",""requires_all"":[],""requires_any"":[],""status"":""satisfied"",""supersedes"":[]},{""arguments"":[""asset_07""],""authority"":100,""id"":""noise_07"",""overridden_by"":[],""owner"":""task_owner"",""predicate"":""maintain"",""requires_all"":[],""requires_any"":[],""status"":""active"",""supersedes"":[]},{""arguments"":[""asset_08""],""authority"":100,""id"":""noise_08"",""overridden_by"":[],""owner"":""task_owner"",""predicate"":""maintain"",""requires_all"":[""noise_07""],""requires_any"":[],""status"":""active"",""supersedes"":[]},{""arguments"":[""asset_09""],""authority"":100,""id"":""noise_09"",""overridden_by"":[],""owner"":""task_owner"",""predicate"":""maintain"",""requires_all"":[],""requires_any"":[],""status"":""satisfied"",""supersedes"":[]},{""arguments"":[""asset_10""],""authority"":100,""id"":""noise_10"",""overridden_by"":[],""owner"":""task_owner"",""predicate"":""maintain"",""requires_all"":[],""requires_any"":[],""status"":""active"",""supersedes"":[]},{""arguments"":[""asset_11""],""authority"":100,""id"":""noise_11"",""overridden_by"":[],""owner"":""task_owner"",""predicate"":""maintain"",""requires_all"":[],""requires_any"":[],""status"":""active"",""supersedes"":[]},{""arguments"":[""asset_12""],""authority"":100,""id"":""noise_12"",""overridden_by"":[],""owner"":""task_owner"",""predicate"":""maintain"",""requires_all"":[""noise_11""],""requires_any"":[],""status"":""satisfied"",""supersedes"":[]},{""arguments"":[""asset_13""],""authority"":100,""id"":""noise_13"",""overridden_by"":[],""owner"":""task_owner"",""predicate"":""maintain"",""requires_all"":[],""requires_any"":[],""status"":""active"",""supersedes"":[]},{""arguments"":[""asset_14""],""authority"":100,""id"":""noise_14"",""overridden_by"":[],""owner"":""task_owner"",""predicate"":""maintain"",""requires_all"":[],""requires_any"":[],""status"":""active"",""supersedes"":[]},{""arguments"":[""asset_15""],""authority"":100,""id"":""noise_15"",""overridden_by"":[],""owner"":""task_owner"",""predicate"":""maintain"",""requires_all"":[],""requires_any"":[],""status"":""satisfied"",""supersedes"":[]},{""arguments"":[""asset_16""],""authority"":100,""id"":""noise_16"",""overridden_by"":[],""owner"":""task_owner"",""predicate"":""maintain"",""requires_all"":[""noise_15""],""requires_any"":[],""status"":""active"",""supersedes"":[]},{""arguments"":[""asset_17""],""authority"":100,""id"":""noise_17"",""overridden_by"":[],""owner"":""task_owner"",""predicate"":""maintain"",""requires_all"":[],""requires_any"":[],""status"":""active"",""supersedes"":[]},{""arguments"":[""asset_18""],""authority"":100,""id"":""noise_18"",""overridden_by"":[],""owner"":""task_owner"",""predicate"":""maintain"",""requires_all"":[],""requires_any"":[],""status"":""satisfied"",""supersedes"":[]},{""arguments"":[""asset_19""],""authority"":100,""id"":""noise_19"",""overridden_by"":[],""owner"":""task_owner"",""predicate"":""maintain"",""requires_all"":[],""requires_any"":[],""status"":""active"",""supersedes"":[]},{""arguments"":[""asset_20""],""authority"":100,""id"":""noise_20"",""overridden_by"":[],""owner"":""task_owner"",""predicate"":""maintain"",""requires_all"":[""noise_19""],""requires_any"":[],""status"":""active"",""supersedes"":[]},{""arguments"":[""asset_21""],""authority"":100,""id"":""noise_21"",""overridden_by"":[],""owner"":""task_owner"",""predicate"":""maintain"",""requires_all"":[],""requires_any"":[],""status"":""satisfied"",""supersedes"":[]},{""arguments"":[""asset_22""],""authority"":100,""id"":""noise_22"",""overridden_by"":[],""owner"":""task_owner"",""predicate"":""maintain"",""requires_all"":[],""requires_any"":[],""status"":""active"",""supersedes"":[]},{""arguments"":[""asset_23""],""authority"":100,""id"":""noise_23"",""overridden_by"":[],""owner"":""task_owner"",""predicate"":""maintain"",""requires_all"":[],""requires_any"":[],""status"":""active"",""supersedes"":[]}],""evidence_version"":71,""facts"":{},""processed_events"":[{""event_id"":""x16:is01"",""payload_sha256"":""bcf9548ee1509f8f2831b4f1d02a320b12496a1f15592e59a04074e6685632d5""}],""progress"":[{""achieved"":true,""goal_relevant"":true,""id"":""noise_ms_00"",""physically_valid"":true},{""achieved"":true,""goal_relevant"":true,""id"":""noise_ms_01"",""physically_valid"":true},{""achieved"":true,""goal_relevant"":true,""id"":""noise_ms_02"",""physically_valid"":true},{""achieved"":true,""goal_relevant"":true,""id"":""noise_ms_03"",""physically_valid"":true},{""achieved"":true,""goal_relevant"":true,""id"":""noise_ms_04"",""physically_valid"":true},{""achieved"":true,""goal_relevant"":true,""id"":""noise_ms_05"",""physically_valid"":true},{""achieved"":true,""goal_relevant"":true,""id"":""noise_ms_06"",""physically_valid"":true},{""achieved"":true,""goal_relevant"":true,""id"":""noise_ms_07"",""physically_valid"":true}],""restorations"":[],""schema_version"":""x16-state-v1"",""state_version"":8}","{""base_version"":7,""disposition"":""APPLY"",""event_id"":""x16:is01"",""operations"":[{""field"":""deadline"",""op"":""SetCommitmentField"",""target_id"":""target_deadline"",""value"":240},{""op"":""CommitEvent""}],""reason_code"":""AUTHORIZED_TRANSITION"",""schema_version"":""x16-cope-patch-v1""}","{""base_version"":7,""disposition"":""APPLY"",""event_id"":""x16:is01"",""reason_code"":""AUTHORIZED_TRANSITION"",""schema_version"":""x16-compact-tx-v1"",""writes"":[{""op"":""replace"",""path"":""/commitments/target_deadline/deadline"",""value"":240},{""op"":""add"",""path"":""/processed_events/+/x16:is01"",""value"":{""event_id"":""x16:is01"",""payload_sha256"":""bcf9548ee1509f8f2831b4f1d02a320b12496a1f15592e59a04074e6685632d5""}},{""op"":""replace"",""path"":""/state_version"",""value"":8},{""op"":""replace"",""path"":""/evidence_version"",""value"":71}]}","{""base_version"":7,""disposition"":""APPLY"",""event_id"":""x16:is01"",""reason_code"":""AUTHORIZED_TRANSITION"",""schema_version"":""x16-fsr-pc-v1"",""state"":{""actions"":[],""commitments"":[{""arguments"":[""critical"",""dock""],""authority"":100,""deadline"":240,""id"":""target_deadline"",""overridden_by"":[],""owner"":""task_owner"",""predicate"":""delivered"",""requires_all"":[],""requires_any"":[],""status"":""active"",""supersedes"":[]},{""arguments"":[""asset_00""],""authority"":100,""id"":""noise_00"",""overridden_by"":[],""owner"":""task_owner"",""predicate"":""maintain"",""requires_all"":[],""requires_any"":[],""status"":""satisfied"",""supersedes"":[]},{""arguments"":[""asset_01""],""authority"":100,""id"":""noise_01"",""overridden_by"":[],""owner"":""task_owner"",""predicate"":""maintain"",""requires_all"":[],""requires_any"":[],""status"":""active"",""supersedes"":[]},{""arguments"":[""asset_02""],""authority"":100,""id"":""noise_02"",""overridden_by"":[],""owner"":""task_owner"",""predicate"":""maintain"",""requires_all"":[],""requires_any"":[],""status"":""active"",""supersedes"":[]},{""arguments"":[""asset_03""],""authority"":100,""id"":""noise_03"",""overridden_by"":[],""owner"":""task_owner"",""predicate"":""maintain"",""requires_all"":[],""requires_any"":[],""status"":""satisfied"",""supersedes"":[]},{""arguments"":[""asset_04""],""authority"":100,""id"":""noise_04"",""overridden_by"":[],""owner"":""task_owner"",""predicate"":""maintain"",""requires_all"":[""noise_03""],""requires_any"":[],""status"":""active"",""supersedes"":[]},{""arguments"":[""asset_05""],""authority"":100,""id"":""noise_05"",""overridden_by"":[],""owner"":""task_owner"",""predicate"":""maintain"",""requires_all"":[],""requires_any"":[],""status"":""active"",""supersedes"":[]},{""arguments"":[""asset_06""],""authority"":100,""id"":""noise_06"",""overridden_by"":[],""owner"":""task_owner"",""predicate"":""maintain"",""requires_all"":[],""requires_any"":[],""status"":""satisfied"",""supersedes"":[]},{""arguments"":[""asset_07""],""authority"":100,""id"":""noise_07"",""overridden_by"":[],""owner"":""task_owner"",""predicate"":""maintain"",""requires_all"":[],""requires_any"":[],""status"":""active"",""supersedes"":[]},{""arguments"":[""asset_08""],""authority"":100,""id"":""noise_08"",""overridden_by"":[],""owner"":""task_owner"",""predicate"":""maintain"",""requires_all"":[""noise_07""],""requires_any"":[],""status"":""active"",""supersedes"":[]},{""arguments"":[""asset_09""],""authority"":100,""id"":""noise_09"",""overridden_by"":[],""owner"":""task_owner"",""predicate"":""maintain"",""requires_all"":[],""requires_any"":[],""status"":""satisfied"",""supersedes"":[]},{""arguments"":[""asset_10""],""authority"":100,""id"":""noise_10"",""overridden_by"":[],""owner"":""task_owner"",""predicate"":""maintain"",""requires_all"":[],""requires_any"":[],""status"":""active"",""supersedes"":[]},{""arguments"":[""asset_11""],""authority"":100,""id"":""noise_11"",""overridden_by"":[],""owner"":""task_owner"",""predicate"":""maintain"",""requires_all"":[],""requires_any"":[],""status"":""active"",""supersedes"":[]},{""arguments"":[""asset_12""],""authority"":100,""id"":""noise_12"",""overridden_by"":[],""owner"":""task_owner"",""predicate"":""maintain"",""requires_all"":[""noise_11""],""requires_any"":[],""status"":""satisfied"",""supersedes"":[]},{""arguments"":[""asset_13""],""authority"":100,""id"":""noise_13"",""overridden_by"":[],""owner"":""task_owner"",""predicate"":""maintain"",""requires_all"":[],""requires_any"":[],""status"":""active"",""supersedes"":[]},{""arguments"":[""asset_14""],""authority"":100,""id"":""noise_14"",""overridden_by"":[],""owner"":""task_owner"",""predicate"":""maintain"",""requires_all"":[],""requires_any"":[],""status"":""active"",""supersedes"":[]},{""arguments"":[""asset_15""],""authority"":100,""id"":""noise_15"",""overridden_by"":[],""owner"":""task_owner"",""predicate"":""maintain"",""requires_all"":[],""requires_any"":[],""status"":""satisfied"",""supersedes"":[]},{""arguments"":[""asset_16""],""authority"":100,""id"":""noise_16"",""overridden_by"":[],""owner"":""task_owner"",""predicate"":""maintain"",""requires_all"":[""noise_15""],""requires_any"":[],""status"":""active"",""supersedes"":[]},{""arguments"":[""asset_17""],""authority"":100,""id"":""noise_17"",""overridden_by"":[],""owner"":""task_owner"",""predicate"":""maintain"",""requires_all"":[],""requires_any"":[],""status"":""active"",""supersedes"":[]},{""arguments"":[""asset_18""],""authority"":100,""id"":""noise_18"",""overridden_by"":[],""owner"":""task_owner"",""predicate"":""maintain"",""requires_all"":[],""requires_any"":[],""status"":""satisfied"",""supersedes"":[]},{""arguments"":[""asset_19""],""authority"":100,""id"":""noise_19"",""overridden_by"":[],""owner"":""task_owner"",""predicate"":""maintain"",""requires_all"":[],""requires_any"":[],""status"":""active"",""supersedes"":[]},{""arguments"":[""asset_20""],""authority"":100,""id"":""noise_20"",""overridden_by"":[],""owner"":""task_owner"",""predicate"":""maintain"",""requires_all"":[""noise_19""],""requires_any"":[],""status"":""active"",""supersedes"":[]},{""arguments"":[""asset_21""],""authority"":100,""id"":""noise_21"",""overridden_by"":[],""owner"":""task_owner"",""predicate"":""maintain"",""requires_all"":[],""requires_any"":[],""status"":""satisfied"",""supersedes"":[]},{""arguments"":[""asset_22""],""authority"":100,""id"":""noise_22"",""overridden_by"":[],""owner"":""task_owner"",""predicate"":""maintain"",""requires_all"":[],""requires_any"":[],""status"":""active"",""supersedes"":[]},{""arguments"":[""asset_23""],""authority"":100,""id"":""noise_23"",""overridden_by"":[],""owner"":""task_owner"",""predicate"":""maintain"",""requires_all"":[],""requires_any"":[],""status"":""active"",""supersedes"":[]}],""evidence_version"":71,""facts"":{},""processed_events"":[{""event_id"":""x16:is01"",""payload_sha256"":""bcf9548ee1509f8f2831b4f1d02a320b12496a1f15592e59a04074e6685632d5""}],""progress"":[{""achieved"":true,""goal_relevant"":true,""id"":""noise_ms_00"",""physically_valid"":true},{""achieved"":true,""goal_relevant"":true,""id"":""noise_ms_01"",""physically_valid"":true},{""achieved"":true,""goal_relevant"":true,""id"":""noise_ms_02"",""physically_valid"":true},{""achieved"":true,""goal_relevant"":true,""id"":""noise_ms_03"",""physically_valid"":true},{""achieved"":true,""goal_relevant"":true,""id"":""noise_ms_04"",""physically_valid"":true},{""achieved"":true,""goal_relevant"":true,""id"":""noise_ms_05"",""physically_valid"":true},{""achieved"":true,""goal_relevant"":true,""id"":""noise_ms_06"",""physically_valid"":true},{""achieved"":true,""goal_relevant"":true,""id"":""noise_ms_07"",""physically_valid"":true}],""restorations"":[],""schema_version"":""x16-state-v1"",""state_version"":8}}"
X16-IS02,NO_OP,IRRELEVANT_WORLD_FACT,HALT,d31a0f8bad62af90ce17d622b408ed7649a284bf9d6ff735781a6ad3fdf31b6e,"{""actions"":[],""commitments"":[{""arguments"":[""bus"",2],""authority"":100,""id"":""load_00"",""overridden_by"":[],""owner"":""task_owner"",""predicate"":""uses_capacity"",""requires_all"":[],""requires_any"":[],""status"":""active"",""supersedes"":[]},{""arguments"":[""bus"",2],""authority"":100,""id"":""load_01"",""overridden_by"":[],""owner"":""task_owner"",""predicate"":""uses_capacity"",""requires_all"":[],""requires_any"":[],""status"":""active"",""supersedes"":[]},{""arguments"":[""bus"",2],""authority"":100,""id"":""load_02"",""overridden_by"":[],""owner"":""task_owner"",""predicate"":""uses_capacity"",""requires_all"":[],""requires_any"":[],""status"":""active"",""supersedes"":[]},{""arguments"":[""bus"",2],""authority"":100,""id"":""load_03"",""overridden_by"":[],""owner"":""task_owner"",""predicate"":""uses_capacity"",""requires_all"":[],""requires_any"":[],""status"":""active"",""supersedes"":[]},{""arguments"":[""bus"",2],""authority"":100,""id"":""load_04"",""overridden_by"":[],""owner"":""task_owner"",""predicate"":""uses_capacity"",""requires_all"":[],""requires_any"":[],""status"":""active"",""supersedes"":[]},{""arguments"":[""bus"",2],""authority"":100,""id"":""load_05"",""overridden_by"":[],""owner"":""task_owner"",""predicate"":""uses_capacity"",""requires_all"":[],""requires_any"":[],""status"":""active"",""supersedes"":[]},{""arguments"":[""bus"",2],""authority"":100,""id"":""load_06"",""overridden_by"":[],""owner"":""task_owner"",""predicate"":""uses_capacity"",""requires_all"":[],""requires_any"":[],""status"":""active"",""supersedes"":[]},{""arguments"":[""bus"",2],""authority"":100,""id"":""load_07"",""overridden_by"":[],""owner"":""task_owner"",""predicate"":""uses_capacity"",""requires_all"":[],""requires_any"":[],""status"":""active"",""supersedes"":[]},{""arguments"":[""bus"",2],""authority"":100,""id"":""load_08"",""overridden_by"":[],""owner"":""task_owner"",""predicate"":""uses_capacity"",""requires_all"":[],""requires_any"":[],""status"":""active"",""supersedes"":[]},{""arguments"":[""bus"",2],""authority"":100,""id"":""load_09"",""overridden_by"":[],""owner"":""task_owner"",""predicate"":""uses_capacity"",""requires_all"":[],""requires_any"":[],""status"":""active"",""supersedes"":[]},{""arguments"":[""bus"",2],""authority"":100,""id"":""load_10"",""overridden_by"":[],""owner"":""task_owner"",""predicate"":""uses_capacity"",""requires_all"":[],""requires_any"":[],""status"":""active"",""supersedes"":[]},{""arguments"":[""bus"",2],""authority"":100,""id"":""load_11"",""overridden_by"":[],""owner"":""task_owner"",""predicate"":""uses_capacity"",""requires_all"":[],""requires_any"":[],""status"":""active"",""supersedes"":[]},{""arguments"":[""bus"",2],""authority"":100,""id"":""load_12"",""overridden_by"":[],""owner"":""task_owner"",""predicate"":""uses_capacity"",""requires_all"":[],""requires_any"":[],""status"":""active"",""supersedes"":[]},{""arguments"":[""bus"",2],""authority"":100,""id"":""load_13"",""overridden_by"":[],""owner"":""task_owner"",""predicate"":""uses_capacity"",""requires_all"":[],""requires_any"":[],""status"":""active"",""supersedes"":[]},{""arguments"":[""bus"",2],""authority"":100,""id"":""load_14"",""overridden_by"":[],""owner"":""task_owner"",""predicate"":""uses_capacity"",""requires_all"":[],""requires_any"":[],""status"":""active"",""supersedes"":[]},{""arguments"":[""bus"",2],""authority"":100,""id"":""load_15"",""overridden_by"":[],""owner"":""task_owner"",""predicate"":""uses_capacity"",""requires_all"":[],""requires_any"":[],""status"":""active"",""supersedes"":[]},{""arguments"":[""bus"",2],""authority"":100,""id"":""load_16"",""overridden_by"":[],""owner"":""task_owner"",""predicate"":""uses_capacity"",""requires_all"":[],""requires_any"":[],""status"":""active"",""supersedes"":[]},{""arguments"":[""bus"",2],""authority"":100,""id"":""load_17"",""overridden_by"":[],""owner"":""task_owner"",""predicate"":""uses_capacity"",""requires_all"":[],""requires_any"":[],""status"":""active"",""supersedes"":[]},{""arguments"":[""bus"",2],""authority"":100,""id"":""load_18"",""overridden_by"":[],""owner"":""task_owner"",""predicate"":""uses_capacity"",""requires_all"":[],""requires_any"":[],""status"":""active"",""supersedes"":[]},{""arguments"":[""bus"",2],""authority"":100,""id"":""load_19"",""overridden_by"":[],""owner"":""task_owner"",""predicate"":""uses_capacity"",""requires_all"":[],""requires_any"":[],""status"":""active"",""supersedes"":[]},{""arguments"":[""bus"",20],""authority"":100,""id"":""reserve"",""overridden_by"":[],""owner"":""task_owner"",""predicate"":""capacity_margin"",""requires_all"":[],""requires_any"":[],""status"":""satisfied"",""supersedes"":[]}],""evidence_version"":70,""facts"":{""allocated"":40,""bus_capacity"":64},""processed_events"":[],""progress"":[],""restorations"":[],""schema_version"":""x16-state-v1"",""state_version"":7}","{""base_version"":7,""disposition"":""NO_OP"",""event_id"":""x16:is02"",""operations"":[],""reason_code"":""IRRELEVANT_WORLD_FACT"",""schema_version"":""x16-cope-patch-v1""}","{""base_version"":7,""disposition"":""NO_OP"",""event_id"":""x16:is02"",""reason_code"":""IRRELEVANT_WORLD_FACT"",""schema_version"":""x16-compact-tx-v1"",""writes"":[]}","{""base_version"":7,""disposition"":""NO_OP"",""event_id"":""x16:is02"",""reason_code"":""IRRELEVANT_WORLD_FACT"",""schema_version"":""x16-fsr-pc-v1"",""state"":{""actions"":[],""commitments"":[{""arguments"":[""bus"",2],""authority"":100,""id"":""load_00"",""overridden_by"":[],""owner"":""task_owner"",""predicate"":""uses_capacity"",""requires_all"":[],""requires_any"":[],""status"":""active"",""supersedes"":[]},{""arguments"":[""bus"",2],""authority"":100,""id"":""load_01"",""overridden_by"":[],""owner"":""task_owner"",""predicate"":""uses_capacity"",""requires_all"":[],""requires_any"":[],""status"":""active"",""supersedes"":[]},{""arguments"":[""bus"",2],""authority"":100,""id"":""load_02"",""overridden_by"":[],""owner"":""task_owner"",""predicate"":""uses_capacity"",""requires_all"":[],""requires_any"":[],""status"":""active"",""supersedes"":[]},{""arguments"":[""bus"",2],""authority"":100,""id"":""load_03"",""overridden_by"":[],""owner"":""task_owner"",""predicate"":""uses_capacity"",""requires_all"":[],""requires_any"":[],""status"":""active"",""supersedes"":[]},{""arguments"":[""bus"",2],""authority"":100,""id"":""load_04"",""overridden_by"":[],""owner"":""task_owner"",""predicate"":""uses_capacity"",""requires_all"":[],""requires_any"":[],""status"":""active"",""supersedes"":[]},{""arguments"":[""bus"",2],""authority"":100,""id"":""load_05"",""overridden_by"":[],""owner"":""task_owner"",""predicate"":""uses_capacity"",""requires_all"":[],""requires_any"":[],""status"":""active"",""supersedes"":[]},{""arguments"":[""bus"",2],""authority"":100,""id"":""load_06"",""overridden_by"":[],""owner"":""task_owner"",""predicate"":""uses_capacity"",""requires_all"":[],""requires_any"":[],""status"":""active"",""supersedes"":[]},{""arguments"":[""bus"",2],""authority"":100,""id"":""load_07"",""overridden_by"":[],""owner"":""task_owner"",""predicate"":""uses_capacity"",""requires_all"":[],""requires_any"":[],""status"":""active"",""supersedes"":[]},{""arguments"":[""bus"",2],""authority"":100,""id"":""load_08"",""overridden_by"":[],""owner"":""task_owner"",""predicate"":""uses_capacity"",""requires_all"":[],""requires_any"":[],""status"":""active"",""supersedes"":[]},{""arguments"":[""bus"",2],""authority"":100,""id"":""load_09"",""overridden_by"":[],""owner"":""task_owner"",""predicate"":""uses_capacity"",""requires_all"":[],""requires_any"":[],""status"":""active"",""supersedes"":[]},{""arguments"":[""bus"",2],""authority"":100,""id"":""load_10"",""overridden_by"":[],""owner"":""task_owner"",""predicate"":""uses_capacity"",""requires_all"":[],""requires_any"":[],""status"":""active"",""supersedes"":[]},{""arguments"":[""bus"",2],""authority"":100,""id"":""load_11"",""overridden_by"":[],""owner"":""task_owner"",""predicate"":""uses_capacity"",""requires_all"":[],""requires_any"":[],""status"":""active"",""supersedes"":[]},{""arguments"":[""bus"",2],""authority"":100,""id"":""load_12"",""overridden_by"":[],""owner"":""task_owner"",""predicate"":""uses_capacity"",""requires_all"":[],""requires_any"":[],""status"":""active"",""supersedes"":[]},{""arguments"":[""bus"",2],""authority"":100,""id"":""load_13"",""overridden_by"":[],""owner"":""task_owner"",""predicate"":""uses_capacity"",""requires_all"":[],""requires_any"":[],""status"":""active"",""supersedes"":[]},{""arguments"":[""bus"",2],""authority"":100,""id"":""load_14"",""overridden_by"":[],""owner"":""task_owner"",""predicate"":""uses_capacity"",""requires_all"":[],""requires_any"":[],""status"":""active"",""supersedes"":[]},{""arguments"":[""bus"",2],""authority"":100,""id"":""load_15"",""overridden_by"":[],""owner"":""task_owner"",""predicate"":""uses_capacity"",""requires_all"":[],""requires_any"":[],""status"":""active"",""supersedes"":[]},{""arguments"":[""bus"",2],""authority"":100,""id"":""load_16"",""overridden_by"":[],""owner"":""task_owner"",""predicate"":""uses_capacity"",""requires_all"":[],""requires_any"":[],""status"":""active"",""supersedes"":[]},{""arguments"":[""bus"",2],""authority"":100,""id"":""load_17"",""overridden_by"":[],""owner"":""task_owner"",""predicate"":""uses_capacity"",""requires_all"":[],""requires_any"":[],""status"":""active"",""supersedes"":[]},{""arguments"":[""bus"",2],""authority"":100,""id"":""load_18"",""overridden_by"":[],""owner"":""task_owner"",""predicate"":""uses_capacity"",""requires_all"":[],""requires_any"":[],""status"":""active"",""supersedes"":[]},{""arguments"":[""bus"",2],""authority"":100,""id"":""load_19"",""overridden_by"":[],""owner"":""task_owner"",""predicate"":""uses_capacity"",""requires_all"":[],""requires_any"":[],""status"":""active"",""supersedes"":[]},{""arguments"":[""bus"",20],""authority"":100,""id"":""reserve"",""overridden_by"":[],""owner"":""task_owner"",""predicate"":""capacity_margin"",""requires_all"":[],""requires_any"":[],""status"":""satisfied"",""supersedes"":[]}],""evidence_version"":70,""facts"":{""allocated"":40,""bus_capacity"":64},""processed_events"":[],""progress"":[],""restorations"":[],""schema_version"":""x16-state-v1"",""state_version"":7}}"
X16-X01,APPLY,AUTHORIZED_TRANSITION,PLAN:deliver_c,0d0eb085e892df4ec0fa29a664c9ba90c9c90a836efc7cf0c296327938940ccf,"{""actions"":[],""commitments"":[{""arguments"":[""a"",""dock""],""authority"":100,""id"":""deliver_a"",""overridden_by"":[],""owner"":""task_owner"",""predicate"":""delivered"",""requires_all"":[],""requires_any"":[],""status"":""satisfied"",""supersedes"":[]},{""arguments"":[""b"",""dock""],""authority"":100,""id"":""deliver_b"",""overridden_by"":[],""owner"":""task_owner"",""predicate"":""delivered"",""requires_all"":[],""requires_any"":[],""status"":""cancelled"",""supersedes"":[]},{""arguments"":[""yard""],""authority"":100,""id"":""weather_hold"",""overridden_by"":[],""owner"":""task_owner"",""predicate"":""prohibit"",""priority"":200,""requires_all"":[],""requires_any"":[],""status"":""expired"",""supersedes"":[]},{""arguments"":[""c"",""dock""],""authority"":100,""id"":""deliver_c"",""overridden_by"":[],""owner"":""task_owner"",""predicate"":""delivered"",""requires_all"":[],""requires_any"":[],""status"":""active"",""supersedes"":[]}],""evidence_version"":71,""facts"":{},""processed_events"":[{""event_id"":""x16:x01"",""payload_sha256"":""ec9365e01b499210066be49099bfaa54e610b8bd2daa5e24926cd5ae84f25408""}],""progress"":[{""achieved"":true,""goal_relevant"":true,""id"":""a_done"",""physically_valid"":true}],""restorations"":[],""schema_version"":""x16-state-v1"",""state_version"":8}","{""base_version"":7,""disposition"":""APPLY"",""event_id"":""x16:x01"",""operations"":[{""op"":""SetCommitmentStatus"",""status"":""cancelled"",""target_id"":""deliver_b""},{""op"":""SetCommitmentStatus"",""status"":""expired"",""target_id"":""weather_hold""},{""op"":""SetCommitmentStatus"",""status"":""active"",""target_id"":""deliver_c""},{""field"":""overridden_by"",""op"":""SetCommitmentField"",""target_id"":""deliver_c"",""value"":[]},{""op"":""RemoveRestoration"",""target_id"":""restore_c""},{""op"":""CommitEvent""}],""reason_code"":""AUTHORIZED_TRANSITION"",""schema_version"":""x16-cope-patch-v1""}","{""base_version"":7,""disposition"":""APPLY"",""event_id"":""x16:x01"",""reason_code"":""AUTHORIZED_TRANSITION"",""schema_version"":""x16-compact-tx-v1"",""writes"":[{""op"":""replace"",""path"":""/commitments/deliver_b/status"",""value"":""cancelled""},{""op"":""replace"",""path"":""/commitments/weather_hold/status"",""value"":""expired""},{""op"":""replace"",""path"":""/commitments/deliver_c/status"",""value"":""active""},{""op"":""replace"",""path"":""/commitments/deliver_c/overridden_by"",""value"":[]},{""op"":""replace"",""path"":""/restorations"",""value"":[]},{""op"":""add"",""path"":""/processed_events/+/x16:x01"",""value"":{""event_id"":""x16:x01"",""payload_sha256"":""ec9365e01b499210066be49099bfaa54e610b8bd2daa5e24926cd5ae84f25408""}},{""op"":""replace"",""path"":""/state_version"",""value"":8},{""op"":""replace"",""path"":""/evidence_version"",""value"":71}]}","{""base_version"":7,""disposition"":""APPLY"",""event_id"":""x16:x01"",""reason_code"":""AUTHORIZED_TRANSITION"",""schema_version"":""x16-fsr-pc-v1"",""state"":{""actions"":[],""commitments"":[{""arguments"":[""a"",""dock""],""authority"":100,""id"":""deliver_a"",""overridden_by"":[],""owner"":""task_owner"",""predicate"":""delivered"",""requires_all"":[],""requires_any"":[],""status"":""satisfied"",""supersedes"":[]},{""arguments"":[""b"",""dock""],""authority"":100,""id"":""deliver_b"",""overridden_by"":[],""owner"":""task_owner"",""predicate"":""delivered"",""requires_all"":[],""requires_any"":[],""status"":""cancelled"",""supersedes"":[]},{""arguments"":[""yard""],""authority"":100,""id"":""weather_hold"",""overridden_by"":[],""owner"":""task_owner"",""predicate"":""prohibit"",""priority"":200,""requires_all"":[],""requires_any"":[],""status"":""expired"",""supersedes"":[]},{""arguments"":[""c"",""dock""],""authority"":100,""id"":""deliver_c"",""overridden_by"":[],""owner"":""task_owner"",""predicate"":""delivered"",""requires_all"":[],""requires_any"":[],""status"":""active"",""supersedes"":[]}],""evidence_version"":71,""facts"":{},""processed_events"":[{""event_id"":""x16:x01"",""payload_sha256"":""ec9365e01b499210066be49099bfaa54e610b8bd2daa5e24926cd5ae84f25408""}],""progress"":[{""achieved"":true,""goal_relevant"":true,""id"":""a_done"",""physically_valid"":true}],""restorations"":[],""schema_version"":""x16-state-v1"",""state_version"":8}}"
X16-X02,APPLY,AUTHORIZED_TRANSITION,"CANCEL_THEN_PLAN:drive_lane_a,drive_lane_b",faefbdcacb61f789c2e0fbbb993afb111830ecf7d9d14418a3f2414342d65c0f,"{""actions"":[{""commitment_id"":""use_lane_a"",""id"":""drive_lane_a"",""progress"":25,""reversible"":true,""status"":""cancelled"",""stop_reason"":""lane closed""},{""commitment_id"":""use_lane_b"",""id"":""drive_lane_b"",""progress"":0,""reversible"":true,""status"":""pending"",""stop_reason"":null}],""commitments"":[{""arguments"":[""lane_a""],""authority"":100,""id"":""use_lane_a"",""overridden_by"":[""lane_a_closed""],""owner"":""task_owner"",""predicate"":""traverse"",""requires_all"":[],""requires_any"":[],""status"":""superseded"",""supersedes"":[]},{""arguments"":[""robot"",""goal""],""authority"":100,""id"":""reach_goal"",""overridden_by"":[],""owner"":""task_owner"",""predicate"":""at"",""requires_all"":[""use_lane_b""],""requires_any"":[],""status"":""active"",""supersedes"":[]},{""arguments"":[""lane_a""],""authority"":100,""id"":""lane_a_closed"",""overridden_by"":[],""owner"":""task_owner"",""predicate"":""prohibit"",""priority"":220,""requires_all"":[],""requires_any"":[],""status"":""active"",""supersedes"":[]},{""arguments"":[""lane_b""],""authority"":100,""id"":""use_lane_b"",""overridden_by"":[],""owner"":""task_owner"",""predicate"":""traverse"",""requires_all"":[],""requires_any"":[],""status"":""active"",""supersedes"":[""use_lane_a""]}],""evidence_version"":71,""facts"":{""lane_b_open"":true},""processed_events"":[{""event_id"":""x16:x02"",""payload_sha256"":""73f25f795b6ab15978a6db71743eaa48db480b219d6c6304ce7237a6f48ff8af""}],""progress"":[],""restorations"":[],""schema_version"":""x16-state-v1"",""state_version"":8}","{""base_version"":7,""disposition"":""APPLY"",""event_id"":""x16:x02"",""operations"":[{""op"":""SetCommitmentStatus"",""status"":""superseded"",""target_id"":""use_lane_a""},{""field"":""overridden_by"",""op"":""SetCommitmentField"",""target_id"":""use_lane_a"",""value"":[""lane_a_closed""]},{""op"":""InsertCommitment"",""record"":{""arguments"":[""lane_a""],""authority"":100,""id"":""lane_a_closed"",""overridden_by"":[],""owner"":""task_owner"",""predicate"":""prohibit"",""priority"":220,""requires_all"":[],""requires_any"":[],""status"":""active"",""supersedes"":[]}},{""op"":""InsertCommitment"",""record"":{""arguments"":[""lane_b""],""authority"":100,""id"":""use_lane_b"",""overridden_by"":[],""owner"":""task_owner"",""predicate"":""traverse"",""requires_all"":[],""requires_any"":[],""status"":""active"",""supersedes"":[""use_lane_a""]}},{""field"":""requires_all"",""op"":""SetCommitmentField"",""target_id"":""reach_goal"",""value"":[""use_lane_b""]},{""fields"":{""status"":""cancelled"",""stop_reason"":""lane closed""},""op"":""SetAction"",""target_id"":""drive_lane_a""},{""op"":""InsertAction"",""record"":{""commitment_id"":""use_lane_b"",""id"":""drive_lane_b"",""progress"":0,""reversible"":true,""status"":""pending"",""stop_reason"":null}},{""op"":""CommitEvent""}],""reason_code"":""AUTHORIZED_TRANSITION"",""schema_version"":""x16-cope-patch-v1""}","{""base_version"":7,""disposition"":""APPLY"",""event_id"":""x16:x02"",""reason_code"":""AUTHORIZED_TRANSITION"",""schema_version"":""x16-compact-tx-v1"",""writes"":[{""op"":""replace"",""path"":""/commitments/use_lane_a/status"",""value"":""superseded""},{""op"":""replace"",""path"":""/commitments/use_lane_a/overridden_by"",""value"":[""lane_a_closed""]},{""op"":""replace"",""path"":""/commitments/reach_goal/requires_all"",""value"":[""use_lane_b""]},{""op"":""add"",""path"":""/commitments/+/lane_a_closed"",""value"":{""arguments"":[""lane_a""],""authority"":100,""id"":""lane_a_closed"",""overridden_by"":[],""owner"":""task_owner"",""predicate"":""prohibit"",""priority"":220,""requires_all"":[],""requires_any"":[],""status"":""active"",""supersedes"":[]}},{""op"":""add"",""path"":""/commitments/+/use_lane_b"",""value"":{""arguments"":[""lane_b""],""authority"":100,""id"":""use_lane_b"",""overridden_by"":[],""owner"":""task_owner"",""predicate"":""traverse"",""requires_all"":[],""requires_any"":[],""status"":""active"",""supersedes"":[""use_lane_a""]}},{""op"":""replace"",""path"":""/actions/drive_lane_a/status"",""value"":""cancelled""},{""op"":""replace"",""path"":""/actions/drive_lane_a/stop_reason"",""value"":""lane closed""},{""op"":""add"",""path"":""/actions/+/drive_lane_b"",""value"":{""commitment_id"":""use_lane_b"",""id"":""drive_lane_b"",""progress"":0,""reversible"":true,""status"":""pending"",""stop_reason"":null}},{""op"":""add"",""path"":""/processed_events/+/x16:x02"",""value"":{""event_id"":""x16:x02"",""payload_sha256"":""73f25f795b6ab15978a6db71743eaa48db480b219d6c6304ce7237a6f48ff8af""}},{""op"":""replace"",""path"":""/state_version"",""value"":8},{""op"":""replace"",""path"":""/evidence_version"",""value"":71}]}","{""base_version"":7,""disposition"":""APPLY"",""event_id"":""x16:x02"",""reason_code"":""AUTHORIZED_TRANSITION"",""schema_version"":""x16-fsr-pc-v1"",""state"":{""actions"":[{""commitment_id"":""use_lane_a"",""id"":""drive_lane_a"",""progress"":25,""reversible"":true,""status"":""cancelled"",""stop_reason"":""lane closed""},{""commitment_id"":""use_lane_b"",""id"":""drive_lane_b"",""progress"":0,""reversible"":true,""status"":""pending"",""stop_reason"":null}],""commitments"":[{""arguments"":[""lane_a""],""authority"":100,""id"":""use_lane_a"",""overridden_by"":[""lane_a_closed""],""owner"":""task_owner"",""predicate"":""traverse"",""requires_all"":[],""requires_any"":[],""status"":""superseded"",""supersedes"":[]},{""arguments"":[""robot"",""goal""],""authority"":100,""id"":""reach_goal"",""overridden_by"":[],""owner"":""task_owner"",""predicate"":""at"",""requires_all"":[""use_lane_b""],""requires_any"":[],""status"":""active"",""supersedes"":[]},{""arguments"":[""lane_a""],""authority"":100,""id"":""lane_a_closed"",""overridden_by"":[],""owner"":""task_owner"",""predicate"":""prohibit"",""priority"":220,""requires_all"":[],""requires_any"":[],""status"":""active"",""supersedes"":[]},{""arguments"":[""lane_b""],""authority"":100,""id"":""use_lane_b"",""overridden_by"":[],""owner"":""task_owner"",""predicate"":""traverse"",""requires_all"":[],""requires_any"":[],""status"":""active"",""supersedes"":[""use_lane_a""]}],""evidence_version"":71,""facts"":{""lane_b_open"":true},""processed_events"":[{""event_id"":""x16:x02"",""payload_sha256"":""73f25f795b6ab15978a6db71743eaa48db480b219d6c6304ce7237a6f48ff8af""}],""progress"":[],""restorations"":[],""schema_version"":""x16-state-v1"",""state_version"":8}}"
