task_suite,task_id,task_name,language,state_id,state_sha256,dtype,shape,finite
libero_10,0,LIVING_ROOM_SCENE2_put_both_the_alphabet_soup_and_the_tomato_sauce_in_the_basket,put both the alphabet soup and the tomato sauce in the basket,0,747b653b2ca1feeae8f3bd994880ce743730993ea5ce4bd003623e877f26b3bd,float64,123,true
libero_10,0,LIVING_ROOM_SCENE2_put_both_the_alphabet_soup_and_the_tomato_sauce_in_the_basket,put both the alphabet soup and the tomato sauce in the basket,1,cf85ed132ae09bfad8798a3126b14879071228e0e2e7bd17c3e9d20e519cdb5a,float64,123,true
libero_10,0,LIVING_ROOM_SCENE2_put_both_the_alphabet_soup_and_the_tomato_sauce_in_the_basket,put both the alphabet soup and the tomato sauce in the basket,2,be0c23f82748baf99eea1ecc4ff28eb82163945bc0bfffb509eeef0decced138,float64,123,true
libero_10,0,LIVING_ROOM_SCENE2_put_both_the_alphabet_soup_and_the_tomato_sauce_in_the_basket,put both the alphabet soup and the tomato sauce in the basket,3,6929d3090ef9a3431c21b84539c99c3b481b09042bc6f3cf07ea0cc44fb65a70,float64,123,true
libero_10,0,LIVING_ROOM_SCENE2_put_both_the_alphabet_soup_and_the_tomato_sauce_in_the_basket,put both the alphabet soup and the tomato sauce in the basket,4,376f48b75f50d4e1eff9e3f49f307de0bcfc44d2a081f5cb9c124cf985330c41,float64,123,true
libero_10,0,LIVING_ROOM_SCENE2_put_both_the_alphabet_soup_and_the_tomato_sauce_in_the_basket,put both the alphabet soup and the tomato sauce in the basket,5,75c57eac81a43b69380c91c42dbeab8fdf193145c3ca3d105f2ce95bb0d29a79,float64,123,true
libero_10,0,LIVING_ROOM_SCENE2_put_both_the_alphabet_soup_and_the_tomato_sauce_in_the_basket,put both the alphabet soup and the tomato sauce in the basket,6,dcb524a280152c4b53390f6427c7bc70e6ead7595eeba6bf76e80c31a43fcf11,float64,123,true
libero_10,0,LIVING_ROOM_SCENE2_put_both_the_alphabet_soup_and_the_tomato_sauce_in_the_basket,put both the alphabet soup and the tomato sauce in the basket,7,83d046a490f079a3b89c6fb4f09bdc88433d3b83ea965fa01f93fcffb93c8041,float64,123,true
libero_10,0,LIVING_ROOM_SCENE2_put_both_the_alphabet_soup_and_the_tomato_sauce_in_the_basket,put both the alphabet soup and the tomato sauce in the basket,8,145a55c84823ff115a6f31ca6bbe681c99cc1dc6dd3bcced415465edd8e6ce90,float64,123,true
libero_10,0,LIVING_ROOM_SCENE2_put_both_the_alphabet_soup_and_the_tomato_sauce_in_the_basket,put both the alphabet soup and the tomato sauce in the basket,9,3d09fb7b6965328e11bd7abfdb58333428e00484c192bf88338d0f3d69ac5406,float64,123,true
libero_10,0,LIVING_ROOM_SCENE2_put_both_the_alphabet_soup_and_the_tomato_sauce_in_the_basket,put both the alphabet soup and the tomato sauce in the basket,10,f3f14a7829a2265990d40f5a6212c297fb802727b98a8e1a66fcb16c757f5143,float64,123,true
libero_10,0,LIVING_ROOM_SCENE2_put_both_the_alphabet_soup_and_the_tomato_sauce_in_the_basket,put both the alphabet soup and the tomato sauce in the basket,11,8498d72842ad1b202a7909f4bf280eb10043dd4f5586fe0c34b93dc6c599ce87,float64,123,true
libero_10,0,LIVING_ROOM_SCENE2_put_both_the_alphabet_soup_and_the_tomato_sauce_in_the_basket,put both the alphabet soup and the tomato sauce in the basket,12,55d40072429fe5faa1a13b6c94d2a0c044a5c280b0374c43ee9fd0db799364c7,float64,123,true
libero_10,0,LIVING_ROOM_SCENE2_put_both_the_alphabet_soup_and_the_tomato_sauce_in_the_basket,put both the alphabet soup and the tomato sauce in the basket,13,a5772da869875502626dac37ef4f7ecf06ed2ebd12624447bfe8436d42f2ce49,float64,123,true
libero_10,0,LIVING_ROOM_SCENE2_put_both_the_alphabet_soup_and_the_tomato_sauce_in_the_basket,put both the alphabet soup and the tomato sauce in the basket,14,3e0acc5cb5b991a14bf29326f068b47fa444be1e51e65debcf25f80db7aaa3d6,float64,123,true
libero_10,0,LIVING_ROOM_SCENE2_put_both_the_alphabet_soup_and_the_tomato_sauce_in_the_basket,put both the alphabet soup and the tomato sauce in the basket,15,a6cd41d3a9cf563d539bb4bc3d01b60ba964162635ec6c99b5fd23bdc981d95f,float64,123,true
libero_10,0,LIVING_ROOM_SCENE2_put_both_the_alphabet_soup_and_the_tomato_sauce_in_the_basket,put both the alphabet soup and the tomato sauce in the basket,16,5d4fe04c48519affced9c5486a50710cc496f6f4df1f7c4ba0e4db594fba8601,float64,123,true
libero_10,0,LIVING_ROOM_SCENE2_put_both_the_alphabet_soup_and_the_tomato_sauce_in_the_basket,put both the alphabet soup and the tomato sauce in the basket,17,9db3fd136836ad8fb6293e03825c32b527869a18e69791190fc5efc7268dfc7e,float64,123,true
libero_10,0,LIVING_ROOM_SCENE2_put_both_the_alphabet_soup_and_the_tomato_sauce_in_the_basket,put both the alphabet soup and the tomato sauce in the basket,18,bbbc83e66162ac23c060a6cdafc5bbd90ed62856ff9de8da4b70607d091e1e34,float64,123,true
libero_10,0,LIVING_ROOM_SCENE2_put_both_the_alphabet_soup_and_the_tomato_sauce_in_the_basket,put both the alphabet soup and the tomato sauce in the basket,19,a6fb28270e5509da8619115495b070fe25bec4e644f15080bf7a3a61f8382a16,float64,123,true
libero_10,0,LIVING_ROOM_SCENE2_put_both_the_alphabet_soup_and_the_tomato_sauce_in_the_basket,put both the alphabet soup and the tomato sauce in the basket,20,31cf655f31ddf3a02ee0f767cf1240387c2749ebcfdbbf29b22989bd606ffd96,float64,123,true
libero_10,0,LIVING_ROOM_SCENE2_put_both_the_alphabet_soup_and_the_tomato_sauce_in_the_basket,put both the alphabet soup and the tomato sauce in the basket,21,745c4dc1054445e2618f028670b26b5435dd4394046b7a856285920a2f7b7610,float64,123,true
libero_10,0,LIVING_ROOM_SCENE2_put_both_the_alphabet_soup_and_the_tomato_sauce_in_the_basket,put both the alphabet soup and the tomato sauce in the basket,22,84f995c0b55083edc3737d57fad688490204ae3844ec8795cd73f6cc413fe3aa,float64,123,true
libero_10,0,LIVING_ROOM_SCENE2_put_both_the_alphabet_soup_and_the_tomato_sauce_in_the_basket,put both the alphabet soup and the tomato sauce in the basket,23,b7905a2a29009d4296fa262ec5a1cb1d01351e50eccee52bc232cf1583dd93a8,float64,123,true
libero_10,0,LIVING_ROOM_SCENE2_put_both_the_alphabet_soup_and_the_tomato_sauce_in_the_basket,put both the alphabet soup and the tomato sauce in the basket,24,09933f7bd35ba33a8dde77d046768df4247a8897411da15add15a8d9c2dcfcc6,float64,123,true
libero_10,0,LIVING_ROOM_SCENE2_put_both_the_alphabet_soup_and_the_tomato_sauce_in_the_basket,put both the alphabet soup and the tomato sauce in the basket,25,0b82cd37e5548f177701291f9479c5d963a1488cbc29283b7b6d6d4ece5fab23,float64,123,true
libero_10,0,LIVING_ROOM_SCENE2_put_both_the_alphabet_soup_and_the_tomato_sauce_in_the_basket,put both the alphabet soup and the tomato sauce in the basket,26,f3eb487360e32e1b74ba86f2c7dd711890eed94ac141ec434d8bf6ac61208d54,float64,123,true
libero_10,0,LIVING_ROOM_SCENE2_put_both_the_alphabet_soup_and_the_tomato_sauce_in_the_basket,put both the alphabet soup and the tomato sauce in the basket,27,052ceb133943bb3c17a6949a83c15b7afba97698bf8d8754cf64b63181d927e2,float64,123,true
libero_10,0,LIVING_ROOM_SCENE2_put_both_the_alphabet_soup_and_the_tomato_sauce_in_the_basket,put both the alphabet soup and the tomato sauce in the basket,28,d079c26b3e1034e2fe2273301c6da1c5b0f7f6eb409780591f0ef1729c3d576e,float64,123,true
libero_10,0,LIVING_ROOM_SCENE2_put_both_the_alphabet_soup_and_the_tomato_sauce_in_the_basket,put both the alphabet soup and the tomato sauce in the basket,29,ab5eb887a7dedf624c6b97ffd5a7f8782256acd4671804fe3782900f1cced214,float64,123,true
libero_10,0,LIVING_ROOM_SCENE2_put_both_the_alphabet_soup_and_the_tomato_sauce_in_the_basket,put both the alphabet soup and the tomato sauce in the basket,30,ba205c0f9f1680957015fb37ee00500c3cd03a30540bb83ec8b856efcf5b925e,float64,123,true
libero_10,0,LIVING_ROOM_SCENE2_put_both_the_alphabet_soup_and_the_tomato_sauce_in_the_basket,put both the alphabet soup and the tomato sauce in the basket,31,ddf7ab5d007fad164a51292976ff50ab6f95448d50446e1a3db30618fb1a48f0,float64,123,true
libero_10,0,LIVING_ROOM_SCENE2_put_both_the_alphabet_soup_and_the_tomato_sauce_in_the_basket,put both the alphabet soup and the tomato sauce in the basket,32,c0c6740129c25b9e6a7e8490d910e976325956c92ff00307672b5cac0e556b53,float64,123,true
libero_10,0,LIVING_ROOM_SCENE2_put_both_the_alphabet_soup_and_the_tomato_sauce_in_the_basket,put both the alphabet soup and the tomato sauce in the basket,33,728aae415b9e91f76a2e6ecdbe5f90bcde8a9774a46d56a96d4b7011ba95468e,float64,123,true
libero_10,0,LIVING_ROOM_SCENE2_put_both_the_alphabet_soup_and_the_tomato_sauce_in_the_basket,put both the alphabet soup and the tomato sauce in the basket,34,2d07586d603b5fa998010e5aad51d9f610d2acca9f60ed5b76b8ea86d155e525,float64,123,true
libero_10,0,LIVING_ROOM_SCENE2_put_both_the_alphabet_soup_and_the_tomato_sauce_in_the_basket,put both the alphabet soup and the tomato sauce in the basket,35,d10f0f897baa266979d4488fb8a7f478f5989b11aaab1d5bc0c2b8f11012e76e,float64,123,true
libero_10,0,LIVING_ROOM_SCENE2_put_both_the_alphabet_soup_and_the_tomato_sauce_in_the_basket,put both the alphabet soup and the tomato sauce in the basket,36,2353bc589e580d14d44d8bc8ae5b6c3d654c208138a62c01287c3502ec5f2514,float64,123,true
libero_10,0,LIVING_ROOM_SCENE2_put_both_the_alphabet_soup_and_the_tomato_sauce_in_the_basket,put both the alphabet soup and the tomato sauce in the basket,37,824abb69855d29c4b5b1f436cb6766de8603b59a4b3907f7c1c2486476a4308b,float64,123,true
libero_10,0,LIVING_ROOM_SCENE2_put_both_the_alphabet_soup_and_the_tomato_sauce_in_the_basket,put both the alphabet soup and the tomato sauce in the basket,38,b2475023ebd89ddb00d57a9bde20975bee3a19e9114e7a17c26111a5762c26ab,float64,123,true
libero_10,0,LIVING_ROOM_SCENE2_put_both_the_alphabet_soup_and_the_tomato_sauce_in_the_basket,put both the alphabet soup and the tomato sauce in the basket,39,34d1b00b37b461620ab0ed76466888a121ec9f5555193dd1df0d8951abf6ff96,float64,123,true
libero_10,0,LIVING_ROOM_SCENE2_put_both_the_alphabet_soup_and_the_tomato_sauce_in_the_basket,put both the alphabet soup and the tomato sauce in the basket,40,71a5cb5ea5975160e8c84b7e13d73358fab88840e802084554c812f21532b04c,float64,123,true
libero_10,0,LIVING_ROOM_SCENE2_put_both_the_alphabet_soup_and_the_tomato_sauce_in_the_basket,put both the alphabet soup and the tomato sauce in the basket,41,9cd69a5550ee4ba746ca2f395889ea221af7efb76a2aa388f8b8b2a776d4f117,float64,123,true
libero_10,0,LIVING_ROOM_SCENE2_put_both_the_alphabet_soup_and_the_tomato_sauce_in_the_basket,put both the alphabet soup and the tomato sauce in the basket,42,f38a6d717a2d2139762f15595a29efa62c8ad2f0197ed6f8542d98d76cad4fc1,float64,123,true
libero_10,0,LIVING_ROOM_SCENE2_put_both_the_alphabet_soup_and_the_tomato_sauce_in_the_basket,put both the alphabet soup and the tomato sauce in the basket,43,f55f4c7562bca27be0326b7037f13125fda28006c49e846c033c54dcb841cd98,float64,123,true
libero_10,0,LIVING_ROOM_SCENE2_put_both_the_alphabet_soup_and_the_tomato_sauce_in_the_basket,put both the alphabet soup and the tomato sauce in the basket,44,e3686cf57ad431bac62431b43182245e05a0266e5bd421b5990739b70fa072b6,float64,123,true
libero_10,0,LIVING_ROOM_SCENE2_put_both_the_alphabet_soup_and_the_tomato_sauce_in_the_basket,put both the alphabet soup and the tomato sauce in the basket,45,8abd1901c4f659508d5b1d8e3d5e3a25f87b5938643c34243bc774944f86a282,float64,123,true
libero_10,0,LIVING_ROOM_SCENE2_put_both_the_alphabet_soup_and_the_tomato_sauce_in_the_basket,put both the alphabet soup and the tomato sauce in the basket,46,a93a61650625d48ed3d872ae3b7edac69b45f535ded8b086da7f9cf9f41be411,float64,123,true
libero_10,0,LIVING_ROOM_SCENE2_put_both_the_alphabet_soup_and_the_tomato_sauce_in_the_basket,put both the alphabet soup and the tomato sauce in the basket,47,cc8f8cb4e9756115e3a08d979ca26a841bcb758d4e9eaf1cf85e3f7ca3d22a05,float64,123,true
libero_10,0,LIVING_ROOM_SCENE2_put_both_the_alphabet_soup_and_the_tomato_sauce_in_the_basket,put both the alphabet soup and the tomato sauce in the basket,48,a853cf265af29a73afb0523773f14c8dda94e42d345497dd8be894776e9cfbb7,float64,123,true
libero_10,0,LIVING_ROOM_SCENE2_put_both_the_alphabet_soup_and_the_tomato_sauce_in_the_basket,put both the alphabet soup and the tomato sauce in the basket,49,d851284d9a94e54612ae8103ccbfc0c49cc0eb26b411fe9c10f4f93d674a8d0a,float64,123,true
libero_10,1,LIVING_ROOM_SCENE2_put_both_the_cream_cheese_box_and_the_butter_in_the_basket,put both the cream cheese box and the butter in the basket,0,5abdf8f466f490901dee9f931b32eb181b2928eaa17bb6379742f988581d564a,float64,123,true
libero_10,1,LIVING_ROOM_SCENE2_put_both_the_cream_cheese_box_and_the_butter_in_the_basket,put both the cream cheese box and the butter in the basket,1,cd3e7f86ef217ee7b7d26cc505b3f56ea8f49664ef10f6749270dfcd39dd17a6,float64,123,true
libero_10,1,LIVING_ROOM_SCENE2_put_both_the_cream_cheese_box_and_the_butter_in_the_basket,put both the cream cheese box and the butter in the basket,2,ab6bf2ca98e96f1692d8ec7a5b7ec25eee1ea61c57d45c2816ac3dcc938ea3ee,float64,123,true
libero_10,1,LIVING_ROOM_SCENE2_put_both_the_cream_cheese_box_and_the_butter_in_the_basket,put both the cream cheese box and the butter in the basket,3,3e0d23df2cf22ae6e897e15a1739d5bf25474b4e33196644890b8485f0e880f5,float64,123,true
libero_10,1,LIVING_ROOM_SCENE2_put_both_the_cream_cheese_box_and_the_butter_in_the_basket,put both the cream cheese box and the butter in the basket,4,d2cecde6c34039556fadf729cf7eb15d628b42094f6f0c092d9969c9cf659856,float64,123,true
libero_10,1,LIVING_ROOM_SCENE2_put_both_the_cream_cheese_box_and_the_butter_in_the_basket,put both the cream cheese box and the butter in the basket,5,aa1da52eec914be753dd1d28808fa4e723a33337cfd44145c6be3d936f691819,float64,123,true
libero_10,1,LIVING_ROOM_SCENE2_put_both_the_cream_cheese_box_and_the_butter_in_the_basket,put both the cream cheese box and the butter in the basket,6,c97695203f6f68548cd3a01f4999fb104c063f26046958e3999869e186e67776,float64,123,true
libero_10,1,LIVING_ROOM_SCENE2_put_both_the_cream_cheese_box_and_the_butter_in_the_basket,put both the cream cheese box and the butter in the basket,7,dab0cffccccc9d31935645ecba55dab26d4c77b8c2271da415ffb527be3c2e95,float64,123,true
libero_10,1,LIVING_ROOM_SCENE2_put_both_the_cream_cheese_box_and_the_butter_in_the_basket,put both the cream cheese box and the butter in the basket,8,a050294b0ce5aa4a4c97f2be1b3b9156d37c0d7ba90128e8f1f7b24de759e1ad,float64,123,true
libero_10,1,LIVING_ROOM_SCENE2_put_both_the_cream_cheese_box_and_the_butter_in_the_basket,put both the cream cheese box and the butter in the basket,9,63ad7d8d6f448eeffd9a59a8d1c13f1640a7a5e0226502c8436a77ee5360a5f5,float64,123,true
libero_10,1,LIVING_ROOM_SCENE2_put_both_the_cream_cheese_box_and_the_butter_in_the_basket,put both the cream cheese box and the butter in the basket,10,9277007e6616dc82740a46e99a7fe08550cd26c47d92ec095c657f7666dd0136,float64,123,true
libero_10,1,LIVING_ROOM_SCENE2_put_both_the_cream_cheese_box_and_the_butter_in_the_basket,put both the cream cheese box and the butter in the basket,11,1b216c4f2afb1847271a3869e33c719b2893eb7ffc37e141a47835943ecf3f1c,float64,123,true
libero_10,1,LIVING_ROOM_SCENE2_put_both_the_cream_cheese_box_and_the_butter_in_the_basket,put both the cream cheese box and the butter in the basket,12,48bf59dc13ae0ebd7c0074dd270d570f96c9820240e2592fafc5e888336a2af9,float64,123,true
libero_10,1,LIVING_ROOM_SCENE2_put_both_the_cream_cheese_box_and_the_butter_in_the_basket,put both the cream cheese box and the butter in the basket,13,71dad013f8cacc07d59079034dca9c3d43390196a58a7dd4afd226cc6bd59334,float64,123,true
libero_10,1,LIVING_ROOM_SCENE2_put_both_the_cream_cheese_box_and_the_butter_in_the_basket,put both the cream cheese box and the butter in the basket,14,ff9df67d8709a5a98116ddcc02bb5ffbb3175e428206c0872010d6359650edf8,float64,123,true
libero_10,1,LIVING_ROOM_SCENE2_put_both_the_cream_cheese_box_and_the_butter_in_the_basket,put both the cream cheese box and the butter in the basket,15,2081f0108dd0342f6d988855910777de3564d9f294477cac22590765942f27ae,float64,123,true
libero_10,1,LIVING_ROOM_SCENE2_put_both_the_cream_cheese_box_and_the_butter_in_the_basket,put both the cream cheese box and the butter in the basket,16,bb8073f96294281b7008501d0b6ebdec3668f90448421c5937b58f57c1b8c5e2,float64,123,true
libero_10,1,LIVING_ROOM_SCENE2_put_both_the_cream_cheese_box_and_the_butter_in_the_basket,put both the cream cheese box and the butter in the basket,17,d20cd4b25c7f416d14d47847a8df274779924d47c5f6ee304486c967971690a3,float64,123,true
libero_10,1,LIVING_ROOM_SCENE2_put_both_the_cream_cheese_box_and_the_butter_in_the_basket,put both the cream cheese box and the butter in the basket,18,501646e50339d7ac9536e7cd7029f44aefa2bd43c91a1db90c2d5bdd2d331796,float64,123,true
libero_10,1,LIVING_ROOM_SCENE2_put_both_the_cream_cheese_box_and_the_butter_in_the_basket,put both the cream cheese box and the butter in the basket,19,59bd069bff4e6a8e871bbf7ddb52221691c51810219e35590def72105c183d5a,float64,123,true
libero_10,1,LIVING_ROOM_SCENE2_put_both_the_cream_cheese_box_and_the_butter_in_the_basket,put both the cream cheese box and the butter in the basket,20,1ddc6259e18ba32580516a16db9991698898aa83e150f096c5403b06f74cbe29,float64,123,true
libero_10,1,LIVING_ROOM_SCENE2_put_both_the_cream_cheese_box_and_the_butter_in_the_basket,put both the cream cheese box and the butter in the basket,21,73f30734a195d8fb9c51e30d6c2bc3af8073a3cfce4ab902b32f22ee1e533309,float64,123,true
libero_10,1,LIVING_ROOM_SCENE2_put_both_the_cream_cheese_box_and_the_butter_in_the_basket,put both the cream cheese box and the butter in the basket,22,532200c92d74b65c8986ca5b3f668d9e79da78fa9313362e644d8dfc60a2fa2b,float64,123,true
libero_10,1,LIVING_ROOM_SCENE2_put_both_the_cream_cheese_box_and_the_butter_in_the_basket,put both the cream cheese box and the butter in the basket,23,2bf1ff9b2d1c706dd3a1944c03c8b0dbbc29879ea27a7fcfd0ae260a5134073c,float64,123,true
libero_10,1,LIVING_ROOM_SCENE2_put_both_the_cream_cheese_box_and_the_butter_in_the_basket,put both the cream cheese box and the butter in the basket,24,812469f28d0aaec9f863c1dbbe7f8e17f814e82636a7bc8745794c42203900bd,float64,123,true
libero_10,1,LIVING_ROOM_SCENE2_put_both_the_cream_cheese_box_and_the_butter_in_the_basket,put both the cream cheese box and the butter in the basket,25,0ca2314972a41b72dba008c7cd449afc1187f9410a9da7a661b7a1aa4b486e77,float64,123,true
libero_10,1,LIVING_ROOM_SCENE2_put_both_the_cream_cheese_box_and_the_butter_in_the_basket,put both the cream cheese box and the butter in the basket,26,3eebd94a23ba0a8cc59fa852fea4b940816911670d50b7bfd357c3ba655a2f78,float64,123,true
libero_10,1,LIVING_ROOM_SCENE2_put_both_the_cream_cheese_box_and_the_butter_in_the_basket,put both the cream cheese box and the butter in the basket,27,69fd00355a6a837e41d4c04821e03a55d5d12b7e5aeeed92bf29324d96ee3eaf,float64,123,true
libero_10,1,LIVING_ROOM_SCENE2_put_both_the_cream_cheese_box_and_the_butter_in_the_basket,put both the cream cheese box and the butter in the basket,28,5b8555c0c987c800389082eb4e3a53b06743bf90e9475dc47e34b49a22912e50,float64,123,true
libero_10,1,LIVING_ROOM_SCENE2_put_both_the_cream_cheese_box_and_the_butter_in_the_basket,put both the cream cheese box and the butter in the basket,29,92671e197d63e9a4a167fac77bdd3dfae3c79672f766c3c533ceefa427b4266e,float64,123,true
libero_10,1,LIVING_ROOM_SCENE2_put_both_the_cream_cheese_box_and_the_butter_in_the_basket,put both the cream cheese box and the butter in the basket,30,04ed7d5fdd73cd5bdb5c5a26eacc25865e67605e3b66e4794f178219575384aa,float64,123,true
libero_10,1,LIVING_ROOM_SCENE2_put_both_the_cream_cheese_box_and_the_butter_in_the_basket,put both the cream cheese box and the butter in the basket,31,56d362be598aba5a53ee21dd8503973944e78122057eefe1fcedfa3e9b3c70d4,float64,123,true
libero_10,1,LIVING_ROOM_SCENE2_put_both_the_cream_cheese_box_and_the_butter_in_the_basket,put both the cream cheese box and the butter in the basket,32,e6a0f2a50695864a11e880e8d3f00f972964cdd8b52880de2eff01637c2401f0,float64,123,true
libero_10,1,LIVING_ROOM_SCENE2_put_both_the_cream_cheese_box_and_the_butter_in_the_basket,put both the cream cheese box and the butter in the basket,33,50053adb88a9d29f8b1e3707cd06687b809d0abef48e00e5fb8bbced3051c935,float64,123,true
libero_10,1,LIVING_ROOM_SCENE2_put_both_the_cream_cheese_box_and_the_butter_in_the_basket,put both the cream cheese box and the butter in the basket,34,cb859c93d4dccb76f043fb18f98245a2de8a95f0d36019df45e2f5c545a1a9e0,float64,123,true
libero_10,1,LIVING_ROOM_SCENE2_put_both_the_cream_cheese_box_and_the_butter_in_the_basket,put both the cream cheese box and the butter in the basket,35,542de85e4d3d73932fd4025fd47d03f0eb450df3e48b53d9a4b5d578d1e5a91a,float64,123,true
libero_10,1,LIVING_ROOM_SCENE2_put_both_the_cream_cheese_box_and_the_butter_in_the_basket,put both the cream cheese box and the butter in the basket,36,6ff65b3f944f2fdfc2513a8741e0c1620259624097a306c18c6f58e56ca207c5,float64,123,true
libero_10,1,LIVING_ROOM_SCENE2_put_both_the_cream_cheese_box_and_the_butter_in_the_basket,put both the cream cheese box and the butter in the basket,37,abcd8842691f2c616c1cb72ee13df5068f05b947b0ddf08feb5da8146b247bae,float64,123,true
libero_10,1,LIVING_ROOM_SCENE2_put_both_the_cream_cheese_box_and_the_butter_in_the_basket,put both the cream cheese box and the butter in the basket,38,82b3fbeb9e4837e095fafa161138e8602ab00d48eaea8f8621b040b74cae6c2e,float64,123,true
libero_10,1,LIVING_ROOM_SCENE2_put_both_the_cream_cheese_box_and_the_butter_in_the_basket,put both the cream cheese box and the butter in the basket,39,306c4ee7d9ffea9989e92f3cef066e8cbf702cf701c18dece326d86c875f7ff3,float64,123,true
libero_10,1,LIVING_ROOM_SCENE2_put_both_the_cream_cheese_box_and_the_butter_in_the_basket,put both the cream cheese box and the butter in the basket,40,730fc66f946c87f9c9550e8d69bf61c9dea73d886a192d4722b73ebfe04f0fb3,float64,123,true
libero_10,1,LIVING_ROOM_SCENE2_put_both_the_cream_cheese_box_and_the_butter_in_the_basket,put both the cream cheese box and the butter in the basket,41,2a99704c9a9d12a860a0ab6e6a723560adc507d64f88fc31890b1200ca406bf6,float64,123,true
libero_10,1,LIVING_ROOM_SCENE2_put_both_the_cream_cheese_box_and_the_butter_in_the_basket,put both the cream cheese box and the butter in the basket,42,644b9d5b9e2bd118869f66ecf6d0062431efb8b513664a4d97dee913082b90ae,float64,123,true
libero_10,1,LIVING_ROOM_SCENE2_put_both_the_cream_cheese_box_and_the_butter_in_the_basket,put both the cream cheese box and the butter in the basket,43,7a85d8bf560c94c2d57002a3b6f2bc348caac45155074c5cb04f7f8ec658203f,float64,123,true
libero_10,1,LIVING_ROOM_SCENE2_put_both_the_cream_cheese_box_and_the_butter_in_the_basket,put both the cream cheese box and the butter in the basket,44,799ecc108b1966847adeddc3ab31f2d30c727d1ad95f78443722910a1c9a8cb8,float64,123,true
libero_10,1,LIVING_ROOM_SCENE2_put_both_the_cream_cheese_box_and_the_butter_in_the_basket,put both the cream cheese box and the butter in the basket,45,076e125c4aa827ae3af5a5c6de5b0411da9988c0525d925ce91cbad20d4accd2,float64,123,true
libero_10,1,LIVING_ROOM_SCENE2_put_both_the_cream_cheese_box_and_the_butter_in_the_basket,put both the cream cheese box and the butter in the basket,46,c17f5ac3121d7ff9044b9559640c83d3d187f447cf980751d25d0d82257cfd1c,float64,123,true
libero_10,1,LIVING_ROOM_SCENE2_put_both_the_cream_cheese_box_and_the_butter_in_the_basket,put both the cream cheese box and the butter in the basket,47,a8408ecb7b9a82f82cdd109cb24b6d80b930149b850d552c5f381cbc809d2977,float64,123,true
libero_10,1,LIVING_ROOM_SCENE2_put_both_the_cream_cheese_box_and_the_butter_in_the_basket,put both the cream cheese box and the butter in the basket,48,99bc9a0c6a8984edbf7a572d053d7c8b4e5b3e7c81056600da1cd8386ef3af4b,float64,123,true
libero_10,1,LIVING_ROOM_SCENE2_put_both_the_cream_cheese_box_and_the_butter_in_the_basket,put both the cream cheese box and the butter in the basket,49,e8279a7a5fa0e6e1dadb6d5fbb502ad7e671fba966f4b9c01397a5fb3e312e07,float64,123,true
libero_10,2,KITCHEN_SCENE3_turn_on_the_stove_and_put_the_moka_pot_on_it,turn on the stove and put the moka pot on it,0,9ae67aa7e7dd9987ecd1f2930e2b061fb66a414dd94e4b575417356a556cbd90,float64,47,true
libero_10,2,KITCHEN_SCENE3_turn_on_the_stove_and_put_the_moka_pot_on_it,turn on the stove and put the moka pot on it,1,453d74e45f2f7141904a047d4237db1ee0b5576fe7a3f6c2cb4801e83bacb88a,float64,47,true
libero_10,2,KITCHEN_SCENE3_turn_on_the_stove_and_put_the_moka_pot_on_it,turn on the stove and put the moka pot on it,2,8227fd36ba47ae92020986ff9b090acd500ddadcc057c66b04f8afe6fb4de2bb,float64,47,true
libero_10,2,KITCHEN_SCENE3_turn_on_the_stove_and_put_the_moka_pot_on_it,turn on the stove and put the moka pot on it,3,53956839e3584f29993eb41169934902624a2f06d531b13bec4cd8f8cdd5de9d,float64,47,true
libero_10,2,KITCHEN_SCENE3_turn_on_the_stove_and_put_the_moka_pot_on_it,turn on the stove and put the moka pot on it,4,0da0be61b3b3451f1ee4b9b911e9dcdc4fe9df1b95cdfb702eb3bfc9692ca446,float64,47,true
libero_10,2,KITCHEN_SCENE3_turn_on_the_stove_and_put_the_moka_pot_on_it,turn on the stove and put the moka pot on it,5,1a0f8034ad20898be65de30050ea599dc67c2a41d85dfecf67e4986f4d5959b3,float64,47,true
libero_10,2,KITCHEN_SCENE3_turn_on_the_stove_and_put_the_moka_pot_on_it,turn on the stove and put the moka pot on it,6,889f77b9e981349a8cf29c6e9a841bbac3634e4562ec0aab5d2b6e0292053178,float64,47,true
libero_10,2,KITCHEN_SCENE3_turn_on_the_stove_and_put_the_moka_pot_on_it,turn on the stove and put the moka pot on it,7,081d6d4afe3c3b25a42f3e111c17902f1719489f2b3e1323e16f83c594db8684,float64,47,true
libero_10,2,KITCHEN_SCENE3_turn_on_the_stove_and_put_the_moka_pot_on_it,turn on the stove and put the moka pot on it,8,3addeab455f4d1a2763345a27b34d5d71e22b3cae2fff48e7efe5c9ef20fb9f6,float64,47,true
libero_10,2,KITCHEN_SCENE3_turn_on_the_stove_and_put_the_moka_pot_on_it,turn on the stove and put the moka pot on it,9,fe4e1ad710fc072172e81cacf79f27923daa0f7b56c80ed0a8aecff90635d759,float64,47,true
libero_10,2,KITCHEN_SCENE3_turn_on_the_stove_and_put_the_moka_pot_on_it,turn on the stove and put the moka pot on it,10,f75f908010665975aa51b3dd00798d8da79ee47d1d2c0a2460941e507dbd5736,float64,47,true
libero_10,2,KITCHEN_SCENE3_turn_on_the_stove_and_put_the_moka_pot_on_it,turn on the stove and put the moka pot on it,11,0bfd037c32ffebeb7c8ea5012159c73e72d411dbbbcb431f0662b71496436d9f,float64,47,true
libero_10,2,KITCHEN_SCENE3_turn_on_the_stove_and_put_the_moka_pot_on_it,turn on the stove and put the moka pot on it,12,8df0a87a2f79cb89dedc7095b129cb777731a9784103b26a14553765f2641721,float64,47,true
libero_10,2,KITCHEN_SCENE3_turn_on_the_stove_and_put_the_moka_pot_on_it,turn on the stove and put the moka pot on it,13,43869c6215ec48f33579fa3b144035e14c9ee8c677812f52734172ac799e9ee9,float64,47,true
libero_10,2,KITCHEN_SCENE3_turn_on_the_stove_and_put_the_moka_pot_on_it,turn on the stove and put the moka pot on it,14,029086333120d279dcc64cc6ef4373c76359a218ebcbb173d3e7eabbe5c321b4,float64,47,true
libero_10,2,KITCHEN_SCENE3_turn_on_the_stove_and_put_the_moka_pot_on_it,turn on the stove and put the moka pot on it,15,cfc8d05c8752fa81ab4c060beec45a7a37642fe316367a2d14328e05ac7d2c60,float64,47,true
libero_10,2,KITCHEN_SCENE3_turn_on_the_stove_and_put_the_moka_pot_on_it,turn on the stove and put the moka pot on it,16,59a44550ba158e8a2bdf09b7c4ffce0920fa98beb41ab6e90fa6a4f89426f757,float64,47,true
libero_10,2,KITCHEN_SCENE3_turn_on_the_stove_and_put_the_moka_pot_on_it,turn on the stove and put the moka pot on it,17,8f07a846fa8d0d80064caee54702772391b77841a12fe47d94e3ac084d91b1f6,float64,47,true
libero_10,2,KITCHEN_SCENE3_turn_on_the_stove_and_put_the_moka_pot_on_it,turn on the stove and put the moka pot on it,18,ba0d3188c6e86421a401c75c1309471405c4d91d483678092f60129cb74e990b,float64,47,true
libero_10,2,KITCHEN_SCENE3_turn_on_the_stove_and_put_the_moka_pot_on_it,turn on the stove and put the moka pot on it,19,5785bea3fc341770a8749bf65c50aa4cee45741219d23f3fedbaca44025d3c78,float64,47,true
libero_10,2,KITCHEN_SCENE3_turn_on_the_stove_and_put_the_moka_pot_on_it,turn on the stove and put the moka pot on it,20,3749f7901c3630f1a76f47a09ce013cd38e0b2572ccdb7d67cf25e5b2af59ecb,float64,47,true
libero_10,2,KITCHEN_SCENE3_turn_on_the_stove_and_put_the_moka_pot_on_it,turn on the stove and put the moka pot on it,21,0a432c6b4c3bf59ef66b34dbe149237e636badcbb681e2fdefa35a27ffdcdd58,float64,47,true
libero_10,2,KITCHEN_SCENE3_turn_on_the_stove_and_put_the_moka_pot_on_it,turn on the stove and put the moka pot on it,22,0d2ba0b763de5eea7401c0a3b8f5c378ad9346b7421ed1a15865eb450c359292,float64,47,true
libero_10,2,KITCHEN_SCENE3_turn_on_the_stove_and_put_the_moka_pot_on_it,turn on the stove and put the moka pot on it,23,e45e025dd28ee6adfd77950a8b5ecd576f65ecd76a41e2ddc64bb8535026bff5,float64,47,true
libero_10,2,KITCHEN_SCENE3_turn_on_the_stove_and_put_the_moka_pot_on_it,turn on the stove and put the moka pot on it,24,3d0c353cb99b5094a632876ac27b8f95b153eb902acf9c1e3b10b8bcfd669cb3,float64,47,true
libero_10,2,KITCHEN_SCENE3_turn_on_the_stove_and_put_the_moka_pot_on_it,turn on the stove and put the moka pot on it,25,99c8d12bc18142a0b4899030e523b10f0d715932635f241124cd1d15747fc790,float64,47,true
libero_10,2,KITCHEN_SCENE3_turn_on_the_stove_and_put_the_moka_pot_on_it,turn on the stove and put the moka pot on it,26,52d555417d6da2f0ce5e1d80eca35f22e511c9e9f8b49ccd077aaa6ec208761e,float64,47,true
libero_10,2,KITCHEN_SCENE3_turn_on_the_stove_and_put_the_moka_pot_on_it,turn on the stove and put the moka pot on it,27,714790dfe1547ddd5ebe63e5a66a9729245852ef4eba58ca9d55a4f7bc7c8d35,float64,47,true
libero_10,2,KITCHEN_SCENE3_turn_on_the_stove_and_put_the_moka_pot_on_it,turn on the stove and put the moka pot on it,28,610ec34b6a2a07b39a5b247109f99c519b774d7cda6ff9ffaeeb4f457fd75c06,float64,47,true
libero_10,2,KITCHEN_SCENE3_turn_on_the_stove_and_put_the_moka_pot_on_it,turn on the stove and put the moka pot on it,29,0dc2c68bfab360490edf7e9de07dd67c27faf8a835149b44fdc3a0b0ec8b0b6a,float64,47,true
libero_10,2,KITCHEN_SCENE3_turn_on_the_stove_and_put_the_moka_pot_on_it,turn on the stove and put the moka pot on it,30,ec6141fe210f73ef7cd113fbf8c09a5612c0e3b222988f7e5eebe3b3d722c110,float64,47,true
libero_10,2,KITCHEN_SCENE3_turn_on_the_stove_and_put_the_moka_pot_on_it,turn on the stove and put the moka pot on it,31,1f408b30145b0da5556935a01f54ce098c8af96b8c32f710518c6a67464ce1ab,float64,47,true
libero_10,2,KITCHEN_SCENE3_turn_on_the_stove_and_put_the_moka_pot_on_it,turn on the stove and put the moka pot on it,32,d6f4400b34c38abd38e86033d0dc59083bd20c081d4884810d6c8a2cf58175a4,float64,47,true
libero_10,2,KITCHEN_SCENE3_turn_on_the_stove_and_put_the_moka_pot_on_it,turn on the stove and put the moka pot on it,33,9f068508bb81dc30da06caf66021969d4903b0cd8b8a391340c2a51ca3f1cb8a,float64,47,true
libero_10,2,KITCHEN_SCENE3_turn_on_the_stove_and_put_the_moka_pot_on_it,turn on the stove and put the moka pot on it,34,7161828fa6466d3e8433b6fe4f1862ed67861e2ac289ac8cf4b57e55bd48920e,float64,47,true
libero_10,2,KITCHEN_SCENE3_turn_on_the_stove_and_put_the_moka_pot_on_it,turn on the stove and put the moka pot on it,35,4b56da2ee0b747fb7da45ed570709efcc8154b51ffe46223873d4cf26ca269e0,float64,47,true
libero_10,2,KITCHEN_SCENE3_turn_on_the_stove_and_put_the_moka_pot_on_it,turn on the stove and put the moka pot on it,36,15b706155c16d7d91603f09435f79d8b2cda4dc56bcc0708bc27b3d55a3ad6a7,float64,47,true
libero_10,2,KITCHEN_SCENE3_turn_on_the_stove_and_put_the_moka_pot_on_it,turn on the stove and put the moka pot on it,37,95c25ab075b1fdbd1814931e69f8b1c2118ebcc51b53e8de00071f38c6bb1455,float64,47,true
libero_10,2,KITCHEN_SCENE3_turn_on_the_stove_and_put_the_moka_pot_on_it,turn on the stove and put the moka pot on it,38,71bc4b52c3ce603ebd48a022598e11c08b92ff32baa6c9952be16297812621b1,float64,47,true
libero_10,2,KITCHEN_SCENE3_turn_on_the_stove_and_put_the_moka_pot_on_it,turn on the stove and put the moka pot on it,39,0d002efac542e8d1265066945e20a7b3d64b30ca63726a9db041be0fc4cd1187,float64,47,true
libero_10,2,KITCHEN_SCENE3_turn_on_the_stove_and_put_the_moka_pot_on_it,turn on the stove and put the moka pot on it,40,7b98b977369b09e6fb9477279f46672a16a7c349dd5cad0304b583fbac2d8a93,float64,47,true
libero_10,2,KITCHEN_SCENE3_turn_on_the_stove_and_put_the_moka_pot_on_it,turn on the stove and put the moka pot on it,41,119a85e02cab5370310acfbc19191b58741775493ea861a402bbacbea9fdd840,float64,47,true
libero_10,2,KITCHEN_SCENE3_turn_on_the_stove_and_put_the_moka_pot_on_it,turn on the stove and put the moka pot on it,42,98f6f31260b2ef79838ecb4b6f8efe5c8faf130cd1377c6916bfc1684e507d7e,float64,47,true
libero_10,2,KITCHEN_SCENE3_turn_on_the_stove_and_put_the_moka_pot_on_it,turn on the stove and put the moka pot on it,43,f778e85bb4672019ce8b98e999e0ae8aef06a0c5edd3dfa60a38b3cd3cd8414c,float64,47,true
libero_10,2,KITCHEN_SCENE3_turn_on_the_stove_and_put_the_moka_pot_on_it,turn on the stove and put the moka pot on it,44,a1d906f1ce388e4ab73f05b43329194cb22bc558b87415a409c7066ca14982b2,float64,47,true
libero_10,2,KITCHEN_SCENE3_turn_on_the_stove_and_put_the_moka_pot_on_it,turn on the stove and put the moka pot on it,45,7e4ddbf236b7c6bb8fcc17a4af3e9cfa228c46e84b6846befa5c0ca710292644,float64,47,true
libero_10,2,KITCHEN_SCENE3_turn_on_the_stove_and_put_the_moka_pot_on_it,turn on the stove and put the moka pot on it,46,06d76489c17e10d5481cff85c6943af4fc2764b7b4366513f94a0c5ab83d403f,float64,47,true
libero_10,2,KITCHEN_SCENE3_turn_on_the_stove_and_put_the_moka_pot_on_it,turn on the stove and put the moka pot on it,47,bf8d5cee6a92924f34285c43b3e5be1531aaa55e4b16ea91ef26eb386eb43bd5,float64,47,true
libero_10,2,KITCHEN_SCENE3_turn_on_the_stove_and_put_the_moka_pot_on_it,turn on the stove and put the moka pot on it,48,fa7ae8af98f7e2ea18794519aa5ed415352748917668046e83cea58c58c2ebc9,float64,47,true
libero_10,2,KITCHEN_SCENE3_turn_on_the_stove_and_put_the_moka_pot_on_it,turn on the stove and put the moka pot on it,49,11852eee6ebd1b9f091ec3a2b32334786dd760e219d4ebaf1c4dec21c38b066f,float64,47,true
libero_10,3,KITCHEN_SCENE4_put_the_black_bowl_in_the_bottom_drawer_of_the_cabinet_and_close_it,put the black bowl in the bottom drawer of the cabinet and close it,0,ea2ad0a67ceabe915bc4744e8231bf7fe71bddb74ff8c67eae6c821ff82078a4,float64,51,true
libero_10,3,KITCHEN_SCENE4_put_the_black_bowl_in_the_bottom_drawer_of_the_cabinet_and_close_it,put the black bowl in the bottom drawer of the cabinet and close it,1,4163733ff3615b450aeebdbe916059b6c8b8f899330378fde0f00efc2f795efe,float64,51,true
libero_10,3,KITCHEN_SCENE4_put_the_black_bowl_in_the_bottom_drawer_of_the_cabinet_and_close_it,put the black bowl in the bottom drawer of the cabinet and close it,2,d4452cb6d293450305537a0160f36840b3351a6b381b8e487f3bf2db1b30399b,float64,51,true
libero_10,3,KITCHEN_SCENE4_put_the_black_bowl_in_the_bottom_drawer_of_the_cabinet_and_close_it,put the black bowl in the bottom drawer of the cabinet and close it,3,3304c9b023454e5f857390d21d8992a71c0491af9b7be42cd2b96d38fad671c9,float64,51,true
libero_10,3,KITCHEN_SCENE4_put_the_black_bowl_in_the_bottom_drawer_of_the_cabinet_and_close_it,put the black bowl in the bottom drawer of the cabinet and close it,4,54647cdea762ee9cf0ff2d80d17547e7a0a1c49606099f9d043c9c13308800ce,float64,51,true
libero_10,3,KITCHEN_SCENE4_put_the_black_bowl_in_the_bottom_drawer_of_the_cabinet_and_close_it,put the black bowl in the bottom drawer of the cabinet and close it,5,070477df0cfd5b91190ff37614027be95647932f3d641aef27173f29c5255488,float64,51,true
libero_10,3,KITCHEN_SCENE4_put_the_black_bowl_in_the_bottom_drawer_of_the_cabinet_and_close_it,put the black bowl in the bottom drawer of the cabinet and close it,6,fbe75ec3ec5d6c2f3a7f8d18fff9401fd432f62cdd27361955fcc752f0e06b84,float64,51,true
libero_10,3,KITCHEN_SCENE4_put_the_black_bowl_in_the_bottom_drawer_of_the_cabinet_and_close_it,put the black bowl in the bottom drawer of the cabinet and close it,7,391683245a32d3c7c82b6cc36bcdd2c504078798c7545bb2e617291cf8ac8c0e,float64,51,true
libero_10,3,KITCHEN_SCENE4_put_the_black_bowl_in_the_bottom_drawer_of_the_cabinet_and_close_it,put the black bowl in the bottom drawer of the cabinet and close it,8,c0b450c43d17bfeb06fbfa6736e68ec70a6b15e2d6c2948318c47f662ac5413a,float64,51,true
libero_10,3,KITCHEN_SCENE4_put_the_black_bowl_in_the_bottom_drawer_of_the_cabinet_and_close_it,put the black bowl in the bottom drawer of the cabinet and close it,9,5a55a76afddbf522462c41c3f0e9ee5823061d9632721d6f652fe855fca74736,float64,51,true
libero_10,3,KITCHEN_SCENE4_put_the_black_bowl_in_the_bottom_drawer_of_the_cabinet_and_close_it,put the black bowl in the bottom drawer of the cabinet and close it,10,5fd1895f41fc1fd6032c6ea5592fb32d61cc6cb0e5af3e89e6ee06ad287187e9,float64,51,true
libero_10,3,KITCHEN_SCENE4_put_the_black_bowl_in_the_bottom_drawer_of_the_cabinet_and_close_it,put the black bowl in the bottom drawer of the cabinet and close it,11,163d19b5b7ba8f4ae1a9abd652b429ced34817799c94171852fa6775fd6da1f1,float64,51,true
libero_10,3,KITCHEN_SCENE4_put_the_black_bowl_in_the_bottom_drawer_of_the_cabinet_and_close_it,put the black bowl in the bottom drawer of the cabinet and close it,12,2338f1117044e1f570956b03990b0a68523ecb07c32fa68fbe017085a7797748,float64,51,true
libero_10,3,KITCHEN_SCENE4_put_the_black_bowl_in_the_bottom_drawer_of_the_cabinet_and_close_it,put the black bowl in the bottom drawer of the cabinet and close it,13,e8023763a1f25b673a9b0ddb9cd665629eb1c1939676cf736e177950fa119c23,float64,51,true
libero_10,3,KITCHEN_SCENE4_put_the_black_bowl_in_the_bottom_drawer_of_the_cabinet_and_close_it,put the black bowl in the bottom drawer of the cabinet and close it,14,82c1ac02203c34fbf6a582ae4b65d1f98ecf0bf48e49e375bea8f760cdcb9503,float64,51,true
libero_10,3,KITCHEN_SCENE4_put_the_black_bowl_in_the_bottom_drawer_of_the_cabinet_and_close_it,put the black bowl in the bottom drawer of the cabinet and close it,15,0684c8840637a00464a2691c2cf511694028e8662f6060a893445a6eb4f60d5a,float64,51,true
libero_10,3,KITCHEN_SCENE4_put_the_black_bowl_in_the_bottom_drawer_of_the_cabinet_and_close_it,put the black bowl in the bottom drawer of the cabinet and close it,16,722d65318c097beda924a0bc2da9798f4e6f54024ad8388637cc92dbcd5b1995,float64,51,true
libero_10,3,KITCHEN_SCENE4_put_the_black_bowl_in_the_bottom_drawer_of_the_cabinet_and_close_it,put the black bowl in the bottom drawer of the cabinet and close it,17,6499f1c4037293ed106450c575be907fda9a46a8c94bb6893d4142984da82d0d,float64,51,true
libero_10,3,KITCHEN_SCENE4_put_the_black_bowl_in_the_bottom_drawer_of_the_cabinet_and_close_it,put the black bowl in the bottom drawer of the cabinet and close it,18,99afc052ff99002ae0d69402286b25865ad616d3c4d2e01d1db851c3fd9844ec,float64,51,true
libero_10,3,KITCHEN_SCENE4_put_the_black_bowl_in_the_bottom_drawer_of_the_cabinet_and_close_it,put the black bowl in the bottom drawer of the cabinet and close it,19,633426e634d29745a1df5f8c16dd19e292de894cc819f3c2ff09b6dea3324ba2,float64,51,true
libero_10,3,KITCHEN_SCENE4_put_the_black_bowl_in_the_bottom_drawer_of_the_cabinet_and_close_it,put the black bowl in the bottom drawer of the cabinet and close it,20,8279cae772a53a172f0d2acca43c6df390f9f465647a2c9c0e929873ba16c51c,float64,51,true
libero_10,3,KITCHEN_SCENE4_put_the_black_bowl_in_the_bottom_drawer_of_the_cabinet_and_close_it,put the black bowl in the bottom drawer of the cabinet and close it,21,f14cdc0ad1b9feb6a20bd20639b0e5250c43c94b55249305b8d534a33dcbcb63,float64,51,true
libero_10,3,KITCHEN_SCENE4_put_the_black_bowl_in_the_bottom_drawer_of_the_cabinet_and_close_it,put the black bowl in the bottom drawer of the cabinet and close it,22,3e5394eee2533db272230ee2baadeeb2af83e8aed726b72eb8d7bee36d44bfa8,float64,51,true
libero_10,3,KITCHEN_SCENE4_put_the_black_bowl_in_the_bottom_drawer_of_the_cabinet_and_close_it,put the black bowl in the bottom drawer of the cabinet and close it,23,893714958d4cc11a8eb60cfaddeb11dc75a4c7b2700d06f5b33445d02c39244a,float64,51,true
libero_10,3,KITCHEN_SCENE4_put_the_black_bowl_in_the_bottom_drawer_of_the_cabinet_and_close_it,put the black bowl in the bottom drawer of the cabinet and close it,24,c246b2e99c950b4e4b8ffc7e200cb29bc8db9ee22f96b5846fb887aafeef0d20,float64,51,true
libero_10,3,KITCHEN_SCENE4_put_the_black_bowl_in_the_bottom_drawer_of_the_cabinet_and_close_it,put the black bowl in the bottom drawer of the cabinet and close it,25,3e82de4a8d0c74b874a9b3735f7a3003b1820b6498d072b897d7e8d27b94f2cc,float64,51,true
libero_10,3,KITCHEN_SCENE4_put_the_black_bowl_in_the_bottom_drawer_of_the_cabinet_and_close_it,put the black bowl in the bottom drawer of the cabinet and close it,26,6b4fb60fcd8ce248937b527d067cfcedff974e9730db58786bce5d3aae840af4,float64,51,true
libero_10,3,KITCHEN_SCENE4_put_the_black_bowl_in_the_bottom_drawer_of_the_cabinet_and_close_it,put the black bowl in the bottom drawer of the cabinet and close it,27,b3b6758cf6fbcd72b4ac3280a56ecca6278b953bf2f9cb506307954a74ab40e9,float64,51,true
libero_10,3,KITCHEN_SCENE4_put_the_black_bowl_in_the_bottom_drawer_of_the_cabinet_and_close_it,put the black bowl in the bottom drawer of the cabinet and close it,28,d5867bfe7f51cd9c65edaa968000fd48df021e6d8a8c93b39fa94f38f8b5e565,float64,51,true
libero_10,3,KITCHEN_SCENE4_put_the_black_bowl_in_the_bottom_drawer_of_the_cabinet_and_close_it,put the black bowl in the bottom drawer of the cabinet and close it,29,2e3e267cdff039058a2c0e825783eee2acefd7888c65820e8ea30525f5ab25a1,float64,51,true
libero_10,3,KITCHEN_SCENE4_put_the_black_bowl_in_the_bottom_drawer_of_the_cabinet_and_close_it,put the black bowl in the bottom drawer of the cabinet and close it,30,21fb8cffc5f983082feabace5f5a14d7c655e00e27127d593ce3ece3c184633e,float64,51,true
libero_10,3,KITCHEN_SCENE4_put_the_black_bowl_in_the_bottom_drawer_of_the_cabinet_and_close_it,put the black bowl in the bottom drawer of the cabinet and close it,31,84429ea13f1c7a08c58f7deb2569dd2f59b90957564e3c241e10dd3041512ec6,float64,51,true
libero_10,3,KITCHEN_SCENE4_put_the_black_bowl_in_the_bottom_drawer_of_the_cabinet_and_close_it,put the black bowl in the bottom drawer of the cabinet and close it,32,cd21040cd27877acd22f35841a89709d9bc31b1c4f69cc2d57a87f7fe3017b89,float64,51,true
libero_10,3,KITCHEN_SCENE4_put_the_black_bowl_in_the_bottom_drawer_of_the_cabinet_and_close_it,put the black bowl in the bottom drawer of the cabinet and close it,33,ca3a5cc816fc168c8c9d730fdc4fbbeded8997d1daed18219307f73c4c795943,float64,51,true
libero_10,3,KITCHEN_SCENE4_put_the_black_bowl_in_the_bottom_drawer_of_the_cabinet_and_close_it,put the black bowl in the bottom drawer of the cabinet and close it,34,32984552be15ff126c2f4bad39a0e015a2e0aaaf7b3f78395b6fea7a6747de51,float64,51,true
libero_10,3,KITCHEN_SCENE4_put_the_black_bowl_in_the_bottom_drawer_of_the_cabinet_and_close_it,put the black bowl in the bottom drawer of the cabinet and close it,35,f562c40a3925683e6e9c7c7f049f572e7821d04c02651538c76a253fa3567f8f,float64,51,true
libero_10,3,KITCHEN_SCENE4_put_the_black_bowl_in_the_bottom_drawer_of_the_cabinet_and_close_it,put the black bowl in the bottom drawer of the cabinet and close it,36,b5dee2bd0d5c3ec37f5fb5226698ccd9bd38ea9cab5d3e2f0a9f723f5df95657,float64,51,true
libero_10,3,KITCHEN_SCENE4_put_the_black_bowl_in_the_bottom_drawer_of_the_cabinet_and_close_it,put the black bowl in the bottom drawer of the cabinet and close it,37,604a03fc7c99d38d2cadb9927c57c52649ee10ba17856092408bb3cc89ebd1ee,float64,51,true
libero_10,3,KITCHEN_SCENE4_put_the_black_bowl_in_the_bottom_drawer_of_the_cabinet_and_close_it,put the black bowl in the bottom drawer of the cabinet and close it,38,839f5f11f17e41a28507656f3ca7329d530d28538b8f0a704074f554b95fa352,float64,51,true
libero_10,3,KITCHEN_SCENE4_put_the_black_bowl_in_the_bottom_drawer_of_the_cabinet_and_close_it,put the black bowl in the bottom drawer of the cabinet and close it,39,ae8ed55a1f88a744e1c962803c2a84cc889dd3a0b140b92a5c6b1da733fce481,float64,51,true
libero_10,3,KITCHEN_SCENE4_put_the_black_bowl_in_the_bottom_drawer_of_the_cabinet_and_close_it,put the black bowl in the bottom drawer of the cabinet and close it,40,5d04705371a8fc50035231c26b4ae1c7d8c5fb12ec863b7b91dcd49dbc367ece,float64,51,true
libero_10,3,KITCHEN_SCENE4_put_the_black_bowl_in_the_bottom_drawer_of_the_cabinet_and_close_it,put the black bowl in the bottom drawer of the cabinet and close it,41,ce8672ec79b1a372493acc08f8ab92fd7e81c2f9fa2ed90e3e729327fec24eea,float64,51,true
libero_10,3,KITCHEN_SCENE4_put_the_black_bowl_in_the_bottom_drawer_of_the_cabinet_and_close_it,put the black bowl in the bottom drawer of the cabinet and close it,42,4472d61e7a5ddf21cd7cc5c3a2aa0d9284a86e7b64e65ed3085b0b0559273c87,float64,51,true
libero_10,3,KITCHEN_SCENE4_put_the_black_bowl_in_the_bottom_drawer_of_the_cabinet_and_close_it,put the black bowl in the bottom drawer of the cabinet and close it,43,c323df1a05f108d93868d0eef67a84909f2586c7eca82a4b4b7f8cb411cc7e54,float64,51,true
libero_10,3,KITCHEN_SCENE4_put_the_black_bowl_in_the_bottom_drawer_of_the_cabinet_and_close_it,put the black bowl in the bottom drawer of the cabinet and close it,44,0374cc488ad5c68b2766bebee6364fe4536e3e6e8ab94fefa89007358d345ada,float64,51,true
libero_10,3,KITCHEN_SCENE4_put_the_black_bowl_in_the_bottom_drawer_of_the_cabinet_and_close_it,put the black bowl in the bottom drawer of the cabinet and close it,45,4d80370d1bf87c890d7593e35fcf4b5fcbc9972564607e9a8e916aac70fd5514,float64,51,true
libero_10,3,KITCHEN_SCENE4_put_the_black_bowl_in_the_bottom_drawer_of_the_cabinet_and_close_it,put the black bowl in the bottom drawer of the cabinet and close it,46,c4adf114e2be1857766e3a49c2128dcd46073851f64b79cb72fcb56e7d5504d0,float64,51,true
libero_10,3,KITCHEN_SCENE4_put_the_black_bowl_in_the_bottom_drawer_of_the_cabinet_and_close_it,put the black bowl in the bottom drawer of the cabinet and close it,47,61f8f5125024b9aaf854e53e306355047dfc81583012e3b73f5a9a6973a755ae,float64,51,true
libero_10,3,KITCHEN_SCENE4_put_the_black_bowl_in_the_bottom_drawer_of_the_cabinet_and_close_it,put the black bowl in the bottom drawer of the cabinet and close it,48,3428d3529e7a449c5dd47e563a2c4b1475d8bfec9d64c3068e0704438568cf6f,float64,51,true
libero_10,3,KITCHEN_SCENE4_put_the_black_bowl_in_the_bottom_drawer_of_the_cabinet_and_close_it,put the black bowl in the bottom drawer of the cabinet and close it,49,cfc7e736d699eb7ef649505a6c358db039e60efcbe4dfdaaf3f009238038010a,float64,51,true
libero_10,4,LIVING_ROOM_SCENE5_put_the_white_mug_on_the_left_plate_and_put_the_yellow_and_white_mug_on_the_right_plate,put the white mug on the left plate and put the yellow and white mug on the right plate,0,4365b3c5a82da7f8818c11ef5fd494c4890c17c4c3e27948dc290a9ac2f08131,float64,84,true
libero_10,4,LIVING_ROOM_SCENE5_put_the_white_mug_on_the_left_plate_and_put_the_yellow_and_white_mug_on_the_right_plate,put the white mug on the left plate and put the yellow and white mug on the right plate,1,b55dd89278457f3c00d7b4d871dc8d64e84534e5a119dd35a53e5a152c831d6a,float64,84,true
libero_10,4,LIVING_ROOM_SCENE5_put_the_white_mug_on_the_left_plate_and_put_the_yellow_and_white_mug_on_the_right_plate,put the white mug on the left plate and put the yellow and white mug on the right plate,2,1d2fdd615bb32a097ad2781dd5e9203104555e54521dd9bce6eacbb5bf718e33,float64,84,true
libero_10,4,LIVING_ROOM_SCENE5_put_the_white_mug_on_the_left_plate_and_put_the_yellow_and_white_mug_on_the_right_plate,put the white mug on the left plate and put the yellow and white mug on the right plate,3,79a2ec18a6067d027a62de697a1931bf818dffc4dd7572c39c4426e122bd35d0,float64,84,true
libero_10,4,LIVING_ROOM_SCENE5_put_the_white_mug_on_the_left_plate_and_put_the_yellow_and_white_mug_on_the_right_plate,put the white mug on the left plate and put the yellow and white mug on the right plate,4,4da1e19512111404fa9dc3c87088cf26dce60996e1e9cf5b43ca04c73465a4e6,float64,84,true
libero_10,4,LIVING_ROOM_SCENE5_put_the_white_mug_on_the_left_plate_and_put_the_yellow_and_white_mug_on_the_right_plate,put the white mug on the left plate and put the yellow and white mug on the right plate,5,b83253684e70aacc31a4caf328017aa7b4bf34e6320a1c999f1472c43a80e915,float64,84,true
libero_10,4,LIVING_ROOM_SCENE5_put_the_white_mug_on_the_left_plate_and_put_the_yellow_and_white_mug_on_the_right_plate,put the white mug on the left plate and put the yellow and white mug on the right plate,6,c5ccffa18cb4b9e735e02bf9dd64a86454f91d432a93e8af23b5e1d3a23472cc,float64,84,true
libero_10,4,LIVING_ROOM_SCENE5_put_the_white_mug_on_the_left_plate_and_put_the_yellow_and_white_mug_on_the_right_plate,put the white mug on the left plate and put the yellow and white mug on the right plate,7,b95581ac6ecb117121be421670abca2d7ac7cfa98d3617a80a851bf7fa2faef0,float64,84,true
libero_10,4,LIVING_ROOM_SCENE5_put_the_white_mug_on_the_left_plate_and_put_the_yellow_and_white_mug_on_the_right_plate,put the white mug on the left plate and put the yellow and white mug on the right plate,8,69b2841b88f91402edf81e40eb3afea98c5fa70a6a37c1a8d431a11784bfa935,float64,84,true
libero_10,4,LIVING_ROOM_SCENE5_put_the_white_mug_on_the_left_plate_and_put_the_yellow_and_white_mug_on_the_right_plate,put the white mug on the left plate and put the yellow and white mug on the right plate,9,3d2e8682243eea8849aa951f676fe1951030d2f89713571e23724c45d22d03e5,float64,84,true
libero_10,4,LIVING_ROOM_SCENE5_put_the_white_mug_on_the_left_plate_and_put_the_yellow_and_white_mug_on_the_right_plate,put the white mug on the left plate and put the yellow and white mug on the right plate,10,03d2ad0efa258979c55567ee8c76735572d94d9d542184f28b3870213f119953,float64,84,true
libero_10,4,LIVING_ROOM_SCENE5_put_the_white_mug_on_the_left_plate_and_put_the_yellow_and_white_mug_on_the_right_plate,put the white mug on the left plate and put the yellow and white mug on the right plate,11,7d0034440f25275f8160619177394ba604e5179340e52da8d4a1bdfb17e05b2b,float64,84,true
libero_10,4,LIVING_ROOM_SCENE5_put_the_white_mug_on_the_left_plate_and_put_the_yellow_and_white_mug_on_the_right_plate,put the white mug on the left plate and put the yellow and white mug on the right plate,12,15954d8f96d3f923d28e4ab44fd0dde7cd5e8a9767aa35b5bfb0ee49ae84977d,float64,84,true
libero_10,4,LIVING_ROOM_SCENE5_put_the_white_mug_on_the_left_plate_and_put_the_yellow_and_white_mug_on_the_right_plate,put the white mug on the left plate and put the yellow and white mug on the right plate,13,d1e95f79455d03edcd88f8bcd8536986dc3cf8ef1da9ac586fe00d443f8e0b2e,float64,84,true
libero_10,4,LIVING_ROOM_SCENE5_put_the_white_mug_on_the_left_plate_and_put_the_yellow_and_white_mug_on_the_right_plate,put the white mug on the left plate and put the yellow and white mug on the right plate,14,188e919dae3e22390e0cf5cc177d0ad36687c7e606c4d81fa3a763313e98fe73,float64,84,true
libero_10,4,LIVING_ROOM_SCENE5_put_the_white_mug_on_the_left_plate_and_put_the_yellow_and_white_mug_on_the_right_plate,put the white mug on the left plate and put the yellow and white mug on the right plate,15,d8e1f6fd54ddf89b241b1e2d065bb75d245ab49e19895d65fad446caf55076c5,float64,84,true
libero_10,4,LIVING_ROOM_SCENE5_put_the_white_mug_on_the_left_plate_and_put_the_yellow_and_white_mug_on_the_right_plate,put the white mug on the left plate and put the yellow and white mug on the right plate,16,5bbc47559d41b7331d5e15c0651986ab93b72818c00972065e5ed5299143ed15,float64,84,true
libero_10,4,LIVING_ROOM_SCENE5_put_the_white_mug_on_the_left_plate_and_put_the_yellow_and_white_mug_on_the_right_plate,put the white mug on the left plate and put the yellow and white mug on the right plate,17,aed6339a72e4d78f18315a1a7aa3911cc4106da0517a5ffe5022a0bd7b03aa59,float64,84,true
libero_10,4,LIVING_ROOM_SCENE5_put_the_white_mug_on_the_left_plate_and_put_the_yellow_and_white_mug_on_the_right_plate,put the white mug on the left plate and put the yellow and white mug on the right plate,18,e689768abc5b5ec64fa02cf6dddccb5956e914217acb6eef342aa177c1d0d0de,float64,84,true
libero_10,4,LIVING_ROOM_SCENE5_put_the_white_mug_on_the_left_plate_and_put_the_yellow_and_white_mug_on_the_right_plate,put the white mug on the left plate and put the yellow and white mug on the right plate,19,cab25360bce4cdcbd230316d1d8ce1142c95303b9120ca48dd4c6c731ebaba99,float64,84,true
libero_10,4,LIVING_ROOM_SCENE5_put_the_white_mug_on_the_left_plate_and_put_the_yellow_and_white_mug_on_the_right_plate,put the white mug on the left plate and put the yellow and white mug on the right plate,20,5d6df4d9f5acd6ef9fdcb7a64d0234fe8620d34f2194d7b675bd0e455fdce0f3,float64,84,true
libero_10,4,LIVING_ROOM_SCENE5_put_the_white_mug_on_the_left_plate_and_put_the_yellow_and_white_mug_on_the_right_plate,put the white mug on the left plate and put the yellow and white mug on the right plate,21,4e442647eba43ee5ba0ad5e831186ee6b59cb4675b752d63be4575af85726ab4,float64,84,true
libero_10,4,LIVING_ROOM_SCENE5_put_the_white_mug_on_the_left_plate_and_put_the_yellow_and_white_mug_on_the_right_plate,put the white mug on the left plate and put the yellow and white mug on the right plate,22,055cb786edcb7faad227beb588a8433767a75c1d0e6b7c6e10e85bbed328793a,float64,84,true
libero_10,4,LIVING_ROOM_SCENE5_put_the_white_mug_on_the_left_plate_and_put_the_yellow_and_white_mug_on_the_right_plate,put the white mug on the left plate and put the yellow and white mug on the right plate,23,cd6e3afa56ae5ea41b0215caca93c24c8e06b499234a24ea6df89001a0f24fbd,float64,84,true
libero_10,4,LIVING_ROOM_SCENE5_put_the_white_mug_on_the_left_plate_and_put_the_yellow_and_white_mug_on_the_right_plate,put the white mug on the left plate and put the yellow and white mug on the right plate,24,e9db6cfc2053a38639e88f0812fc193df347bcf62e011ffbe4503da7242fdb1f,float64,84,true
libero_10,4,LIVING_ROOM_SCENE5_put_the_white_mug_on_the_left_plate_and_put_the_yellow_and_white_mug_on_the_right_plate,put the white mug on the left plate and put the yellow and white mug on the right plate,25,ce2cf4c27ff01c1dc4b94afe97e647a9a522ce10f0de235c1f4b9e5d1727f814,float64,84,true
libero_10,4,LIVING_ROOM_SCENE5_put_the_white_mug_on_the_left_plate_and_put_the_yellow_and_white_mug_on_the_right_plate,put the white mug on the left plate and put the yellow and white mug on the right plate,26,33e98cff1bf87eb58c019516257cc5f3f730356734ec6737af9dcb04dc618182,float64,84,true
libero_10,4,LIVING_ROOM_SCENE5_put_the_white_mug_on_the_left_plate_and_put_the_yellow_and_white_mug_on_the_right_plate,put the white mug on the left plate and put the yellow and white mug on the right plate,27,0e8347f79ab11cf3f54447949dedad5161906e3e1b440387250e178a8d6dd1d5,float64,84,true
libero_10,4,LIVING_ROOM_SCENE5_put_the_white_mug_on_the_left_plate_and_put_the_yellow_and_white_mug_on_the_right_plate,put the white mug on the left plate and put the yellow and white mug on the right plate,28,59a5530f8dff5b1afdd3cc0e905805a26540e66c48d20ad2fa9fb3d9569b8f10,float64,84,true
libero_10,4,LIVING_ROOM_SCENE5_put_the_white_mug_on_the_left_plate_and_put_the_yellow_and_white_mug_on_the_right_plate,put the white mug on the left plate and put the yellow and white mug on the right plate,29,b1cd034041524c4f0d05960455ee5b9d032faa1d08013f224890eea1a6211831,float64,84,true
libero_10,4,LIVING_ROOM_SCENE5_put_the_white_mug_on_the_left_plate_and_put_the_yellow_and_white_mug_on_the_right_plate,put the white mug on the left plate and put the yellow and white mug on the right plate,30,6e1f33b240f97524dc840ff6e8fc28c2bec7546bdb0f26729905d64bb9a36792,float64,84,true
libero_10,4,LIVING_ROOM_SCENE5_put_the_white_mug_on_the_left_plate_and_put_the_yellow_and_white_mug_on_the_right_plate,put the white mug on the left plate and put the yellow and white mug on the right plate,31,1674808307b59c3ee8f56f973a09ad05f9319e1565ec999c5bc4251f4c29b179,float64,84,true
libero_10,4,LIVING_ROOM_SCENE5_put_the_white_mug_on_the_left_plate_and_put_the_yellow_and_white_mug_on_the_right_plate,put the white mug on the left plate and put the yellow and white mug on the right plate,32,f385b4dc4809367011d8a174472341227c32cb39ed91beaf68ae853d03b09a70,float64,84,true
libero_10,4,LIVING_ROOM_SCENE5_put_the_white_mug_on_the_left_plate_and_put_the_yellow_and_white_mug_on_the_right_plate,put the white mug on the left plate and put the yellow and white mug on the right plate,33,4d673971b8c1c35d57fe141710f5aca9043b9264feaa47529c891b712e7d5e9b,float64,84,true
libero_10,4,LIVING_ROOM_SCENE5_put_the_white_mug_on_the_left_plate_and_put_the_yellow_and_white_mug_on_the_right_plate,put the white mug on the left plate and put the yellow and white mug on the right plate,34,3ae81c7836513e450fd70347ec59c0636738ed7865fe44320d85ee741cd20f36,float64,84,true
libero_10,4,LIVING_ROOM_SCENE5_put_the_white_mug_on_the_left_plate_and_put_the_yellow_and_white_mug_on_the_right_plate,put the white mug on the left plate and put the yellow and white mug on the right plate,35,9d8f4dd19a61e022827b357b0119593fe1d1db35f07456fe39348e2ac5f1257b,float64,84,true
libero_10,4,LIVING_ROOM_SCENE5_put_the_white_mug_on_the_left_plate_and_put_the_yellow_and_white_mug_on_the_right_plate,put the white mug on the left plate and put the yellow and white mug on the right plate,36,eda2439368a3423ad51389d2c41ed4b5889a1bd42f1c52d79e9b277a935b9aa7,float64,84,true
libero_10,4,LIVING_ROOM_SCENE5_put_the_white_mug_on_the_left_plate_and_put_the_yellow_and_white_mug_on_the_right_plate,put the white mug on the left plate and put the yellow and white mug on the right plate,37,4cfb62b990f63ec43c234a4464cf3dd530b17f4a80bdc8f3df122c97545f326e,float64,84,true
libero_10,4,LIVING_ROOM_SCENE5_put_the_white_mug_on_the_left_plate_and_put_the_yellow_and_white_mug_on_the_right_plate,put the white mug on the left plate and put the yellow and white mug on the right plate,38,4e01942608308effa1acc219767f94d6b87b28beb5f371795da47f840473cb33,float64,84,true
libero_10,4,LIVING_ROOM_SCENE5_put_the_white_mug_on_the_left_plate_and_put_the_yellow_and_white_mug_on_the_right_plate,put the white mug on the left plate and put the yellow and white mug on the right plate,39,59b5c3f7ba7708da61b209b376680e90edfc7e45a15f0331da3cc7e082f580dc,float64,84,true
libero_10,4,LIVING_ROOM_SCENE5_put_the_white_mug_on_the_left_plate_and_put_the_yellow_and_white_mug_on_the_right_plate,put the white mug on the left plate and put the yellow and white mug on the right plate,40,9cb5d553882be8c6d2e48469948f88c802ca82b1f77aaf60a531ae849259d425,float64,84,true
libero_10,4,LIVING_ROOM_SCENE5_put_the_white_mug_on_the_left_plate_and_put_the_yellow_and_white_mug_on_the_right_plate,put the white mug on the left plate and put the yellow and white mug on the right plate,41,1634c24a7968a3d55d3b25b294c242d19a4d0d460cc311665c2580e07f5e6932,float64,84,true
libero_10,4,LIVING_ROOM_SCENE5_put_the_white_mug_on_the_left_plate_and_put_the_yellow_and_white_mug_on_the_right_plate,put the white mug on the left plate and put the yellow and white mug on the right plate,42,34869aac319cc93f73293d11408ec229d748e00f3bbd9a6f55b26ff978490820,float64,84,true
libero_10,4,LIVING_ROOM_SCENE5_put_the_white_mug_on_the_left_plate_and_put_the_yellow_and_white_mug_on_the_right_plate,put the white mug on the left plate and put the yellow and white mug on the right plate,43,c56933a0f777f70a4bb7f1eaaf5add040918d3ce9a71c81fd1f7670b2f0346df,float64,84,true
libero_10,4,LIVING_ROOM_SCENE5_put_the_white_mug_on_the_left_plate_and_put_the_yellow_and_white_mug_on_the_right_plate,put the white mug on the left plate and put the yellow and white mug on the right plate,44,62191cad0f123cb0a26b81756a9603459f183de24a5c932f9028a2c0a8b2881a,float64,84,true
libero_10,4,LIVING_ROOM_SCENE5_put_the_white_mug_on_the_left_plate_and_put_the_yellow_and_white_mug_on_the_right_plate,put the white mug on the left plate and put the yellow and white mug on the right plate,45,819c380d76d7be83123be838534afb1adaacb3dd3490952865d98e50fcb1a59e,float64,84,true
libero_10,4,LIVING_ROOM_SCENE5_put_the_white_mug_on_the_left_plate_and_put_the_yellow_and_white_mug_on_the_right_plate,put the white mug on the left plate and put the yellow and white mug on the right plate,46,98d7e2346932b6ba2631903e3e3cf9c72b30cbf81e8fc77ff2b84fd9f2f1eba6,float64,84,true
libero_10,4,LIVING_ROOM_SCENE5_put_the_white_mug_on_the_left_plate_and_put_the_yellow_and_white_mug_on_the_right_plate,put the white mug on the left plate and put the yellow and white mug on the right plate,47,a55c930261998140dbd89fbd6260550f45b484fd40b52fbe7ba6e09b7dbbdd0b,float64,84,true
libero_10,4,LIVING_ROOM_SCENE5_put_the_white_mug_on_the_left_plate_and_put_the_yellow_and_white_mug_on_the_right_plate,put the white mug on the left plate and put the yellow and white mug on the right plate,48,250724cabe1300ea7b56f9e1918077ca6bf3be060d034578a90ec33eff348fed,float64,84,true
libero_10,4,LIVING_ROOM_SCENE5_put_the_white_mug_on_the_left_plate_and_put_the_yellow_and_white_mug_on_the_right_plate,put the white mug on the left plate and put the yellow and white mug on the right plate,49,71dd54233a61e7c209c9b67da5f0bb1ec26aeb802e9e4d39b361f9398c896657,float64,84,true
libero_10,5,STUDY_SCENE1_pick_up_the_book_and_place_it_in_the_back_compartment_of_the_caddy,pick up the book and place it in the back compartment of the caddy,0,407c3d5eb11fd5b33bd2a6dea73a37415a99d7e72f0cc291074de29b1c63c37c,float64,45,true
libero_10,5,STUDY_SCENE1_pick_up_the_book_and_place_it_in_the_back_compartment_of_the_caddy,pick up the book and place it in the back compartment of the caddy,1,fbf82707bd0a7721f0e118ac32aad30182e487e7a940bec7128ad6f18457e139,float64,45,true
libero_10,5,STUDY_SCENE1_pick_up_the_book_and_place_it_in_the_back_compartment_of_the_caddy,pick up the book and place it in the back compartment of the caddy,2,83ff554be370e25fb3b049d5c3db3f2cf4f20524a0eab8beeda093c6a81bad66,float64,45,true
libero_10,5,STUDY_SCENE1_pick_up_the_book_and_place_it_in_the_back_compartment_of_the_caddy,pick up the book and place it in the back compartment of the caddy,3,72e9938805b4da92baeb254ab7611081832edbb30e3f07c8136e1ea8a00fa235,float64,45,true
libero_10,5,STUDY_SCENE1_pick_up_the_book_and_place_it_in_the_back_compartment_of_the_caddy,pick up the book and place it in the back compartment of the caddy,4,825a43323d564777617871b44f4c0f871a263f5aac13b1d04f204cc4957134e8,float64,45,true
libero_10,5,STUDY_SCENE1_pick_up_the_book_and_place_it_in_the_back_compartment_of_the_caddy,pick up the book and place it in the back compartment of the caddy,5,8e5a64567e7494c932e2b3e66d902342bdacc3b3d4216f9e1c36cf5be49a0acb,float64,45,true
libero_10,5,STUDY_SCENE1_pick_up_the_book_and_place_it_in_the_back_compartment_of_the_caddy,pick up the book and place it in the back compartment of the caddy,6,714bd3564af9500471de00d628f8b6191e6bcd2954d8e3ee9eb6abd2bf67f543,float64,45,true
libero_10,5,STUDY_SCENE1_pick_up_the_book_and_place_it_in_the_back_compartment_of_the_caddy,pick up the book and place it in the back compartment of the caddy,7,2f359eaf0499d91a9e34f60059daf9c65b871bdc754a2860f66f07dfd1597fa8,float64,45,true
libero_10,5,STUDY_SCENE1_pick_up_the_book_and_place_it_in_the_back_compartment_of_the_caddy,pick up the book and place it in the back compartment of the caddy,8,75a83a20065300d19f7fbb49c3ab5236e56ededda0c2517e27b77c0e1356e23d,float64,45,true
libero_10,5,STUDY_SCENE1_pick_up_the_book_and_place_it_in_the_back_compartment_of_the_caddy,pick up the book and place it in the back compartment of the caddy,9,2d485bf26d885754bc4f03ffbe09567c61e6df490cff21a8c6d76ad549be444d,float64,45,true
libero_10,5,STUDY_SCENE1_pick_up_the_book_and_place_it_in_the_back_compartment_of_the_caddy,pick up the book and place it in the back compartment of the caddy,10,ec85606b107d6c4ec253bea2b62b13171069c1546d6d27214dbf37f05965477b,float64,45,true
libero_10,5,STUDY_SCENE1_pick_up_the_book_and_place_it_in_the_back_compartment_of_the_caddy,pick up the book and place it in the back compartment of the caddy,11,9401b9f3228c86e527dabafc4a1c25dcd40b4b80d14ba6c3c2ea9ee3cbba6976,float64,45,true
libero_10,5,STUDY_SCENE1_pick_up_the_book_and_place_it_in_the_back_compartment_of_the_caddy,pick up the book and place it in the back compartment of the caddy,12,ea8e8a4c936d846d3f81bd606b8805e2502f7f892caa3f8088457a463bd4e4f9,float64,45,true
libero_10,5,STUDY_SCENE1_pick_up_the_book_and_place_it_in_the_back_compartment_of_the_caddy,pick up the book and place it in the back compartment of the caddy,13,167b213a6a6cfd130bef808353233e9ea395beca833ba9b8f0654344414c2a1f,float64,45,true
libero_10,5,STUDY_SCENE1_pick_up_the_book_and_place_it_in_the_back_compartment_of_the_caddy,pick up the book and place it in the back compartment of the caddy,14,9cf453b16ec5820c8d73cc7995ad6ac52db3d13ebfcdd3a9ab0bb7380869aa66,float64,45,true
libero_10,5,STUDY_SCENE1_pick_up_the_book_and_place_it_in_the_back_compartment_of_the_caddy,pick up the book and place it in the back compartment of the caddy,15,18789855054f53dc0771f9a9bc1a69aee708e48eb4c59626dd484595587f5f04,float64,45,true
libero_10,5,STUDY_SCENE1_pick_up_the_book_and_place_it_in_the_back_compartment_of_the_caddy,pick up the book and place it in the back compartment of the caddy,16,7a48f484188b5fa8d1d3ab8a730daa6348851bf761278da2fd051cd4a2308285,float64,45,true
libero_10,5,STUDY_SCENE1_pick_up_the_book_and_place_it_in_the_back_compartment_of_the_caddy,pick up the book and place it in the back compartment of the caddy,17,d121f7c9801ed2290b394f2b8402608cf52218712e7ef9da27bcfc210607b52a,float64,45,true
libero_10,5,STUDY_SCENE1_pick_up_the_book_and_place_it_in_the_back_compartment_of_the_caddy,pick up the book and place it in the back compartment of the caddy,18,375083ca6c9ac0148a8821ed2b9cf5aedd191661dc54707967e67f777bc0e3ba,float64,45,true
libero_10,5,STUDY_SCENE1_pick_up_the_book_and_place_it_in_the_back_compartment_of_the_caddy,pick up the book and place it in the back compartment of the caddy,19,92c976d02e613510fb751c05f197861f4ce9d405d06624760ec79630ba768a96,float64,45,true
libero_10,5,STUDY_SCENE1_pick_up_the_book_and_place_it_in_the_back_compartment_of_the_caddy,pick up the book and place it in the back compartment of the caddy,20,b24f3f70bf76139e2ac2b1cbd7c9a49f90e99230c7b3bd88a203185505e171f3,float64,45,true
libero_10,5,STUDY_SCENE1_pick_up_the_book_and_place_it_in_the_back_compartment_of_the_caddy,pick up the book and place it in the back compartment of the caddy,21,9013f031f4c1a778fbb40b0634efc46638cc304496be66010feda196903a1bbe,float64,45,true
libero_10,5,STUDY_SCENE1_pick_up_the_book_and_place_it_in_the_back_compartment_of_the_caddy,pick up the book and place it in the back compartment of the caddy,22,3aa2c56f7ec59b999707f06a1c0e30518811d3f80b9acaac146240620abfdbf8,float64,45,true
libero_10,5,STUDY_SCENE1_pick_up_the_book_and_place_it_in_the_back_compartment_of_the_caddy,pick up the book and place it in the back compartment of the caddy,23,5840a65893922afe280fbbd0d513f4e0251579b5f591c08371cf0da0ce5e19df,float64,45,true
libero_10,5,STUDY_SCENE1_pick_up_the_book_and_place_it_in_the_back_compartment_of_the_caddy,pick up the book and place it in the back compartment of the caddy,24,e9d6fb17ee432ce1334028c23513153219a1a52a828a132b61921afcf8ad4f9d,float64,45,true
libero_10,5,STUDY_SCENE1_pick_up_the_book_and_place_it_in_the_back_compartment_of_the_caddy,pick up the book and place it in the back compartment of the caddy,25,5fe3009d5bef1c8df5e8bbc8aea9a78a16efc447b44b3f34fe73c97b4ab15af6,float64,45,true
libero_10,5,STUDY_SCENE1_pick_up_the_book_and_place_it_in_the_back_compartment_of_the_caddy,pick up the book and place it in the back compartment of the caddy,26,d5719527459ad4a215f044b8dd0281724ad2fcc43610818a1edf0fcb0a64b27a,float64,45,true
libero_10,5,STUDY_SCENE1_pick_up_the_book_and_place_it_in_the_back_compartment_of_the_caddy,pick up the book and place it in the back compartment of the caddy,27,fdafae2bfd85c6bfa048c5c8bb64a84a2a4f57ac1643256a85a672398f2d41ca,float64,45,true
libero_10,5,STUDY_SCENE1_pick_up_the_book_and_place_it_in_the_back_compartment_of_the_caddy,pick up the book and place it in the back compartment of the caddy,28,04eaeaba22c6519f38e035529d256a8c78ed170e0aeb1a0cb57a1c3b8528158d,float64,45,true
libero_10,5,STUDY_SCENE1_pick_up_the_book_and_place_it_in_the_back_compartment_of_the_caddy,pick up the book and place it in the back compartment of the caddy,29,719d0ad7a583ec76f888f110ca41b4c2afed1d535847c31fdc6eb14a5666f01c,float64,45,true
libero_10,5,STUDY_SCENE1_pick_up_the_book_and_place_it_in_the_back_compartment_of_the_caddy,pick up the book and place it in the back compartment of the caddy,30,ee10d21c16cd08b5e1c122cd8f2020d809984a257431676bb4e2470d4948514d,float64,45,true
libero_10,5,STUDY_SCENE1_pick_up_the_book_and_place_it_in_the_back_compartment_of_the_caddy,pick up the book and place it in the back compartment of the caddy,31,b6384d77b9272e4ddf41b1436de820472183ecf4db6e568d5aed39cc8a22efe7,float64,45,true
libero_10,5,STUDY_SCENE1_pick_up_the_book_and_place_it_in_the_back_compartment_of_the_caddy,pick up the book and place it in the back compartment of the caddy,32,c5ab1167ada353dd4bf4bd59198f97df609b445a7e4ad2c9d31b24e1b6f78c15,float64,45,true
libero_10,5,STUDY_SCENE1_pick_up_the_book_and_place_it_in_the_back_compartment_of_the_caddy,pick up the book and place it in the back compartment of the caddy,33,1e5906fadad57d6aa701fbc68d7d4a5883afd8dbf8110551bd455d5f05b2afdb,float64,45,true
libero_10,5,STUDY_SCENE1_pick_up_the_book_and_place_it_in_the_back_compartment_of_the_caddy,pick up the book and place it in the back compartment of the caddy,34,8eb7e4b31ba84c940aad7fb50aff0ccb4a26f36495c2ca6986c77e890934ef84,float64,45,true
libero_10,5,STUDY_SCENE1_pick_up_the_book_and_place_it_in_the_back_compartment_of_the_caddy,pick up the book and place it in the back compartment of the caddy,35,3f0b3ee929552c37ab56967a88cc3e44e5bd1d14ba08c5b2c4193a2faa627522,float64,45,true
libero_10,5,STUDY_SCENE1_pick_up_the_book_and_place_it_in_the_back_compartment_of_the_caddy,pick up the book and place it in the back compartment of the caddy,36,dc0c9187b0edc24de732e4ed4ca8fe21af21ea522e219695cd26b097cfedb3fd,float64,45,true
libero_10,5,STUDY_SCENE1_pick_up_the_book_and_place_it_in_the_back_compartment_of_the_caddy,pick up the book and place it in the back compartment of the caddy,37,285918a4d6be05692207c04c6a73bc0b46ff7da69b2c70d1bd84af9e38c99c4a,float64,45,true
libero_10,5,STUDY_SCENE1_pick_up_the_book_and_place_it_in_the_back_compartment_of_the_caddy,pick up the book and place it in the back compartment of the caddy,38,e2a7ec33c3fd7f364d1b94e70f9eb3fe2918565fabceb5c2758c002c9a2ea10e,float64,45,true
libero_10,5,STUDY_SCENE1_pick_up_the_book_and_place_it_in_the_back_compartment_of_the_caddy,pick up the book and place it in the back compartment of the caddy,39,59415d365c22651cf4c0312fc673e350e1b6db5cb5e72afe479e505f38cc5990,float64,45,true
libero_10,5,STUDY_SCENE1_pick_up_the_book_and_place_it_in_the_back_compartment_of_the_caddy,pick up the book and place it in the back compartment of the caddy,40,81219188f96b3994b377a0e07fec4760b02f4bec673e51721160a69a0197d116,float64,45,true
libero_10,5,STUDY_SCENE1_pick_up_the_book_and_place_it_in_the_back_compartment_of_the_caddy,pick up the book and place it in the back compartment of the caddy,41,451640f1c4890b46e0c217b0631af31eb7a45410f0055d52a98c6b219a92c6a0,float64,45,true
libero_10,5,STUDY_SCENE1_pick_up_the_book_and_place_it_in_the_back_compartment_of_the_caddy,pick up the book and place it in the back compartment of the caddy,42,6f1145f8f203cfcdaed233b71bfca46a2de7433573c946f3fab7e070ac88ad00,float64,45,true
libero_10,5,STUDY_SCENE1_pick_up_the_book_and_place_it_in_the_back_compartment_of_the_caddy,pick up the book and place it in the back compartment of the caddy,43,54ffff111dca730ccec1739add2d582e79aa3d0cd696966a007cbdeab2749062,float64,45,true
libero_10,5,STUDY_SCENE1_pick_up_the_book_and_place_it_in_the_back_compartment_of_the_caddy,pick up the book and place it in the back compartment of the caddy,44,421b7b95b81d27d7f576c990e91aae0f6e6ae5c34d841b0039e532390ab6d2b1,float64,45,true
libero_10,5,STUDY_SCENE1_pick_up_the_book_and_place_it_in_the_back_compartment_of_the_caddy,pick up the book and place it in the back compartment of the caddy,45,8e56317a7503c5fad21b31c959bd0667971c1c8533b714f789eefef6193e9601,float64,45,true
libero_10,5,STUDY_SCENE1_pick_up_the_book_and_place_it_in_the_back_compartment_of_the_caddy,pick up the book and place it in the back compartment of the caddy,46,e28c4e4d2a1b122ed427681b8cac635fcb90f19d8d3ee8370d5c6fc346e3108f,float64,45,true
libero_10,5,STUDY_SCENE1_pick_up_the_book_and_place_it_in_the_back_compartment_of_the_caddy,pick up the book and place it in the back compartment of the caddy,47,45381b9291a8192ce3698c8a20efd309567a3d3daf000772be442622c1e1e120,float64,45,true
libero_10,5,STUDY_SCENE1_pick_up_the_book_and_place_it_in_the_back_compartment_of_the_caddy,pick up the book and place it in the back compartment of the caddy,48,903d68be2acd7eb405343689fdd20681421faf529d84fd2f6d579bff44a38ec2,float64,45,true
libero_10,5,STUDY_SCENE1_pick_up_the_book_and_place_it_in_the_back_compartment_of_the_caddy,pick up the book and place it in the back compartment of the caddy,49,0657c4c323cbe0fbb8b46b5ff30f42524288fb26d3c4aae437a4fac7cd9e829b,float64,45,true
libero_10,6,LIVING_ROOM_SCENE6_put_the_white_mug_on_the_plate_and_put_the_chocolate_pudding_to_the_right_of_the_plate,put the white mug on the plate and put the chocolate pudding to the right of the plate,0,533340bd717874417ec05cd3d626b05c9464795440da917ce21e8a0a6fc50f72,float64,71,true
libero_10,6,LIVING_ROOM_SCENE6_put_the_white_mug_on_the_plate_and_put_the_chocolate_pudding_to_the_right_of_the_plate,put the white mug on the plate and put the chocolate pudding to the right of the plate,1,606fa88e4dcd86bf0c84c6c2954eb002166e93037b39e7ed893f0c41e7a15577,float64,71,true
libero_10,6,LIVING_ROOM_SCENE6_put_the_white_mug_on_the_plate_and_put_the_chocolate_pudding_to_the_right_of_the_plate,put the white mug on the plate and put the chocolate pudding to the right of the plate,2,872632a4cac778497e06fa377164090997928a7b5bfb7783d112807e03c5fa99,float64,71,true
libero_10,6,LIVING_ROOM_SCENE6_put_the_white_mug_on_the_plate_and_put_the_chocolate_pudding_to_the_right_of_the_plate,put the white mug on the plate and put the chocolate pudding to the right of the plate,3,3d019c0aa2cfc2ea5d7cc5a49fc727bcb0dd0c6164a273733a6c47f21db80e43,float64,71,true
libero_10,6,LIVING_ROOM_SCENE6_put_the_white_mug_on_the_plate_and_put_the_chocolate_pudding_to_the_right_of_the_plate,put the white mug on the plate and put the chocolate pudding to the right of the plate,4,b0fe30015c5ff58f4b9263d20fdfb51c6a5502097b37ce75a34fb44ce7ba4fbd,float64,71,true
libero_10,6,LIVING_ROOM_SCENE6_put_the_white_mug_on_the_plate_and_put_the_chocolate_pudding_to_the_right_of_the_plate,put the white mug on the plate and put the chocolate pudding to the right of the plate,5,12a6a2fbf64738073c60f4e10097f146d657e83132350d07d80cf5e2ccb879a4,float64,71,true
libero_10,6,LIVING_ROOM_SCENE6_put_the_white_mug_on_the_plate_and_put_the_chocolate_pudding_to_the_right_of_the_plate,put the white mug on the plate and put the chocolate pudding to the right of the plate,6,5226a0b88202091bea5c3764710e204eb054b3a8bc9d93ea84cc31b0840e3ed0,float64,71,true
libero_10,6,LIVING_ROOM_SCENE6_put_the_white_mug_on_the_plate_and_put_the_chocolate_pudding_to_the_right_of_the_plate,put the white mug on the plate and put the chocolate pudding to the right of the plate,7,602ccd5d05a156d926e058b26858a9b05931bd63b2fbf9ab33137d5599c9662b,float64,71,true
libero_10,6,LIVING_ROOM_SCENE6_put_the_white_mug_on_the_plate_and_put_the_chocolate_pudding_to_the_right_of_the_plate,put the white mug on the plate and put the chocolate pudding to the right of the plate,8,aa1965fc15a74facf7c57e306316cd71c2422242a2c2ec69bac3c6c27c177f3d,float64,71,true
libero_10,6,LIVING_ROOM_SCENE6_put_the_white_mug_on_the_plate_and_put_the_chocolate_pudding_to_the_right_of_the_plate,put the white mug on the plate and put the chocolate pudding to the right of the plate,9,3281826636e406df33f6b9aa122a1dcfb4378779f47fa00390b8e1d8f81d192c,float64,71,true
libero_10,6,LIVING_ROOM_SCENE6_put_the_white_mug_on_the_plate_and_put_the_chocolate_pudding_to_the_right_of_the_plate,put the white mug on the plate and put the chocolate pudding to the right of the plate,10,4eac5afc960c2d6641be206178848b6623f9b98dcb191644d7563bef6118ef87,float64,71,true
libero_10,6,LIVING_ROOM_SCENE6_put_the_white_mug_on_the_plate_and_put_the_chocolate_pudding_to_the_right_of_the_plate,put the white mug on the plate and put the chocolate pudding to the right of the plate,11,88464478ea50d1dc610b5178aa6619bbbe7c3758007d6246e5a9f3ff115dffa8,float64,71,true
libero_10,6,LIVING_ROOM_SCENE6_put_the_white_mug_on_the_plate_and_put_the_chocolate_pudding_to_the_right_of_the_plate,put the white mug on the plate and put the chocolate pudding to the right of the plate,12,db9b505b50f800b326febca3c6525a1a8bf35bbb4b271cd661129a98f721bae0,float64,71,true
libero_10,6,LIVING_ROOM_SCENE6_put_the_white_mug_on_the_plate_and_put_the_chocolate_pudding_to_the_right_of_the_plate,put the white mug on the plate and put the chocolate pudding to the right of the plate,13,32f4aa89f01886c82df87c7616d7f1e090e476986f96f21e97a316325b82f3ab,float64,71,true
libero_10,6,LIVING_ROOM_SCENE6_put_the_white_mug_on_the_plate_and_put_the_chocolate_pudding_to_the_right_of_the_plate,put the white mug on the plate and put the chocolate pudding to the right of the plate,14,47a0a589a343a89446f23421036719e5afd5bfd6fb1fc975c9a3546d867c3c82,float64,71,true
libero_10,6,LIVING_ROOM_SCENE6_put_the_white_mug_on_the_plate_and_put_the_chocolate_pudding_to_the_right_of_the_plate,put the white mug on the plate and put the chocolate pudding to the right of the plate,15,4b46faa0a312ee358ce179d85b4b568aa0ebb6a8f73c08c610db5a653f352410,float64,71,true
libero_10,6,LIVING_ROOM_SCENE6_put_the_white_mug_on_the_plate_and_put_the_chocolate_pudding_to_the_right_of_the_plate,put the white mug on the plate and put the chocolate pudding to the right of the plate,16,69ae650a056fb394005b7f1df0876b5032ee6cb92c63df8eaed2a31c014eedf0,float64,71,true
libero_10,6,LIVING_ROOM_SCENE6_put_the_white_mug_on_the_plate_and_put_the_chocolate_pudding_to_the_right_of_the_plate,put the white mug on the plate and put the chocolate pudding to the right of the plate,17,9dfc0d981bc039516532e4f6ba8680908d57a5641434fc91582c4d52f57c4c2e,float64,71,true
libero_10,6,LIVING_ROOM_SCENE6_put_the_white_mug_on_the_plate_and_put_the_chocolate_pudding_to_the_right_of_the_plate,put the white mug on the plate and put the chocolate pudding to the right of the plate,18,93a250a364e88090015a66c6c3479f285d59a685514e29964225df7785998d13,float64,71,true
libero_10,6,LIVING_ROOM_SCENE6_put_the_white_mug_on_the_plate_and_put_the_chocolate_pudding_to_the_right_of_the_plate,put the white mug on the plate and put the chocolate pudding to the right of the plate,19,78ef2241378b126da8534db773f9b4930b368b2efb356662cfeb6c652fe64f76,float64,71,true
libero_10,6,LIVING_ROOM_SCENE6_put_the_white_mug_on_the_plate_and_put_the_chocolate_pudding_to_the_right_of_the_plate,put the white mug on the plate and put the chocolate pudding to the right of the plate,20,4f63fc206bad261b4721178ee1859e47c3111c119b2ef428e8d296ae7c0069e3,float64,71,true
libero_10,6,LIVING_ROOM_SCENE6_put_the_white_mug_on_the_plate_and_put_the_chocolate_pudding_to_the_right_of_the_plate,put the white mug on the plate and put the chocolate pudding to the right of the plate,21,091f68d964eba6b4d1ea033b6a7db46cde077c9c6565d51b9844fd285d05ba84,float64,71,true
libero_10,6,LIVING_ROOM_SCENE6_put_the_white_mug_on_the_plate_and_put_the_chocolate_pudding_to_the_right_of_the_plate,put the white mug on the plate and put the chocolate pudding to the right of the plate,22,0d32e8814e1830444ba07a9e23333f520acb40ed5946bcd74dd15dbb960c53c0,float64,71,true
libero_10,6,LIVING_ROOM_SCENE6_put_the_white_mug_on_the_plate_and_put_the_chocolate_pudding_to_the_right_of_the_plate,put the white mug on the plate and put the chocolate pudding to the right of the plate,23,c87b2c9c311c9b8bdc0839034d6206f784f9651c28f824ef14687c3e67755000,float64,71,true
libero_10,6,LIVING_ROOM_SCENE6_put_the_white_mug_on_the_plate_and_put_the_chocolate_pudding_to_the_right_of_the_plate,put the white mug on the plate and put the chocolate pudding to the right of the plate,24,ed70441f98a9e5a8594934bf8726c97a52f11a1269220a639e1866d07a7a53da,float64,71,true
libero_10,6,LIVING_ROOM_SCENE6_put_the_white_mug_on_the_plate_and_put_the_chocolate_pudding_to_the_right_of_the_plate,put the white mug on the plate and put the chocolate pudding to the right of the plate,25,f5682e9f27e313a6e3ba8617cbf299eac4c86899583b9e8a80327aa1ce83e86e,float64,71,true
libero_10,6,LIVING_ROOM_SCENE6_put_the_white_mug_on_the_plate_and_put_the_chocolate_pudding_to_the_right_of_the_plate,put the white mug on the plate and put the chocolate pudding to the right of the plate,26,7ca19b06270be0f61b298cf714a3e9381e6cce7512fcf5bfb951b7db7a69076a,float64,71,true
libero_10,6,LIVING_ROOM_SCENE6_put_the_white_mug_on_the_plate_and_put_the_chocolate_pudding_to_the_right_of_the_plate,put the white mug on the plate and put the chocolate pudding to the right of the plate,27,e8bcca5a7da2bfbb688890e1cd544e1c6ae1312331fa7ed728e7703876c48865,float64,71,true
libero_10,6,LIVING_ROOM_SCENE6_put_the_white_mug_on_the_plate_and_put_the_chocolate_pudding_to_the_right_of_the_plate,put the white mug on the plate and put the chocolate pudding to the right of the plate,28,d0fd80265a8fbbc55747b1a2522fddf3e3cddcfdd3dbb9a5bcdc839807e18024,float64,71,true
libero_10,6,LIVING_ROOM_SCENE6_put_the_white_mug_on_the_plate_and_put_the_chocolate_pudding_to_the_right_of_the_plate,put the white mug on the plate and put the chocolate pudding to the right of the plate,29,4af236588f036e554914152a1a60e265fe1a7accd3cb481aa950e53332c98138,float64,71,true
libero_10,6,LIVING_ROOM_SCENE6_put_the_white_mug_on_the_plate_and_put_the_chocolate_pudding_to_the_right_of_the_plate,put the white mug on the plate and put the chocolate pudding to the right of the plate,30,b57e354e4872a7bab8923782bc1bddaa24e86b0842ceda3cb32fb15299ea69fe,float64,71,true
libero_10,6,LIVING_ROOM_SCENE6_put_the_white_mug_on_the_plate_and_put_the_chocolate_pudding_to_the_right_of_the_plate,put the white mug on the plate and put the chocolate pudding to the right of the plate,31,6a503b45fb446c924f9a00949aeb263053191543f2654c28fbf7327448a32dbf,float64,71,true
libero_10,6,LIVING_ROOM_SCENE6_put_the_white_mug_on_the_plate_and_put_the_chocolate_pudding_to_the_right_of_the_plate,put the white mug on the plate and put the chocolate pudding to the right of the plate,32,750ea50aef610b868b28ce891150aff79685715e03b8c1afb7264eb6e5eeb917,float64,71,true
libero_10,6,LIVING_ROOM_SCENE6_put_the_white_mug_on_the_plate_and_put_the_chocolate_pudding_to_the_right_of_the_plate,put the white mug on the plate and put the chocolate pudding to the right of the plate,33,c8dd3d835f82271bab28de818273d08811d2e79f1de063aeca6cc4068bfd190c,float64,71,true
libero_10,6,LIVING_ROOM_SCENE6_put_the_white_mug_on_the_plate_and_put_the_chocolate_pudding_to_the_right_of_the_plate,put the white mug on the plate and put the chocolate pudding to the right of the plate,34,8900e70258f9a693b798bc3c9867ba19b58d9b878af99aefcebc323ee09898dd,float64,71,true
libero_10,6,LIVING_ROOM_SCENE6_put_the_white_mug_on_the_plate_and_put_the_chocolate_pudding_to_the_right_of_the_plate,put the white mug on the plate and put the chocolate pudding to the right of the plate,35,45cb2e7425f7a1dfd161e429a474e2d9027f4210827a53691251fa32f5d7bd66,float64,71,true
libero_10,6,LIVING_ROOM_SCENE6_put_the_white_mug_on_the_plate_and_put_the_chocolate_pudding_to_the_right_of_the_plate,put the white mug on the plate and put the chocolate pudding to the right of the plate,36,b7973f77a0a75b0b6301d3b172f0c5c397e84b056f4dc0eb5c2be6dd823bf96f,float64,71,true
libero_10,6,LIVING_ROOM_SCENE6_put_the_white_mug_on_the_plate_and_put_the_chocolate_pudding_to_the_right_of_the_plate,put the white mug on the plate and put the chocolate pudding to the right of the plate,37,c5c7d406432c38b312e11a059343b67bf14efc74d25a0f9bdea20ba2b661ab92,float64,71,true
libero_10,6,LIVING_ROOM_SCENE6_put_the_white_mug_on_the_plate_and_put_the_chocolate_pudding_to_the_right_of_the_plate,put the white mug on the plate and put the chocolate pudding to the right of the plate,38,7e8ffdf5f39d4c0273de757238fd752d70e596c103fd05b778e9859de40d251c,float64,71,true
libero_10,6,LIVING_ROOM_SCENE6_put_the_white_mug_on_the_plate_and_put_the_chocolate_pudding_to_the_right_of_the_plate,put the white mug on the plate and put the chocolate pudding to the right of the plate,39,0c77217ce29ea841f2182c317f140a0666aa7f83c48c2af68138457695efa6fc,float64,71,true
libero_10,6,LIVING_ROOM_SCENE6_put_the_white_mug_on_the_plate_and_put_the_chocolate_pudding_to_the_right_of_the_plate,put the white mug on the plate and put the chocolate pudding to the right of the plate,40,34622543edf2944967c8ad886df15e881747db5e10adfafd6582f683a002a2fa,float64,71,true
libero_10,6,LIVING_ROOM_SCENE6_put_the_white_mug_on_the_plate_and_put_the_chocolate_pudding_to_the_right_of_the_plate,put the white mug on the plate and put the chocolate pudding to the right of the plate,41,933844e24d0ddd52249e4926885cd110febf0081b792b4498a7c0016975b6d73,float64,71,true
libero_10,6,LIVING_ROOM_SCENE6_put_the_white_mug_on_the_plate_and_put_the_chocolate_pudding_to_the_right_of_the_plate,put the white mug on the plate and put the chocolate pudding to the right of the plate,42,19584142608ef4803e245c815bcdc8ea1122abaf7da84e8cf23aa5e58aecd70d,float64,71,true
libero_10,6,LIVING_ROOM_SCENE6_put_the_white_mug_on_the_plate_and_put_the_chocolate_pudding_to_the_right_of_the_plate,put the white mug on the plate and put the chocolate pudding to the right of the plate,43,4092994efa194db5104a4b28c777af4f38eedcf34fc42842f9bd5bf7734ac6ac,float64,71,true
libero_10,6,LIVING_ROOM_SCENE6_put_the_white_mug_on_the_plate_and_put_the_chocolate_pudding_to_the_right_of_the_plate,put the white mug on the plate and put the chocolate pudding to the right of the plate,44,a12183dc8cdfce2481646a640bcce5e0eea045dceb87a8b8ed4cea827eb10036,float64,71,true
libero_10,6,LIVING_ROOM_SCENE6_put_the_white_mug_on_the_plate_and_put_the_chocolate_pudding_to_the_right_of_the_plate,put the white mug on the plate and put the chocolate pudding to the right of the plate,45,25ffb47d8b82c6a583deb9135508c36f9298050b8bf01873239402f8b4d43111,float64,71,true
libero_10,6,LIVING_ROOM_SCENE6_put_the_white_mug_on_the_plate_and_put_the_chocolate_pudding_to_the_right_of_the_plate,put the white mug on the plate and put the chocolate pudding to the right of the plate,46,b9f420d77d540e5ba1bb3286fb67cd133d38b708df502e29c4a10c755643daf6,float64,71,true
libero_10,6,LIVING_ROOM_SCENE6_put_the_white_mug_on_the_plate_and_put_the_chocolate_pudding_to_the_right_of_the_plate,put the white mug on the plate and put the chocolate pudding to the right of the plate,47,ca90d747242fa9c71cebfceffa5bcfa5bb482c0eada14053b9177afca49e5a31,float64,71,true
libero_10,6,LIVING_ROOM_SCENE6_put_the_white_mug_on_the_plate_and_put_the_chocolate_pudding_to_the_right_of_the_plate,put the white mug on the plate and put the chocolate pudding to the right of the plate,48,77f0e9e76b010a25fc0034807fe47c8f06bd321f54afe5edda6f2f4744c57290,float64,71,true
libero_10,6,LIVING_ROOM_SCENE6_put_the_white_mug_on_the_plate_and_put_the_chocolate_pudding_to_the_right_of_the_plate,put the white mug on the plate and put the chocolate pudding to the right of the plate,49,1719c4557708d0a258c0e1e21e1ac8f45333eb561f121afebedd43528942d831,float64,71,true
libero_10,7,LIVING_ROOM_SCENE1_put_both_the_alphabet_soup_and_the_cream_cheese_box_in_the_basket,put both the alphabet soup and the cream cheese box in the basket,0,d02d4d5533fbcab414bfc49e4896182cd40e173dfa6316e39a2b418e902ae826,float64,84,true
libero_10,7,LIVING_ROOM_SCENE1_put_both_the_alphabet_soup_and_the_cream_cheese_box_in_the_basket,put both the alphabet soup and the cream cheese box in the basket,1,44f0d75550c414e622b03a43e56497e8c9bd0fe4a494c1d2b9c0c9625ed80120,float64,84,true
libero_10,7,LIVING_ROOM_SCENE1_put_both_the_alphabet_soup_and_the_cream_cheese_box_in_the_basket,put both the alphabet soup and the cream cheese box in the basket,2,9e8c129dc9a5047a34f8772063534c9948acdba167fee37ece92b48f33ea4b34,float64,84,true
libero_10,7,LIVING_ROOM_SCENE1_put_both_the_alphabet_soup_and_the_cream_cheese_box_in_the_basket,put both the alphabet soup and the cream cheese box in the basket,3,2f4104e7e2996340ed513d08c011e119ca975165933374a1d1d67e78bea6abee,float64,84,true
libero_10,7,LIVING_ROOM_SCENE1_put_both_the_alphabet_soup_and_the_cream_cheese_box_in_the_basket,put both the alphabet soup and the cream cheese box in the basket,4,8a0c2af93cde820ada3c3849d6b732233a61c05a82d655ef26fda87a7d85e708,float64,84,true
libero_10,7,LIVING_ROOM_SCENE1_put_both_the_alphabet_soup_and_the_cream_cheese_box_in_the_basket,put both the alphabet soup and the cream cheese box in the basket,5,e6f8c4ab32efc717eeee78422ec6edfd29eeec9e7618545e875962ff18f76759,float64,84,true
libero_10,7,LIVING_ROOM_SCENE1_put_both_the_alphabet_soup_and_the_cream_cheese_box_in_the_basket,put both the alphabet soup and the cream cheese box in the basket,6,f70a5ea334195a201c12350f8bab6582f652f2d79fbc7d15efc2186482dfd6b9,float64,84,true
libero_10,7,LIVING_ROOM_SCENE1_put_both_the_alphabet_soup_and_the_cream_cheese_box_in_the_basket,put both the alphabet soup and the cream cheese box in the basket,7,6d409de9bd62d0d93b071c2e528c01eedee4e8cf9ae51420a6afc8dae4a58d4b,float64,84,true
libero_10,7,LIVING_ROOM_SCENE1_put_both_the_alphabet_soup_and_the_cream_cheese_box_in_the_basket,put both the alphabet soup and the cream cheese box in the basket,8,2db87b246d8673f01a074e601fc9ac8aa3d13b99f0255403a0a082a4ef3b0db6,float64,84,true
libero_10,7,LIVING_ROOM_SCENE1_put_both_the_alphabet_soup_and_the_cream_cheese_box_in_the_basket,put both the alphabet soup and the cream cheese box in the basket,9,19713eb7d8beccb704465ab424f6f64b2c31bc3647940da21ace4d6236906c18,float64,84,true
libero_10,7,LIVING_ROOM_SCENE1_put_both_the_alphabet_soup_and_the_cream_cheese_box_in_the_basket,put both the alphabet soup and the cream cheese box in the basket,10,b619ce531bfa83ae1288b4041e436bba44c2202a823892d2f06387e366a98e68,float64,84,true
libero_10,7,LIVING_ROOM_SCENE1_put_both_the_alphabet_soup_and_the_cream_cheese_box_in_the_basket,put both the alphabet soup and the cream cheese box in the basket,11,a007caed9790181b5d6008ba50f6434fe85fac1911c905ce6c6f74bd0d1fb54e,float64,84,true
libero_10,7,LIVING_ROOM_SCENE1_put_both_the_alphabet_soup_and_the_cream_cheese_box_in_the_basket,put both the alphabet soup and the cream cheese box in the basket,12,d861f803233adb1061f3753c59cd23ee2f77d48030d5cf01fc597de260f088a7,float64,84,true
libero_10,7,LIVING_ROOM_SCENE1_put_both_the_alphabet_soup_and_the_cream_cheese_box_in_the_basket,put both the alphabet soup and the cream cheese box in the basket,13,c1d8342fea2f060478ed452dcd788f2539c550f66d9eb8595390e9d49bff4bce,float64,84,true
libero_10,7,LIVING_ROOM_SCENE1_put_both_the_alphabet_soup_and_the_cream_cheese_box_in_the_basket,put both the alphabet soup and the cream cheese box in the basket,14,7aed266205f1e1127662b1e780284666e9578246167b063fc3ae0b4618fc1a41,float64,84,true
libero_10,7,LIVING_ROOM_SCENE1_put_both_the_alphabet_soup_and_the_cream_cheese_box_in_the_basket,put both the alphabet soup and the cream cheese box in the basket,15,6706f32529b15f587b257a7f83e9f9dee157264afdee7edc73777e0358f97679,float64,84,true
libero_10,7,LIVING_ROOM_SCENE1_put_both_the_alphabet_soup_and_the_cream_cheese_box_in_the_basket,put both the alphabet soup and the cream cheese box in the basket,16,ba6c626c2d5922ebfd400d34369caa3180d24ceda44d3161df56315aca0cb349,float64,84,true
libero_10,7,LIVING_ROOM_SCENE1_put_both_the_alphabet_soup_and_the_cream_cheese_box_in_the_basket,put both the alphabet soup and the cream cheese box in the basket,17,00b17039829501f73cd97b0545493af90d6fe8f8b39fd85e6b843c5140b30ae6,float64,84,true
libero_10,7,LIVING_ROOM_SCENE1_put_both_the_alphabet_soup_and_the_cream_cheese_box_in_the_basket,put both the alphabet soup and the cream cheese box in the basket,18,475799546c80be5f70b67f2f6d38850a25c4e7556049d56268d7bb103a1ff473,float64,84,true
libero_10,7,LIVING_ROOM_SCENE1_put_both_the_alphabet_soup_and_the_cream_cheese_box_in_the_basket,put both the alphabet soup and the cream cheese box in the basket,19,a2db6a182c4e6c18c125690df2c7ecee019b33fd5e0d2bfe30b99615060abdd9,float64,84,true
libero_10,7,LIVING_ROOM_SCENE1_put_both_the_alphabet_soup_and_the_cream_cheese_box_in_the_basket,put both the alphabet soup and the cream cheese box in the basket,20,f7bc0934e7e293a6a0766c7b475340ee7491ec8854b986d8498320aadd6f5369,float64,84,true
libero_10,7,LIVING_ROOM_SCENE1_put_both_the_alphabet_soup_and_the_cream_cheese_box_in_the_basket,put both the alphabet soup and the cream cheese box in the basket,21,f074e7906fa9e43a51a8b324f3d3fe7e16ff19d95f4046d8559b45542ca69e5a,float64,84,true
libero_10,7,LIVING_ROOM_SCENE1_put_both_the_alphabet_soup_and_the_cream_cheese_box_in_the_basket,put both the alphabet soup and the cream cheese box in the basket,22,a869a3c7b9d7169ffa58bfa187852119396ea72609de1983e02670a0e4831e79,float64,84,true
libero_10,7,LIVING_ROOM_SCENE1_put_both_the_alphabet_soup_and_the_cream_cheese_box_in_the_basket,put both the alphabet soup and the cream cheese box in the basket,23,422ddef14dd0806036dab04781ec0afb4f2c91aaf893842140936ecbb479bba7,float64,84,true
libero_10,7,LIVING_ROOM_SCENE1_put_both_the_alphabet_soup_and_the_cream_cheese_box_in_the_basket,put both the alphabet soup and the cream cheese box in the basket,24,c420714102210c27ce090d2c65b7b7c903696d0466909f84c59d87f15db86139,float64,84,true
libero_10,7,LIVING_ROOM_SCENE1_put_both_the_alphabet_soup_and_the_cream_cheese_box_in_the_basket,put both the alphabet soup and the cream cheese box in the basket,25,e61542d2e5cd865bfab38f8d88092dcd98b096b6ee4d53ae25b39ae7cd3a4a3c,float64,84,true
libero_10,7,LIVING_ROOM_SCENE1_put_both_the_alphabet_soup_and_the_cream_cheese_box_in_the_basket,put both the alphabet soup and the cream cheese box in the basket,26,f758b0e7c7f4c481f7b2c39bee5f340798ed2e741c8998788cb84c2c4a86a205,float64,84,true
libero_10,7,LIVING_ROOM_SCENE1_put_both_the_alphabet_soup_and_the_cream_cheese_box_in_the_basket,put both the alphabet soup and the cream cheese box in the basket,27,553cc67faa4528d93b70f670048fc8eff6a00ddf8f524d27b7b40119d2c1e289,float64,84,true
libero_10,7,LIVING_ROOM_SCENE1_put_both_the_alphabet_soup_and_the_cream_cheese_box_in_the_basket,put both the alphabet soup and the cream cheese box in the basket,28,1b0a093163a61fffd503b83cdac34e614346327bc6f41c0ac41873f520fdc50a,float64,84,true
libero_10,7,LIVING_ROOM_SCENE1_put_both_the_alphabet_soup_and_the_cream_cheese_box_in_the_basket,put both the alphabet soup and the cream cheese box in the basket,29,837169a000ccc752e7dfe38917ac27dacb274e931f667fffabc909fb7e890407,float64,84,true
libero_10,7,LIVING_ROOM_SCENE1_put_both_the_alphabet_soup_and_the_cream_cheese_box_in_the_basket,put both the alphabet soup and the cream cheese box in the basket,30,1701e956c56ede64df65b1f84e2679df91f867c1c6c2b20f865b1a74a2606c7a,float64,84,true
libero_10,7,LIVING_ROOM_SCENE1_put_both_the_alphabet_soup_and_the_cream_cheese_box_in_the_basket,put both the alphabet soup and the cream cheese box in the basket,31,89a50987fc0c69a3021b42287a3408260a44c52331ad9aaf25e058d4522b62d6,float64,84,true
libero_10,7,LIVING_ROOM_SCENE1_put_both_the_alphabet_soup_and_the_cream_cheese_box_in_the_basket,put both the alphabet soup and the cream cheese box in the basket,32,0f0471db8a95a7cf0ee35dbfd5e7cc243a7ea21138553aafc4822302d38e62ae,float64,84,true
libero_10,7,LIVING_ROOM_SCENE1_put_both_the_alphabet_soup_and_the_cream_cheese_box_in_the_basket,put both the alphabet soup and the cream cheese box in the basket,33,059c9794a2cd1fba490d244d0c9088e956f3ab69c19609297bf040f7aa7e8642,float64,84,true
libero_10,7,LIVING_ROOM_SCENE1_put_both_the_alphabet_soup_and_the_cream_cheese_box_in_the_basket,put both the alphabet soup and the cream cheese box in the basket,34,64e71b25de358b45bd625c68cc7a3a73bd81949e9c139f9108c270abb1555a07,float64,84,true
libero_10,7,LIVING_ROOM_SCENE1_put_both_the_alphabet_soup_and_the_cream_cheese_box_in_the_basket,put both the alphabet soup and the cream cheese box in the basket,35,48aec9daa34ff0b7560a9c3aaa9ea99d065b783fa98ed618290daae726dba716,float64,84,true
libero_10,7,LIVING_ROOM_SCENE1_put_both_the_alphabet_soup_and_the_cream_cheese_box_in_the_basket,put both the alphabet soup and the cream cheese box in the basket,36,73188acf4c99bc6de74ba46f708d77921eb24b4bf80c864784e35bdd641ca428,float64,84,true
libero_10,7,LIVING_ROOM_SCENE1_put_both_the_alphabet_soup_and_the_cream_cheese_box_in_the_basket,put both the alphabet soup and the cream cheese box in the basket,37,ea375fe6e5ab07d98517f79dde31b51b12da35ee288c9844058c7b361ff4c0b7,float64,84,true
libero_10,7,LIVING_ROOM_SCENE1_put_both_the_alphabet_soup_and_the_cream_cheese_box_in_the_basket,put both the alphabet soup and the cream cheese box in the basket,38,fdd6dc560b965b9567d68fa59baacfd6611919c89abf1949477a1f4d82d273ea,float64,84,true
libero_10,7,LIVING_ROOM_SCENE1_put_both_the_alphabet_soup_and_the_cream_cheese_box_in_the_basket,put both the alphabet soup and the cream cheese box in the basket,39,84a76978d712f6345bffebcf7925cf3929a6856aa91264c5d8c8ebb177593b18,float64,84,true
libero_10,7,LIVING_ROOM_SCENE1_put_both_the_alphabet_soup_and_the_cream_cheese_box_in_the_basket,put both the alphabet soup and the cream cheese box in the basket,40,282bb2fe44a122b5b5a6964d6af9d83e8d9c0e88347d47fc11d4fb21a23675d3,float64,84,true
libero_10,7,LIVING_ROOM_SCENE1_put_both_the_alphabet_soup_and_the_cream_cheese_box_in_the_basket,put both the alphabet soup and the cream cheese box in the basket,41,f76d6480907bea8712070e71214daadaf585e492614c6668c27aa5e06131a1df,float64,84,true
libero_10,7,LIVING_ROOM_SCENE1_put_both_the_alphabet_soup_and_the_cream_cheese_box_in_the_basket,put both the alphabet soup and the cream cheese box in the basket,42,4106a2b096a30eaa610b0e67a71dc12bd962a9abd800e8d4a603494f6a39b866,float64,84,true
libero_10,7,LIVING_ROOM_SCENE1_put_both_the_alphabet_soup_and_the_cream_cheese_box_in_the_basket,put both the alphabet soup and the cream cheese box in the basket,43,9c2604de16b698ed9395c2987f77b863e376bc94531ebd26a5f33e211491566d,float64,84,true
libero_10,7,LIVING_ROOM_SCENE1_put_both_the_alphabet_soup_and_the_cream_cheese_box_in_the_basket,put both the alphabet soup and the cream cheese box in the basket,44,afe7ebdcb82fc19acbd168a7fbc4a79a04475aabf3a455ccc110cd4127be46f8,float64,84,true
libero_10,7,LIVING_ROOM_SCENE1_put_both_the_alphabet_soup_and_the_cream_cheese_box_in_the_basket,put both the alphabet soup and the cream cheese box in the basket,45,844d1f7897d8297f827202127054ea6e271fe4f023b26c564f5d673cf7c98c9b,float64,84,true
libero_10,7,LIVING_ROOM_SCENE1_put_both_the_alphabet_soup_and_the_cream_cheese_box_in_the_basket,put both the alphabet soup and the cream cheese box in the basket,46,950d1766c5499e1c2ebaa12e7115e1cbe5f0af33c2d530a5129d76b37cf94fee,float64,84,true
libero_10,7,LIVING_ROOM_SCENE1_put_both_the_alphabet_soup_and_the_cream_cheese_box_in_the_basket,put both the alphabet soup and the cream cheese box in the basket,47,836db62d40badc6ea2eccdaf274cfc8594f68444796764872a3e84fb1bc9b253,float64,84,true
libero_10,7,LIVING_ROOM_SCENE1_put_both_the_alphabet_soup_and_the_cream_cheese_box_in_the_basket,put both the alphabet soup and the cream cheese box in the basket,48,1a0d81d963b76f0f93f30a2398f7f330cff2a8f1dcca2e6ea6542b0496c82764,float64,84,true
libero_10,7,LIVING_ROOM_SCENE1_put_both_the_alphabet_soup_and_the_cream_cheese_box_in_the_basket,put both the alphabet soup and the cream cheese box in the basket,49,fa3c5caaa0c305a9e25c5efaceb19ca50ec0bc2d64ac1a8db7e3acf6f31e3695,float64,84,true
libero_10,8,KITCHEN_SCENE8_put_both_moka_pots_on_the_stove,put both moka pots on the stove,0,61a34575b44313156895ce73996cf18dd243c396572fd0e1cd476e0e9fbe70af,float64,47,true
libero_10,8,KITCHEN_SCENE8_put_both_moka_pots_on_the_stove,put both moka pots on the stove,1,cf1b859b0688c3c3ea64fba0ab5bd29b88ff7f28dc5893df4cb7564ac4db8cce,float64,47,true
libero_10,8,KITCHEN_SCENE8_put_both_moka_pots_on_the_stove,put both moka pots on the stove,2,9f3bbe14f940c66de58d1dbecf0b5a2af12b48cbb93deec15c094fe4a9f5323a,float64,47,true
libero_10,8,KITCHEN_SCENE8_put_both_moka_pots_on_the_stove,put both moka pots on the stove,3,f53dd32b70bd23ffa2dd5b1e41267ba1c59e88e245857be8b71d5f9b93865763,float64,47,true
libero_10,8,KITCHEN_SCENE8_put_both_moka_pots_on_the_stove,put both moka pots on the stove,4,02b2b6ed14553a05557e097c0a838ce6f5d5aa05c839844aef81678752dace65,float64,47,true
libero_10,8,KITCHEN_SCENE8_put_both_moka_pots_on_the_stove,put both moka pots on the stove,5,e7fb21bd2cc5f8edf289e64af08c735ef7d9d8f02d47ab96a1a386ab08fb313b,float64,47,true
libero_10,8,KITCHEN_SCENE8_put_both_moka_pots_on_the_stove,put both moka pots on the stove,6,4aa16605c3cd7b8e942c725403293a65ac3d6f12b830efab8ca18aa3fe394fdc,float64,47,true
libero_10,8,KITCHEN_SCENE8_put_both_moka_pots_on_the_stove,put both moka pots on the stove,7,19bf051ca4e699c4aa6628dafde90172df8794338cfadde5bf646e264e5ac81c,float64,47,true
libero_10,8,KITCHEN_SCENE8_put_both_moka_pots_on_the_stove,put both moka pots on the stove,8,1df5361f0d9c46de814aff2e48370f796f08ef4f141cbacf856c45ecf2809e24,float64,47,true
libero_10,8,KITCHEN_SCENE8_put_both_moka_pots_on_the_stove,put both moka pots on the stove,9,ebdcc138b98b701bf3bd1a6c90abf66aa7abd34574250c258cf9be5c26271cd4,float64,47,true
libero_10,8,KITCHEN_SCENE8_put_both_moka_pots_on_the_stove,put both moka pots on the stove,10,098c331d6cad1772de3e8ee22a7f983b4c109493f657735e7e7e78319ac1f455,float64,47,true
libero_10,8,KITCHEN_SCENE8_put_both_moka_pots_on_the_stove,put both moka pots on the stove,11,7753c014bd3caf96ff9694b20b5ea40358f64730fa10607312183377f69fb305,float64,47,true
libero_10,8,KITCHEN_SCENE8_put_both_moka_pots_on_the_stove,put both moka pots on the stove,12,230f07540196aa91799ebd810aaec17e00d69f9677b9a9b095fae44fe5311e0b,float64,47,true
libero_10,8,KITCHEN_SCENE8_put_both_moka_pots_on_the_stove,put both moka pots on the stove,13,b014292aff379f3a31351d630b9a03d4bb5477cdbf8ff90c24c7240296bc7d9d,float64,47,true
libero_10,8,KITCHEN_SCENE8_put_both_moka_pots_on_the_stove,put both moka pots on the stove,14,b7805a0b589913928301e7e62b6a18bd4cad027d01e652d641923c6ae4042748,float64,47,true
libero_10,8,KITCHEN_SCENE8_put_both_moka_pots_on_the_stove,put both moka pots on the stove,15,f61035b0fbe8869fd2fd387f57118072503138d60900d156a3b0f0fd5be8f44d,float64,47,true
libero_10,8,KITCHEN_SCENE8_put_both_moka_pots_on_the_stove,put both moka pots on the stove,16,39498952ad2e1bdfa0ca05e0674649d579d50f96f948768aa36b9565861f9e2a,float64,47,true
libero_10,8,KITCHEN_SCENE8_put_both_moka_pots_on_the_stove,put both moka pots on the stove,17,abaa40e960c745b6fa8a239eb1f954b913290f6140ff655107d956f811e534e4,float64,47,true
libero_10,8,KITCHEN_SCENE8_put_both_moka_pots_on_the_stove,put both moka pots on the stove,18,f5917b74fdfaa72e9bbf2bcb52ea66a10f24fb0a7fc575219d38c9681acd9090,float64,47,true
libero_10,8,KITCHEN_SCENE8_put_both_moka_pots_on_the_stove,put both moka pots on the stove,19,2d314d6bfc7b88a7a31d4fb7b632fa43780c50fe1ceceb1c3b431e4723e1e5d9,float64,47,true
libero_10,8,KITCHEN_SCENE8_put_both_moka_pots_on_the_stove,put both moka pots on the stove,20,206564f7b57f4b31ddeb3067174fdd1cdcb3c4ee0f43b71eba06a5516b0867c5,float64,47,true
libero_10,8,KITCHEN_SCENE8_put_both_moka_pots_on_the_stove,put both moka pots on the stove,21,9e42025b1cce5338ad9ea19dc8b5748cf4677ad65e951914b3dd9991b3055b63,float64,47,true
libero_10,8,KITCHEN_SCENE8_put_both_moka_pots_on_the_stove,put both moka pots on the stove,22,409c40056cad5fd3ab1b32c4f971335c2f8c53017606dbd586a5ce682ca5b3e2,float64,47,true
libero_10,8,KITCHEN_SCENE8_put_both_moka_pots_on_the_stove,put both moka pots on the stove,23,e6ead249c5a193c21aa299640062e679254d6e38c5abe30ff339b12d482e4c21,float64,47,true
libero_10,8,KITCHEN_SCENE8_put_both_moka_pots_on_the_stove,put both moka pots on the stove,24,04f78a7406cc6a227c0725f38eaca1c6ca26b42d0edbfb20971d52c3c01258ba,float64,47,true
libero_10,8,KITCHEN_SCENE8_put_both_moka_pots_on_the_stove,put both moka pots on the stove,25,010761f0b31429744cba60ab8f53b6830f2c680979dbd4c8877b38b8b31a0faf,float64,47,true
libero_10,8,KITCHEN_SCENE8_put_both_moka_pots_on_the_stove,put both moka pots on the stove,26,287f3a15be289f6e3f6176dbf687be7439dfdff48fd2f6efea4512ed551ff783,float64,47,true
libero_10,8,KITCHEN_SCENE8_put_both_moka_pots_on_the_stove,put both moka pots on the stove,27,85898a1db5bdfb648e17646765571bcfa7ff3ce1a4de3fdddc9d9c6bef720f24,float64,47,true
libero_10,8,KITCHEN_SCENE8_put_both_moka_pots_on_the_stove,put both moka pots on the stove,28,575addfde2bbff0bff36e8ad35ae189abca459dc1a736ae3ee208de88693bfde,float64,47,true
libero_10,8,KITCHEN_SCENE8_put_both_moka_pots_on_the_stove,put both moka pots on the stove,29,d1d1cd0e255e2de12d4912278f3036372e961f4ce6a99c3a1f20744aa5ea5dcb,float64,47,true
libero_10,8,KITCHEN_SCENE8_put_both_moka_pots_on_the_stove,put both moka pots on the stove,30,6e26a1a54c7eb9d350cefbc65ed52c86674196993249d606e9a89359d615e797,float64,47,true
libero_10,8,KITCHEN_SCENE8_put_both_moka_pots_on_the_stove,put both moka pots on the stove,31,3540c8b960689d14216465e1ac549677b76c345ebaefff3af1aa4c32a446acd7,float64,47,true
libero_10,8,KITCHEN_SCENE8_put_both_moka_pots_on_the_stove,put both moka pots on the stove,32,6c871600de845d0ccc97ab44cabb52573b04fa6c0dd325d4803dcad4f3681713,float64,47,true
libero_10,8,KITCHEN_SCENE8_put_both_moka_pots_on_the_stove,put both moka pots on the stove,33,1459b2044f2d9b03c923d081847bad02db635eb8225693bf86a58aa7b6cd2681,float64,47,true
libero_10,8,KITCHEN_SCENE8_put_both_moka_pots_on_the_stove,put both moka pots on the stove,34,d6329606e56e0e469d2d5d8ae5f20eead574a9fa9fb8310738e2dc52dd565fdf,float64,47,true
libero_10,8,KITCHEN_SCENE8_put_both_moka_pots_on_the_stove,put both moka pots on the stove,35,be9df52efe7ac2dce8adf2ea8e1dbc897a21ae49653d68e05eecfb5cc302d7b5,float64,47,true
libero_10,8,KITCHEN_SCENE8_put_both_moka_pots_on_the_stove,put both moka pots on the stove,36,ef7e00c400cc85f6e6c5ff26eaea81ba4c190e475258f2812a53adef6103b198,float64,47,true
libero_10,8,KITCHEN_SCENE8_put_both_moka_pots_on_the_stove,put both moka pots on the stove,37,9dbe7f7d71566d8f52626d9c8dcc15d476c71cb5d3c99eb268b8ee0508445706,float64,47,true
libero_10,8,KITCHEN_SCENE8_put_both_moka_pots_on_the_stove,put both moka pots on the stove,38,c0305153062ecdb989ee0cb2793130d3779d397043997607e5a5161917b32f59,float64,47,true
libero_10,8,KITCHEN_SCENE8_put_both_moka_pots_on_the_stove,put both moka pots on the stove,39,9d67f30812ba52cd7f58b12d233a421f3394daa05e234d9a20e96f635985a060,float64,47,true
libero_10,8,KITCHEN_SCENE8_put_both_moka_pots_on_the_stove,put both moka pots on the stove,40,547bef90161c679c884f8f690f88fe278114cb6983ef99d327e06dff3d9aaca2,float64,47,true
libero_10,8,KITCHEN_SCENE8_put_both_moka_pots_on_the_stove,put both moka pots on the stove,41,30c9820c24bbbd7f196b10b959f996adf084ab0e93c0fed10be2bcb320a31875,float64,47,true
libero_10,8,KITCHEN_SCENE8_put_both_moka_pots_on_the_stove,put both moka pots on the stove,42,a316c7aba5c6409a1767932d408f2150aeaf58e4d6934f53b638030546d35089,float64,47,true
libero_10,8,KITCHEN_SCENE8_put_both_moka_pots_on_the_stove,put both moka pots on the stove,43,90344fb0c57a1cdcdc0b8a4125bd03e80d29f69c0fb87ba84d67290191ea5300,float64,47,true
libero_10,8,KITCHEN_SCENE8_put_both_moka_pots_on_the_stove,put both moka pots on the stove,44,7bf972951c5c5a71f58dc0b2a61d34aa09eb4e81f0bf0b776e0dc2cd6cd71d5f,float64,47,true
libero_10,8,KITCHEN_SCENE8_put_both_moka_pots_on_the_stove,put both moka pots on the stove,45,fa5061643f7df81e4a68edd1844e02353a7391a1dd393fe80f6db2fde747446e,float64,47,true
libero_10,8,KITCHEN_SCENE8_put_both_moka_pots_on_the_stove,put both moka pots on the stove,46,5d8322ea3150fd7441398b0985f37b5d0de9b07daa338cb2e13feb577cd70319,float64,47,true
libero_10,8,KITCHEN_SCENE8_put_both_moka_pots_on_the_stove,put both moka pots on the stove,47,5160455588622c82722a67026a8ffcbf015f3ec320babba0f0daa6cbdcf6cd77,float64,47,true
libero_10,8,KITCHEN_SCENE8_put_both_moka_pots_on_the_stove,put both moka pots on the stove,48,cdeb63ad2241c847511d5b314f37028481f4cfa5015661845384402344ff8477,float64,47,true
libero_10,8,KITCHEN_SCENE8_put_both_moka_pots_on_the_stove,put both moka pots on the stove,49,bf46e04bf6046f0ee851b176316d9580530dad52017c8a5a3156098962e67427,float64,47,true
libero_10,9,KITCHEN_SCENE6_put_the_yellow_and_white_mug_in_the_microwave_and_close_it,put the yellow and white mug in the microwave and close it,0,ea7db2b727794199cfa1e42f8d924c5841e4af18716a392adf30d5517114c87f,float64,47,true
libero_10,9,KITCHEN_SCENE6_put_the_yellow_and_white_mug_in_the_microwave_and_close_it,put the yellow and white mug in the microwave and close it,1,8a1664e433521b5f995c9840cd9d41bf796b38742e57ad57786d67076de8b0cd,float64,47,true
libero_10,9,KITCHEN_SCENE6_put_the_yellow_and_white_mug_in_the_microwave_and_close_it,put the yellow and white mug in the microwave and close it,2,1cc5eefc998751de4d0e86462742176ed71a470e4846013c1a92ac47cefb9b67,float64,47,true
libero_10,9,KITCHEN_SCENE6_put_the_yellow_and_white_mug_in_the_microwave_and_close_it,put the yellow and white mug in the microwave and close it,3,ac150060868f6d48b6b53f5d8f07e71e04d3ca8883ff52edae6b0f543c05659a,float64,47,true
libero_10,9,KITCHEN_SCENE6_put_the_yellow_and_white_mug_in_the_microwave_and_close_it,put the yellow and white mug in the microwave and close it,4,e3ba923c504addfab7f0ef464e30c4de9e70f02106fdd714ce793dda722233f7,float64,47,true
libero_10,9,KITCHEN_SCENE6_put_the_yellow_and_white_mug_in_the_microwave_and_close_it,put the yellow and white mug in the microwave and close it,5,3f69e06f62cab10c9c43e3dd278e7d0cd4590b88740f7ae57b5852d1ee96f43e,float64,47,true
libero_10,9,KITCHEN_SCENE6_put_the_yellow_and_white_mug_in_the_microwave_and_close_it,put the yellow and white mug in the microwave and close it,6,7112c1d02864ebb60d6d405764cddab8bd527ca36b9377275859d8b9db93470c,float64,47,true
libero_10,9,KITCHEN_SCENE6_put_the_yellow_and_white_mug_in_the_microwave_and_close_it,put the yellow and white mug in the microwave and close it,7,5952d59cf718abd407c8c685c213a8de1b81e8c0ced22f15f4800fbcf72d52d0,float64,47,true
libero_10,9,KITCHEN_SCENE6_put_the_yellow_and_white_mug_in_the_microwave_and_close_it,put the yellow and white mug in the microwave and close it,8,0660777678d8c06056f77ba9d1f89dae13d3e6eb6b73a91e656be16e3d1a763a,float64,47,true
libero_10,9,KITCHEN_SCENE6_put_the_yellow_and_white_mug_in_the_microwave_and_close_it,put the yellow and white mug in the microwave and close it,9,b15e6a13c7a8ef65ea60b458e3f318adf4c99e9945c2be1431e76639ec2a9f2d,float64,47,true
libero_10,9,KITCHEN_SCENE6_put_the_yellow_and_white_mug_in_the_microwave_and_close_it,put the yellow and white mug in the microwave and close it,10,c9bcb378e751faef595e7c5f2fadddb734dcf966958b899d483ce60e65005bd8,float64,47,true
libero_10,9,KITCHEN_SCENE6_put_the_yellow_and_white_mug_in_the_microwave_and_close_it,put the yellow and white mug in the microwave and close it,11,3e3e1b5c2487269fa2404dfe87ad17f3d2ea66c1fe47c165fcf98c49a699ee60,float64,47,true
libero_10,9,KITCHEN_SCENE6_put_the_yellow_and_white_mug_in_the_microwave_and_close_it,put the yellow and white mug in the microwave and close it,12,0449641ea1810c2c7f48f2d9d5cd992cb4022e35bb1c400bf167f13004decae3,float64,47,true
libero_10,9,KITCHEN_SCENE6_put_the_yellow_and_white_mug_in_the_microwave_and_close_it,put the yellow and white mug in the microwave and close it,13,c116575c40aebc30dd05d0c986072d54c6463a4436eb3edb1b15695dc4f4a230,float64,47,true
libero_10,9,KITCHEN_SCENE6_put_the_yellow_and_white_mug_in_the_microwave_and_close_it,put the yellow and white mug in the microwave and close it,14,20365011999da99f8dae3761dd475aec07f9a927a6a64d4aba4b18787f80518a,float64,47,true
libero_10,9,KITCHEN_SCENE6_put_the_yellow_and_white_mug_in_the_microwave_and_close_it,put the yellow and white mug in the microwave and close it,15,71f5da9b9b727811f31b0878fa0037c5d54a233cc16662bea3fbaf554c2888c6,float64,47,true
libero_10,9,KITCHEN_SCENE6_put_the_yellow_and_white_mug_in_the_microwave_and_close_it,put the yellow and white mug in the microwave and close it,16,fcaede80ee19d1d5be4fecf8cfb2229c4ef98566fdb5c1d7248738dbaae20b01,float64,47,true
libero_10,9,KITCHEN_SCENE6_put_the_yellow_and_white_mug_in_the_microwave_and_close_it,put the yellow and white mug in the microwave and close it,17,7b0c0e1375704995df0a3cd7a3ddb84cea1c35725ffbd92dc761953302c7ba26,float64,47,true
libero_10,9,KITCHEN_SCENE6_put_the_yellow_and_white_mug_in_the_microwave_and_close_it,put the yellow and white mug in the microwave and close it,18,ca9c8948227c7fc9b0a5e15ec2be8324c29542ed617eebb38b496e7d717aa904,float64,47,true
libero_10,9,KITCHEN_SCENE6_put_the_yellow_and_white_mug_in_the_microwave_and_close_it,put the yellow and white mug in the microwave and close it,19,50deae41902e1e7b21212c732d9d617c78ad9fad8ee3735f97d6918bbc785d47,float64,47,true
libero_10,9,KITCHEN_SCENE6_put_the_yellow_and_white_mug_in_the_microwave_and_close_it,put the yellow and white mug in the microwave and close it,20,07c1d0f78d645f621670c4de2bb8e95be0c57311808ca399b89e92407878b522,float64,47,true
libero_10,9,KITCHEN_SCENE6_put_the_yellow_and_white_mug_in_the_microwave_and_close_it,put the yellow and white mug in the microwave and close it,21,f564897bb0bdf4d1d07ff7745fc235e24ef2e372afa393c6c848c414e0533d07,float64,47,true
libero_10,9,KITCHEN_SCENE6_put_the_yellow_and_white_mug_in_the_microwave_and_close_it,put the yellow and white mug in the microwave and close it,22,111b367bc268be780035b3baceba410ed851cc6124afd67cf835c32f698bda09,float64,47,true
libero_10,9,KITCHEN_SCENE6_put_the_yellow_and_white_mug_in_the_microwave_and_close_it,put the yellow and white mug in the microwave and close it,23,494b392a78e0744efa6dce54534c95a91db93ea0d1bd05c4214502728bebb4ba,float64,47,true
libero_10,9,KITCHEN_SCENE6_put_the_yellow_and_white_mug_in_the_microwave_and_close_it,put the yellow and white mug in the microwave and close it,24,49c31dd71ed95ab2b09b472a8e5e9ab94b05edae5f26e12f5dbd77387e2948c6,float64,47,true
libero_10,9,KITCHEN_SCENE6_put_the_yellow_and_white_mug_in_the_microwave_and_close_it,put the yellow and white mug in the microwave and close it,25,f670468d2cadd307dae287f34ad755c1bbdebb715cc39c6a33d8b284410bdba6,float64,47,true
libero_10,9,KITCHEN_SCENE6_put_the_yellow_and_white_mug_in_the_microwave_and_close_it,put the yellow and white mug in the microwave and close it,26,bcf0429b523f15f268f27d898a0f7ec2b117b8257fd3f11b7eceb6f548c9db7c,float64,47,true
libero_10,9,KITCHEN_SCENE6_put_the_yellow_and_white_mug_in_the_microwave_and_close_it,put the yellow and white mug in the microwave and close it,27,16bcb4feecc1610c73eef3a33a1b9c2d7d5bfd683d8bafce9cd4fac02870e024,float64,47,true
libero_10,9,KITCHEN_SCENE6_put_the_yellow_and_white_mug_in_the_microwave_and_close_it,put the yellow and white mug in the microwave and close it,28,f1a7b263883fcf367e08ad5b77880b3c51ecd31334b7acb7fc8ee5433c394c06,float64,47,true
libero_10,9,KITCHEN_SCENE6_put_the_yellow_and_white_mug_in_the_microwave_and_close_it,put the yellow and white mug in the microwave and close it,29,a150030bf0568bd21227c1ea0486c4abd8fa1436ca1b68d65858f77f2bdeaeb1,float64,47,true
libero_10,9,KITCHEN_SCENE6_put_the_yellow_and_white_mug_in_the_microwave_and_close_it,put the yellow and white mug in the microwave and close it,30,8e6369bf45909192beb67028f1024ab99d6adf693ce6e86d0f9555ef95fd3122,float64,47,true
libero_10,9,KITCHEN_SCENE6_put_the_yellow_and_white_mug_in_the_microwave_and_close_it,put the yellow and white mug in the microwave and close it,31,37d518b5cd4219622dd8fa9e81aff69c08e3e668c651af181c7fa5f3f197eb77,float64,47,true
libero_10,9,KITCHEN_SCENE6_put_the_yellow_and_white_mug_in_the_microwave_and_close_it,put the yellow and white mug in the microwave and close it,32,0dd395b5c2aede7e424a17feb3db52ccd431f2b897f47cc9a8d479bac8b990f5,float64,47,true
libero_10,9,KITCHEN_SCENE6_put_the_yellow_and_white_mug_in_the_microwave_and_close_it,put the yellow and white mug in the microwave and close it,33,7fa0dd64a47038338fc0661ea6fc68cf6070146c1610aca176363486bf940f88,float64,47,true
libero_10,9,KITCHEN_SCENE6_put_the_yellow_and_white_mug_in_the_microwave_and_close_it,put the yellow and white mug in the microwave and close it,34,e18cf2b88da7122c73de63525b5a887a3f2ccd999644f717632dc19b4636f335,float64,47,true
libero_10,9,KITCHEN_SCENE6_put_the_yellow_and_white_mug_in_the_microwave_and_close_it,put the yellow and white mug in the microwave and close it,35,5d05dca0a8ebb400b779b4152289f5a5f9c6acdd42d4e87dd278948781d884b6,float64,47,true
libero_10,9,KITCHEN_SCENE6_put_the_yellow_and_white_mug_in_the_microwave_and_close_it,put the yellow and white mug in the microwave and close it,36,c6b5d8ffd15cae9c71508226e0ae8eb0bdea5f26aaeb67776827e7db03b61546,float64,47,true
libero_10,9,KITCHEN_SCENE6_put_the_yellow_and_white_mug_in_the_microwave_and_close_it,put the yellow and white mug in the microwave and close it,37,14b7ce304678ccdeb9520e3091a1ff6865bb117ca633cb2d7aadad2e9597ebd4,float64,47,true
libero_10,9,KITCHEN_SCENE6_put_the_yellow_and_white_mug_in_the_microwave_and_close_it,put the yellow and white mug in the microwave and close it,38,71a1562fc8f23c49cd52a882ade7f0c66ab5611267932e2863dd4dbabee7819a,float64,47,true
libero_10,9,KITCHEN_SCENE6_put_the_yellow_and_white_mug_in_the_microwave_and_close_it,put the yellow and white mug in the microwave and close it,39,5202d9ddef49988fa29f02aaa1f4cda4a11877ae0300fc0fc835ffe86ef1b87b,float64,47,true
libero_10,9,KITCHEN_SCENE6_put_the_yellow_and_white_mug_in_the_microwave_and_close_it,put the yellow and white mug in the microwave and close it,40,4071ba8f538690a843dee000f6fa8728ce515fd7f73aa603660392042086b8f0,float64,47,true
libero_10,9,KITCHEN_SCENE6_put_the_yellow_and_white_mug_in_the_microwave_and_close_it,put the yellow and white mug in the microwave and close it,41,7313b89f917417b7ba041e0bbda16e3af59c4e2f78d61a37ad294aa342e7ad7f,float64,47,true
libero_10,9,KITCHEN_SCENE6_put_the_yellow_and_white_mug_in_the_microwave_and_close_it,put the yellow and white mug in the microwave and close it,42,99b59bae7e64be3fa25f49a4b11e88af111280314d38a437072feee6c918a1a9,float64,47,true
libero_10,9,KITCHEN_SCENE6_put_the_yellow_and_white_mug_in_the_microwave_and_close_it,put the yellow and white mug in the microwave and close it,43,9d1df6194a0422a3690804ec95bce5ac438c109fdfc6b9c51eec387ced49eae2,float64,47,true
libero_10,9,KITCHEN_SCENE6_put_the_yellow_and_white_mug_in_the_microwave_and_close_it,put the yellow and white mug in the microwave and close it,44,261ef237b3cecd1334d6cde43be08ff1de0811d71c4bd85f3d53ddcfb34faf93,float64,47,true
libero_10,9,KITCHEN_SCENE6_put_the_yellow_and_white_mug_in_the_microwave_and_close_it,put the yellow and white mug in the microwave and close it,45,603099bdec6c226d4c72abcec7008005eec345a69a9c20c067b30417e108dd68,float64,47,true
libero_10,9,KITCHEN_SCENE6_put_the_yellow_and_white_mug_in_the_microwave_and_close_it,put the yellow and white mug in the microwave and close it,46,2451da222ffec10a5559168fc1a499e1b71e424386eb82406b2ab74ea671d8d6,float64,47,true
libero_10,9,KITCHEN_SCENE6_put_the_yellow_and_white_mug_in_the_microwave_and_close_it,put the yellow and white mug in the microwave and close it,47,969020ba2cd616f63d10de2c6074da2d65c8314b8b0d88c61b64ca5212398d61,float64,47,true
libero_10,9,KITCHEN_SCENE6_put_the_yellow_and_white_mug_in_the_microwave_and_close_it,put the yellow and white mug in the microwave and close it,48,0d0f84e5e2821d6a167a652586e0313d5d6df3c6ae51a6fc7f63136916af209b,float64,47,true
libero_10,9,KITCHEN_SCENE6_put_the_yellow_and_white_mug_in_the_microwave_and_close_it,put the yellow and white mug in the microwave and close it,49,34ac43543ccba0822ade0333e2be4a828f05fbd3ad98cd9643ea5ea1ed0b741d,float64,47,true
