gap_id,task_id,task_name,raw_gap,category,event_family,initial_state_id,root_cause,root_cause_scope,root_cause_unit_id,artifact_unit_ids,global_prerequisite_ids,automatic_fixability,required_evidence,blocking_gate,cascade_class,protocol_scope_flag,validator_source,source_preflight,source_preflight_sha256
GAP-0001,0,LIVING_ROOM_SCENE2_put_both_the_alphabet_soup_and_the_tomato_sauce_in_the_basket,task 0: all ten event families require explicit support/feasibility,supported_event_families,,,No task support declaration; validator demands all ten per task,PER_TASK,T00:supported_event_families,T00:supported_event_families,G-SCOPE;G-MEASUREMENT,REQUIRES_SCOPE_DECISION_AND_EVIDENCE,Actual task-specific supported/unsupported family map; explicit review of all-ten validator conflict; never copy global library as support evidence,catalog_complete;task_eligibility;schedule_support,support_declaration_and_scope_check,PER_TASK_ALL_TEN_IMPLEMENTATION_CONFLICT,cope_benchmark/repeated_v2/task_catalog.py:253,research/repeated_v2_formal_readiness_20260906/CURRENT_PREFLIGHT.txt,78da922e4dbd1411f1aa91846b88fc5d621be4856faf76cd87ca864eeeb0348c
GAP-0002,0,LIVING_ROOM_SCENE2_put_both_the_alphabet_soup_and_the_tomato_sauce_in_the_basket,task 0: calibration must use one checkpoint_sha256,calibration_records,,,Zero authentic v2 calibration records; identity-cardinality errors are empty-set cascades,PER_TASK,T00:calibration_records,T00:calibration_records,G-POLICY;G-RUNTIME,MEASURE_OR_RECOVER_AUTHENTIC_EVIDENCE,"10 clean learned/nonprivileged outcomes per task: states0..4 x seeds101,131; horizon260; terminal outcome including failures; shared policy/checkpoint/protocol; unique raw trace hashes",catalog_complete;clean_policy_calibration;task_eligibility,empty_collection_consistency_cascade,NO_SCOPE_CHANGE_ASSUMED,cope_benchmark/repeated_v2/task_calibration.py:175,research/repeated_v2_formal_readiness_20260906/CURRENT_PREFLIGHT.txt,78da922e4dbd1411f1aa91846b88fc5d621be4856faf76cd87ca864eeeb0348c
GAP-0003,0,LIVING_ROOM_SCENE2_put_both_the_alphabet_soup_and_the_tomato_sauce_in_the_basket,task 0: calibration must use one policy_id,calibration_records,,,Zero authentic v2 calibration records; identity-cardinality errors are empty-set cascades,PER_TASK,T00:calibration_records,T00:calibration_records,G-POLICY;G-RUNTIME,MEASURE_OR_RECOVER_AUTHENTIC_EVIDENCE,"10 clean learned/nonprivileged outcomes per task: states0..4 x seeds101,131; horizon260; terminal outcome including failures; shared policy/checkpoint/protocol; unique raw trace hashes",catalog_complete;clean_policy_calibration;task_eligibility,empty_collection_consistency_cascade,NO_SCOPE_CHANGE_ASSUMED,cope_benchmark/repeated_v2/task_calibration.py:175,research/repeated_v2_formal_readiness_20260906/CURRENT_PREFLIGHT.txt,78da922e4dbd1411f1aa91846b88fc5d621be4856faf76cd87ca864eeeb0348c
GAP-0004,0,LIVING_ROOM_SCENE2_put_both_the_alphabet_soup_and_the_tomato_sauce_in_the_basket,task 0: calibration must use one protocol_sha256,calibration_records,,,Zero authentic v2 calibration records; identity-cardinality errors are empty-set cascades,PER_TASK,T00:calibration_records,T00:calibration_records,G-POLICY;G-RUNTIME,MEASURE_OR_RECOVER_AUTHENTIC_EVIDENCE,"10 clean learned/nonprivileged outcomes per task: states0..4 x seeds101,131; horizon260; terminal outcome including failures; shared policy/checkpoint/protocol; unique raw trace hashes",catalog_complete;clean_policy_calibration;task_eligibility,empty_collection_consistency_cascade,NO_SCOPE_CHANGE_ASSUMED,cope_benchmark/repeated_v2/task_calibration.py:175,research/repeated_v2_formal_readiness_20260906/CURRENT_PREFLIGHT.txt,78da922e4dbd1411f1aa91846b88fc5d621be4856faf76cd87ca864eeeb0348c
GAP-0005,0,LIVING_ROOM_SCENE2_put_both_the_alphabet_soup_and_the_tomato_sauce_in_the_basket,task 0: calibration must use one provenance_kind,calibration_records,,,Zero authentic v2 calibration records; identity-cardinality errors are empty-set cascades,PER_TASK,T00:calibration_records,T00:calibration_records,G-POLICY;G-RUNTIME,MEASURE_OR_RECOVER_AUTHENTIC_EVIDENCE,"10 clean learned/nonprivileged outcomes per task: states0..4 x seeds101,131; horizon260; terminal outcome including failures; shared policy/checkpoint/protocol; unique raw trace hashes",catalog_complete;clean_policy_calibration;task_eligibility,empty_collection_consistency_cascade,NO_SCOPE_CHANGE_ASSUMED,cope_benchmark/repeated_v2/task_calibration.py:175,research/repeated_v2_formal_readiness_20260906/CURRENT_PREFLIGHT.txt,78da922e4dbd1411f1aa91846b88fc5d621be4856faf76cd87ca864eeeb0348c
GAP-0006,0,LIVING_ROOM_SCENE2_put_both_the_alphabet_soup_and_the_tomato_sauce_in_the_basket,task 0: fewer than two independently verified distinct milestone predicates,structural_and_milestones,,,No structural/milestone evidence dossier; BDDL predicates are candidates only,PER_TASK,T00:structural_and_milestones,T00:structural_and_milestones,G-MEASUREMENT,AUTHOR_AND_MEASURE_NO_AUTOFILL,"Four structural decisions with evidence_refs; >=2 distinct independently verifiable milestones, >=1 preservable; task5 needs a valid second milestone or documented ineligibility",catalog_complete;structural_task_eligibility;progress_preservation,structural_checks_share_task_dossier,NO_SCOPE_CHANGE_ASSUMED,cope_benchmark/repeated_v2/task_catalog.py:238,research/repeated_v2_formal_readiness_20260906/CURRENT_PREFLIGHT.txt,78da922e4dbd1411f1aa91846b88fc5d621be4856faf76cd87ca864eeeb0348c
GAP-0007,0,LIVING_ROOM_SCENE2_put_both_the_alphabet_soup_and_the_tomato_sauce_in_the_basket,"task 0: incomplete calibration grid: expected 10 cells, missing [(0, 101), (0, 131), (1, 101), (1, 131), (2, 101), (2, 131), (3, 101), (3, 131), (4, 101), (4, 131)], unexpected []",calibration_records,,,Zero authentic v2 calibration records; identity-cardinality errors are empty-set cascades,PER_TASK,T00:calibration_records,T00:calibration_records,G-POLICY;G-RUNTIME,MEASURE_OR_RECOVER_AUTHENTIC_EVIDENCE,"10 clean learned/nonprivileged outcomes per task: states0..4 x seeds101,131; horizon260; terminal outcome including failures; shared policy/checkpoint/protocol; unique raw trace hashes",catalog_complete;clean_policy_calibration;task_eligibility,primary_absent_grid,NO_SCOPE_CHANGE_ASSUMED,cope_benchmark/repeated_v2/task_calibration.py:173,research/repeated_v2_formal_readiness_20260906/CURRENT_PREFLIGHT.txt,78da922e4dbd1411f1aa91846b88fc5d621be4856faf76cd87ca864eeeb0348c
GAP-0008,0,LIVING_ROOM_SCENE2_put_both_the_alphabet_soup_and_the_tomato_sauce_in_the_basket,"task 0: invalid semantic trigger GOAL_RECEPTACLE_OR_GROUNDING_CHANGED: BLOCKED_TASK_CATALOG_GAP: missing trigger fields ['earliest_policy_step', 'latest_policy_step', 'min_steps_since_previous_event', 'physical_feasibility_guard', 'predicate']",semantic_triggers,GOAL_RECEPTACLE_OR_GROUNDING_CHANGED,,Empty semantic_triggers collection,PER_TASK,T00:semantic_triggers,T00:semantic_triggers:GOAL_RECEPTACLE_OR_GROUNDING_CHANGED,G-MEASUREMENT;G-SCOPE,AUTHOR_AND_VERIFY,Task-grounded predicate and feasibility guard; earliest/latest steps and spacing>=10; actual monitor/observation provenance,catalog_complete;semantic_schedule;fresh_event_observation,primary_absent_trigger,PER_TASK_ALL_TEN_IMPLEMENTATION_CONFLICT,cope_benchmark/repeated_v2/task_catalog.py:259,research/repeated_v2_formal_readiness_20260906/CURRENT_PREFLIGHT.txt,78da922e4dbd1411f1aa91846b88fc5d621be4856faf76cd87ca864eeeb0348c
GAP-0009,0,LIVING_ROOM_SCENE2_put_both_the_alphabet_soup_and_the_tomato_sauce_in_the_basket,"task 0: invalid semantic trigger TARGET_OBJECT_DISPLACED: BLOCKED_TASK_CATALOG_GAP: missing trigger fields ['earliest_policy_step', 'latest_policy_step', 'min_steps_since_previous_event', 'physical_feasibility_guard', 'predicate']",semantic_triggers,TARGET_OBJECT_DISPLACED,,Empty semantic_triggers collection,PER_TASK,T00:semantic_triggers,T00:semantic_triggers:TARGET_OBJECT_DISPLACED,G-MEASUREMENT;G-SCOPE,AUTHOR_AND_VERIFY,Task-grounded predicate and feasibility guard; earliest/latest steps and spacing>=10; actual monitor/observation provenance,catalog_complete;semantic_schedule;fresh_event_observation,primary_absent_trigger,PER_TASK_ALL_TEN_IMPLEMENTATION_CONFLICT,cope_benchmark/repeated_v2/task_catalog.py:259,research/repeated_v2_formal_readiness_20260906/CURRENT_PREFLIGHT.txt,78da922e4dbd1411f1aa91846b88fc5d621be4856faf76cd87ca864eeeb0348c
GAP-0010,0,LIVING_ROOM_SCENE2_put_both_the_alphabet_soup_and_the_tomato_sauce_in_the_basket,"task 0: invalid semantic trigger TEMPORARY_NO_GO_APPEARS: BLOCKED_TASK_CATALOG_GAP: missing trigger fields ['earliest_policy_step', 'latest_policy_step', 'min_steps_since_previous_event', 'physical_feasibility_guard', 'predicate']",semantic_triggers,TEMPORARY_NO_GO_APPEARS,,Empty semantic_triggers collection,PER_TASK,T00:semantic_triggers,T00:semantic_triggers:TEMPORARY_NO_GO_APPEARS,G-MEASUREMENT;G-SCOPE,AUTHOR_AND_VERIFY,Task-grounded predicate and feasibility guard; earliest/latest steps and spacing>=10; actual monitor/observation provenance,catalog_complete;semantic_schedule;fresh_event_observation,primary_absent_trigger,PER_TASK_ALL_TEN_IMPLEMENTATION_CONFLICT,cope_benchmark/repeated_v2/task_catalog.py:259,research/repeated_v2_formal_readiness_20260906/CURRENT_PREFLIGHT.txt,78da922e4dbd1411f1aa91846b88fc5d621be4856faf76cd87ca864eeeb0348c
GAP-0011,0,LIVING_ROOM_SCENE2_put_both_the_alphabet_soup_and_the_tomato_sauce_in_the_basket,"task 0: invalid semantic trigger TEMPORARY_NO_GO_CLEARS: BLOCKED_TASK_CATALOG_GAP: missing trigger fields ['earliest_policy_step', 'latest_policy_step', 'min_steps_since_previous_event', 'physical_feasibility_guard', 'predicate']",semantic_triggers,TEMPORARY_NO_GO_CLEARS,,Empty semantic_triggers collection,PER_TASK,T00:semantic_triggers,T00:semantic_triggers:TEMPORARY_NO_GO_CLEARS,G-MEASUREMENT;G-SCOPE,AUTHOR_AND_VERIFY,Task-grounded predicate and feasibility guard; earliest/latest steps and spacing>=10; actual monitor/observation provenance,catalog_complete;semantic_schedule;fresh_event_observation,primary_absent_trigger,PER_TASK_ALL_TEN_IMPLEMENTATION_CONFLICT,cope_benchmark/repeated_v2/task_catalog.py:259,research/repeated_v2_formal_readiness_20260906/CURRENT_PREFLIGHT.txt,78da922e4dbd1411f1aa91846b88fc5d621be4856faf76cd87ca864eeeb0348c
GAP-0012,0,LIVING_ROOM_SCENE2_put_both_the_alphabet_soup_and_the_tomato_sauce_in_the_basket,"task 0: invalid semantic trigger TOOL_OR_TARGET_AVAILABLE_AGAIN: BLOCKED_TASK_CATALOG_GAP: missing trigger fields ['earliest_policy_step', 'latest_policy_step', 'min_steps_since_previous_event', 'physical_feasibility_guard', 'predicate']",semantic_triggers,TOOL_OR_TARGET_AVAILABLE_AGAIN,,Empty semantic_triggers collection,PER_TASK,T00:semantic_triggers,T00:semantic_triggers:TOOL_OR_TARGET_AVAILABLE_AGAIN,G-MEASUREMENT;G-SCOPE,AUTHOR_AND_VERIFY,Task-grounded predicate and feasibility guard; earliest/latest steps and spacing>=10; actual monitor/observation provenance,catalog_complete;semantic_schedule;fresh_event_observation,primary_absent_trigger,PER_TASK_ALL_TEN_IMPLEMENTATION_CONFLICT,cope_benchmark/repeated_v2/task_catalog.py:259,research/repeated_v2_formal_readiness_20260906/CURRENT_PREFLIGHT.txt,78da922e4dbd1411f1aa91846b88fc5d621be4856faf76cd87ca864eeeb0348c
GAP-0013,0,LIVING_ROOM_SCENE2_put_both_the_alphabet_soup_and_the_tomato_sauce_in_the_basket,"task 0: invalid semantic trigger TOOL_OR_TARGET_TEMPORARILY_UNAVAILABLE: BLOCKED_TASK_CATALOG_GAP: missing trigger fields ['earliest_policy_step', 'latest_policy_step', 'min_steps_since_previous_event', 'physical_feasibility_guard', 'predicate']",semantic_triggers,TOOL_OR_TARGET_TEMPORARILY_UNAVAILABLE,,Empty semantic_triggers collection,PER_TASK,T00:semantic_triggers,T00:semantic_triggers:TOOL_OR_TARGET_TEMPORARILY_UNAVAILABLE,G-MEASUREMENT;G-SCOPE,AUTHOR_AND_VERIFY,Task-grounded predicate and feasibility guard; earliest/latest steps and spacing>=10; actual monitor/observation provenance,catalog_complete;semantic_schedule;fresh_event_observation,primary_absent_trigger,PER_TASK_ALL_TEN_IMPLEMENTATION_CONFLICT,cope_benchmark/repeated_v2/task_catalog.py:259,research/repeated_v2_formal_readiness_20260906/CURRENT_PREFLIGHT.txt,78da922e4dbd1411f1aa91846b88fc5d621be4856faf76cd87ca864eeeb0348c
GAP-0014,0,LIVING_ROOM_SCENE2_put_both_the_alphabet_soup_and_the_tomato_sauce_in_the_basket,"task 0: invalid semantic trigger USER_ADDS_PERSISTENT_PREFERENCE: BLOCKED_TASK_CATALOG_GAP: missing trigger fields ['earliest_policy_step', 'latest_policy_step', 'min_steps_since_previous_event', 'physical_feasibility_guard', 'predicate']",semantic_triggers,USER_ADDS_PERSISTENT_PREFERENCE,,Empty semantic_triggers collection,PER_TASK,T00:semantic_triggers,T00:semantic_triggers:USER_ADDS_PERSISTENT_PREFERENCE,G-MEASUREMENT;G-SCOPE,AUTHOR_AND_VERIFY,Task-grounded predicate and feasibility guard; earliest/latest steps and spacing>=10; actual monitor/observation provenance,catalog_complete;semantic_schedule;fresh_event_observation,primary_absent_trigger,PER_TASK_ALL_TEN_IMPLEMENTATION_CONFLICT,cope_benchmark/repeated_v2/task_catalog.py:259,research/repeated_v2_formal_readiness_20260906/CURRENT_PREFLIGHT.txt,78da922e4dbd1411f1aa91846b88fc5d621be4856faf76cd87ca864eeeb0348c
GAP-0015,0,LIVING_ROOM_SCENE2_put_both_the_alphabet_soup_and_the_tomato_sauce_in_the_basket,"task 0: invalid semantic trigger USER_CANCELS_ACTIVE_GOAL: BLOCKED_TASK_CATALOG_GAP: missing trigger fields ['earliest_policy_step', 'latest_policy_step', 'min_steps_since_previous_event', 'physical_feasibility_guard', 'predicate']",semantic_triggers,USER_CANCELS_ACTIVE_GOAL,,Empty semantic_triggers collection,PER_TASK,T00:semantic_triggers,T00:semantic_triggers:USER_CANCELS_ACTIVE_GOAL,G-MEASUREMENT;G-SCOPE,AUTHOR_AND_VERIFY,Task-grounded predicate and feasibility guard; earliest/latest steps and spacing>=10; actual monitor/observation provenance,catalog_complete;semantic_schedule;fresh_event_observation,primary_absent_trigger,PER_TASK_ALL_TEN_IMPLEMENTATION_CONFLICT,cope_benchmark/repeated_v2/task_catalog.py:259,research/repeated_v2_formal_readiness_20260906/CURRENT_PREFLIGHT.txt,78da922e4dbd1411f1aa91846b88fc5d621be4856faf76cd87ca864eeeb0348c
GAP-0016,0,LIVING_ROOM_SCENE2_put_both_the_alphabet_soup_and_the_tomato_sauce_in_the_basket,"task 0: invalid semantic trigger USER_REISSUES_RETIRED_GOAL: BLOCKED_TASK_CATALOG_GAP: missing trigger fields ['earliest_policy_step', 'latest_policy_step', 'min_steps_since_previous_event', 'physical_feasibility_guard', 'predicate']",semantic_triggers,USER_REISSUES_RETIRED_GOAL,,Empty semantic_triggers collection,PER_TASK,T00:semantic_triggers,T00:semantic_triggers:USER_REISSUES_RETIRED_GOAL,G-MEASUREMENT;G-SCOPE,AUTHOR_AND_VERIFY,Task-grounded predicate and feasibility guard; earliest/latest steps and spacing>=10; actual monitor/observation provenance,catalog_complete;semantic_schedule;fresh_event_observation,primary_absent_trigger,PER_TASK_ALL_TEN_IMPLEMENTATION_CONFLICT,cope_benchmark/repeated_v2/task_catalog.py:259,research/repeated_v2_formal_readiness_20260906/CURRENT_PREFLIGHT.txt,78da922e4dbd1411f1aa91846b88fc5d621be4856faf76cd87ca864eeeb0348c
GAP-0017,0,LIVING_ROOM_SCENE2_put_both_the_alphabet_soup_and_the_tomato_sauce_in_the_basket,"task 0: invalid semantic trigger USER_REPLACES_ACTIVE_GOAL: BLOCKED_TASK_CATALOG_GAP: missing trigger fields ['earliest_policy_step', 'latest_policy_step', 'min_steps_since_previous_event', 'physical_feasibility_guard', 'predicate']",semantic_triggers,USER_REPLACES_ACTIVE_GOAL,,Empty semantic_triggers collection,PER_TASK,T00:semantic_triggers,T00:semantic_triggers:USER_REPLACES_ACTIVE_GOAL,G-MEASUREMENT;G-SCOPE,AUTHOR_AND_VERIFY,Task-grounded predicate and feasibility guard; earliest/latest steps and spacing>=10; actual monitor/observation provenance,catalog_complete;semantic_schedule;fresh_event_observation,primary_absent_trigger,PER_TASK_ALL_TEN_IMPLEMENTATION_CONFLICT,cope_benchmark/repeated_v2/task_catalog.py:259,research/repeated_v2_formal_readiness_20260906/CURRENT_PREFLIGHT.txt,78da922e4dbd1411f1aa91846b88fc5d621be4856faf76cd87ca864eeeb0348c
GAP-0018,0,LIVING_ROOM_SCENE2_put_both_the_alphabet_soup_and_the_tomato_sauce_in_the_basket,task 0: invalid semantic trigger window GOAL_RECEPTACLE_OR_GROUNDING_CHANGED,semantic_triggers,GOAL_RECEPTACLE_OR_GROUNDING_CHANGED,,Empty semantic_triggers collection,PER_TASK,T00:semantic_triggers,T00:semantic_triggers:GOAL_RECEPTACLE_OR_GROUNDING_CHANGED,G-MEASUREMENT;G-SCOPE,AUTHOR_AND_VERIFY,Task-grounded predicate and feasibility guard; earliest/latest steps and spacing>=10; actual monitor/observation provenance,catalog_complete;semantic_schedule;fresh_event_observation,same_absent_trigger_window_cascade,PER_TASK_ALL_TEN_IMPLEMENTATION_CONFLICT,cope_benchmark/repeated_v2/task_catalog.py:266,research/repeated_v2_formal_readiness_20260906/CURRENT_PREFLIGHT.txt,78da922e4dbd1411f1aa91846b88fc5d621be4856faf76cd87ca864eeeb0348c
GAP-0019,0,LIVING_ROOM_SCENE2_put_both_the_alphabet_soup_and_the_tomato_sauce_in_the_basket,task 0: invalid semantic trigger window TARGET_OBJECT_DISPLACED,semantic_triggers,TARGET_OBJECT_DISPLACED,,Empty semantic_triggers collection,PER_TASK,T00:semantic_triggers,T00:semantic_triggers:TARGET_OBJECT_DISPLACED,G-MEASUREMENT;G-SCOPE,AUTHOR_AND_VERIFY,Task-grounded predicate and feasibility guard; earliest/latest steps and spacing>=10; actual monitor/observation provenance,catalog_complete;semantic_schedule;fresh_event_observation,same_absent_trigger_window_cascade,PER_TASK_ALL_TEN_IMPLEMENTATION_CONFLICT,cope_benchmark/repeated_v2/task_catalog.py:266,research/repeated_v2_formal_readiness_20260906/CURRENT_PREFLIGHT.txt,78da922e4dbd1411f1aa91846b88fc5d621be4856faf76cd87ca864eeeb0348c
GAP-0020,0,LIVING_ROOM_SCENE2_put_both_the_alphabet_soup_and_the_tomato_sauce_in_the_basket,task 0: invalid semantic trigger window TEMPORARY_NO_GO_APPEARS,semantic_triggers,TEMPORARY_NO_GO_APPEARS,,Empty semantic_triggers collection,PER_TASK,T00:semantic_triggers,T00:semantic_triggers:TEMPORARY_NO_GO_APPEARS,G-MEASUREMENT;G-SCOPE,AUTHOR_AND_VERIFY,Task-grounded predicate and feasibility guard; earliest/latest steps and spacing>=10; actual monitor/observation provenance,catalog_complete;semantic_schedule;fresh_event_observation,same_absent_trigger_window_cascade,PER_TASK_ALL_TEN_IMPLEMENTATION_CONFLICT,cope_benchmark/repeated_v2/task_catalog.py:266,research/repeated_v2_formal_readiness_20260906/CURRENT_PREFLIGHT.txt,78da922e4dbd1411f1aa91846b88fc5d621be4856faf76cd87ca864eeeb0348c
GAP-0021,0,LIVING_ROOM_SCENE2_put_both_the_alphabet_soup_and_the_tomato_sauce_in_the_basket,task 0: invalid semantic trigger window TEMPORARY_NO_GO_CLEARS,semantic_triggers,TEMPORARY_NO_GO_CLEARS,,Empty semantic_triggers collection,PER_TASK,T00:semantic_triggers,T00:semantic_triggers:TEMPORARY_NO_GO_CLEARS,G-MEASUREMENT;G-SCOPE,AUTHOR_AND_VERIFY,Task-grounded predicate and feasibility guard; earliest/latest steps and spacing>=10; actual monitor/observation provenance,catalog_complete;semantic_schedule;fresh_event_observation,same_absent_trigger_window_cascade,PER_TASK_ALL_TEN_IMPLEMENTATION_CONFLICT,cope_benchmark/repeated_v2/task_catalog.py:266,research/repeated_v2_formal_readiness_20260906/CURRENT_PREFLIGHT.txt,78da922e4dbd1411f1aa91846b88fc5d621be4856faf76cd87ca864eeeb0348c
GAP-0022,0,LIVING_ROOM_SCENE2_put_both_the_alphabet_soup_and_the_tomato_sauce_in_the_basket,task 0: invalid semantic trigger window TOOL_OR_TARGET_AVAILABLE_AGAIN,semantic_triggers,TOOL_OR_TARGET_AVAILABLE_AGAIN,,Empty semantic_triggers collection,PER_TASK,T00:semantic_triggers,T00:semantic_triggers:TOOL_OR_TARGET_AVAILABLE_AGAIN,G-MEASUREMENT;G-SCOPE,AUTHOR_AND_VERIFY,Task-grounded predicate and feasibility guard; earliest/latest steps and spacing>=10; actual monitor/observation provenance,catalog_complete;semantic_schedule;fresh_event_observation,same_absent_trigger_window_cascade,PER_TASK_ALL_TEN_IMPLEMENTATION_CONFLICT,cope_benchmark/repeated_v2/task_catalog.py:266,research/repeated_v2_formal_readiness_20260906/CURRENT_PREFLIGHT.txt,78da922e4dbd1411f1aa91846b88fc5d621be4856faf76cd87ca864eeeb0348c
GAP-0023,0,LIVING_ROOM_SCENE2_put_both_the_alphabet_soup_and_the_tomato_sauce_in_the_basket,task 0: invalid semantic trigger window TOOL_OR_TARGET_TEMPORARILY_UNAVAILABLE,semantic_triggers,TOOL_OR_TARGET_TEMPORARILY_UNAVAILABLE,,Empty semantic_triggers collection,PER_TASK,T00:semantic_triggers,T00:semantic_triggers:TOOL_OR_TARGET_TEMPORARILY_UNAVAILABLE,G-MEASUREMENT;G-SCOPE,AUTHOR_AND_VERIFY,Task-grounded predicate and feasibility guard; earliest/latest steps and spacing>=10; actual monitor/observation provenance,catalog_complete;semantic_schedule;fresh_event_observation,same_absent_trigger_window_cascade,PER_TASK_ALL_TEN_IMPLEMENTATION_CONFLICT,cope_benchmark/repeated_v2/task_catalog.py:266,research/repeated_v2_formal_readiness_20260906/CURRENT_PREFLIGHT.txt,78da922e4dbd1411f1aa91846b88fc5d621be4856faf76cd87ca864eeeb0348c
GAP-0024,0,LIVING_ROOM_SCENE2_put_both_the_alphabet_soup_and_the_tomato_sauce_in_the_basket,task 0: invalid semantic trigger window USER_ADDS_PERSISTENT_PREFERENCE,semantic_triggers,USER_ADDS_PERSISTENT_PREFERENCE,,Empty semantic_triggers collection,PER_TASK,T00:semantic_triggers,T00:semantic_triggers:USER_ADDS_PERSISTENT_PREFERENCE,G-MEASUREMENT;G-SCOPE,AUTHOR_AND_VERIFY,Task-grounded predicate and feasibility guard; earliest/latest steps and spacing>=10; actual monitor/observation provenance,catalog_complete;semantic_schedule;fresh_event_observation,same_absent_trigger_window_cascade,PER_TASK_ALL_TEN_IMPLEMENTATION_CONFLICT,cope_benchmark/repeated_v2/task_catalog.py:266,research/repeated_v2_formal_readiness_20260906/CURRENT_PREFLIGHT.txt,78da922e4dbd1411f1aa91846b88fc5d621be4856faf76cd87ca864eeeb0348c
GAP-0025,0,LIVING_ROOM_SCENE2_put_both_the_alphabet_soup_and_the_tomato_sauce_in_the_basket,task 0: invalid semantic trigger window USER_CANCELS_ACTIVE_GOAL,semantic_triggers,USER_CANCELS_ACTIVE_GOAL,,Empty semantic_triggers collection,PER_TASK,T00:semantic_triggers,T00:semantic_triggers:USER_CANCELS_ACTIVE_GOAL,G-MEASUREMENT;G-SCOPE,AUTHOR_AND_VERIFY,Task-grounded predicate and feasibility guard; earliest/latest steps and spacing>=10; actual monitor/observation provenance,catalog_complete;semantic_schedule;fresh_event_observation,same_absent_trigger_window_cascade,PER_TASK_ALL_TEN_IMPLEMENTATION_CONFLICT,cope_benchmark/repeated_v2/task_catalog.py:266,research/repeated_v2_formal_readiness_20260906/CURRENT_PREFLIGHT.txt,78da922e4dbd1411f1aa91846b88fc5d621be4856faf76cd87ca864eeeb0348c
GAP-0026,0,LIVING_ROOM_SCENE2_put_both_the_alphabet_soup_and_the_tomato_sauce_in_the_basket,task 0: invalid semantic trigger window USER_REISSUES_RETIRED_GOAL,semantic_triggers,USER_REISSUES_RETIRED_GOAL,,Empty semantic_triggers collection,PER_TASK,T00:semantic_triggers,T00:semantic_triggers:USER_REISSUES_RETIRED_GOAL,G-MEASUREMENT;G-SCOPE,AUTHOR_AND_VERIFY,Task-grounded predicate and feasibility guard; earliest/latest steps and spacing>=10; actual monitor/observation provenance,catalog_complete;semantic_schedule;fresh_event_observation,same_absent_trigger_window_cascade,PER_TASK_ALL_TEN_IMPLEMENTATION_CONFLICT,cope_benchmark/repeated_v2/task_catalog.py:266,research/repeated_v2_formal_readiness_20260906/CURRENT_PREFLIGHT.txt,78da922e4dbd1411f1aa91846b88fc5d621be4856faf76cd87ca864eeeb0348c
GAP-0027,0,LIVING_ROOM_SCENE2_put_both_the_alphabet_soup_and_the_tomato_sauce_in_the_basket,task 0: invalid semantic trigger window USER_REPLACES_ACTIVE_GOAL,semantic_triggers,USER_REPLACES_ACTIVE_GOAL,,Empty semantic_triggers collection,PER_TASK,T00:semantic_triggers,T00:semantic_triggers:USER_REPLACES_ACTIVE_GOAL,G-MEASUREMENT;G-SCOPE,AUTHOR_AND_VERIFY,Task-grounded predicate and feasibility guard; earliest/latest steps and spacing>=10; actual monitor/observation provenance,catalog_complete;semantic_schedule;fresh_event_observation,same_absent_trigger_window_cascade,PER_TASK_ALL_TEN_IMPLEMENTATION_CONFLICT,cope_benchmark/repeated_v2/task_catalog.py:266,research/repeated_v2_formal_readiness_20260906/CURRENT_PREFLIGHT.txt,78da922e4dbd1411f1aa91846b88fc5d621be4856faf76cd87ca864eeeb0348c
GAP-0028,0,LIVING_ROOM_SCENE2_put_both_the_alphabet_soup_and_the_tomato_sauce_in_the_basket,task 0: missing alternative_valid_goals,alternative_valid_goals,,,Alternative valid goals absent and unresolved,PER_TASK,T00:alternative_valid_goals,T00:alternative_valid_goals,G-MEASUREMENT;G-SCOPE,SOURCE_GROUNDED_AUTHORING_THEN_VERIFY,Feasible task-valid family/predicate/arguments/source_ref records and verifier grounding; no invented alternatives,catalog_complete;goal_replacement_semantics,empty_required_semantic_field,DEPENDS_ON_REQUIRED_REPLACEMENT_VARIANTS,cope_benchmark/repeated_v2/task_catalog.py:213,research/repeated_v2_formal_readiness_20260906/CURRENT_PREFLIGHT.txt,78da922e4dbd1411f1aa91846b88fc5d621be4856faf76cd87ca864eeeb0348c
GAP-0029,0,LIVING_ROOM_SCENE2_put_both_the_alphabet_soup_and_the_tomato_sauce_in_the_basket,task 0: missing certified safe event injection poses/regions GOAL_RECEPTACLE_OR_GROUNDING_CHANGED,safe_event_injections,GOAL_RECEPTACLE_OR_GROUNDING_CHANGED,,Empty safe-event intervention collection,PER_TASK,T00:safe_event_injections,T00:safe_event_injections:GOAL_RECEPTACLE_OR_GROUNDING_CHANGED,G-MEASUREMENT;G-SCOPE,AUTHOR_AND_MEASURE,"Alias-bound entity, explicit safe pose or region, hashed evidence; held-object rules and unaffected progress checked",catalog_complete;physical_intervention_safety,primary_absent_intervention_certificate,PER_TASK_ALL_TEN_IMPLEMENTATION_CONFLICT,cope_benchmark/repeated_v2/task_catalog.py:269,research/repeated_v2_formal_readiness_20260906/CURRENT_PREFLIGHT.txt,78da922e4dbd1411f1aa91846b88fc5d621be4856faf76cd87ca864eeeb0348c
GAP-0030,0,LIVING_ROOM_SCENE2_put_both_the_alphabet_soup_and_the_tomato_sauce_in_the_basket,task 0: missing certified safe event injection poses/regions TARGET_OBJECT_DISPLACED,safe_event_injections,TARGET_OBJECT_DISPLACED,,Empty safe-event intervention collection,PER_TASK,T00:safe_event_injections,T00:safe_event_injections:TARGET_OBJECT_DISPLACED,G-MEASUREMENT;G-SCOPE,AUTHOR_AND_MEASURE,"Alias-bound entity, explicit safe pose or region, hashed evidence; held-object rules and unaffected progress checked",catalog_complete;physical_intervention_safety,primary_absent_intervention_certificate,PER_TASK_ALL_TEN_IMPLEMENTATION_CONFLICT,cope_benchmark/repeated_v2/task_catalog.py:269,research/repeated_v2_formal_readiness_20260906/CURRENT_PREFLIGHT.txt,78da922e4dbd1411f1aa91846b88fc5d621be4856faf76cd87ca864eeeb0348c
GAP-0031,0,LIVING_ROOM_SCENE2_put_both_the_alphabet_soup_and_the_tomato_sauce_in_the_basket,task 0: missing certified safe event injection poses/regions TEMPORARY_NO_GO_APPEARS,safe_event_injections,TEMPORARY_NO_GO_APPEARS,,Empty safe-event intervention collection,PER_TASK,T00:safe_event_injections,T00:safe_event_injections:TEMPORARY_NO_GO_APPEARS,G-MEASUREMENT;G-SCOPE,AUTHOR_AND_MEASURE,"Alias-bound entity, explicit safe pose or region, hashed evidence; held-object rules and unaffected progress checked",catalog_complete;physical_intervention_safety,primary_absent_intervention_certificate,PER_TASK_ALL_TEN_IMPLEMENTATION_CONFLICT,cope_benchmark/repeated_v2/task_catalog.py:269,research/repeated_v2_formal_readiness_20260906/CURRENT_PREFLIGHT.txt,78da922e4dbd1411f1aa91846b88fc5d621be4856faf76cd87ca864eeeb0348c
GAP-0032,0,LIVING_ROOM_SCENE2_put_both_the_alphabet_soup_and_the_tomato_sauce_in_the_basket,task 0: missing certified safe event injection poses/regions TEMPORARY_NO_GO_CLEARS,safe_event_injections,TEMPORARY_NO_GO_CLEARS,,Empty safe-event intervention collection,PER_TASK,T00:safe_event_injections,T00:safe_event_injections:TEMPORARY_NO_GO_CLEARS,G-MEASUREMENT;G-SCOPE,AUTHOR_AND_MEASURE,"Alias-bound entity, explicit safe pose or region, hashed evidence; held-object rules and unaffected progress checked",catalog_complete;physical_intervention_safety,primary_absent_intervention_certificate,PER_TASK_ALL_TEN_IMPLEMENTATION_CONFLICT,cope_benchmark/repeated_v2/task_catalog.py:269,research/repeated_v2_formal_readiness_20260906/CURRENT_PREFLIGHT.txt,78da922e4dbd1411f1aa91846b88fc5d621be4856faf76cd87ca864eeeb0348c
GAP-0033,0,LIVING_ROOM_SCENE2_put_both_the_alphabet_soup_and_the_tomato_sauce_in_the_basket,task 0: missing certified safe event injection poses/regions TOOL_OR_TARGET_AVAILABLE_AGAIN,safe_event_injections,TOOL_OR_TARGET_AVAILABLE_AGAIN,,Empty safe-event intervention collection,PER_TASK,T00:safe_event_injections,T00:safe_event_injections:TOOL_OR_TARGET_AVAILABLE_AGAIN,G-MEASUREMENT;G-SCOPE,AUTHOR_AND_MEASURE,"Alias-bound entity, explicit safe pose or region, hashed evidence; held-object rules and unaffected progress checked",catalog_complete;physical_intervention_safety,primary_absent_intervention_certificate,PER_TASK_ALL_TEN_IMPLEMENTATION_CONFLICT,cope_benchmark/repeated_v2/task_catalog.py:269,research/repeated_v2_formal_readiness_20260906/CURRENT_PREFLIGHT.txt,78da922e4dbd1411f1aa91846b88fc5d621be4856faf76cd87ca864eeeb0348c
GAP-0034,0,LIVING_ROOM_SCENE2_put_both_the_alphabet_soup_and_the_tomato_sauce_in_the_basket,task 0: missing certified safe event injection poses/regions TOOL_OR_TARGET_TEMPORARILY_UNAVAILABLE,safe_event_injections,TOOL_OR_TARGET_TEMPORARILY_UNAVAILABLE,,Empty safe-event intervention collection,PER_TASK,T00:safe_event_injections,T00:safe_event_injections:TOOL_OR_TARGET_TEMPORARILY_UNAVAILABLE,G-MEASUREMENT;G-SCOPE,AUTHOR_AND_MEASURE,"Alias-bound entity, explicit safe pose or region, hashed evidence; held-object rules and unaffected progress checked",catalog_complete;physical_intervention_safety,primary_absent_intervention_certificate,PER_TASK_ALL_TEN_IMPLEMENTATION_CONFLICT,cope_benchmark/repeated_v2/task_catalog.py:269,research/repeated_v2_formal_readiness_20260906/CURRENT_PREFLIGHT.txt,78da922e4dbd1411f1aa91846b88fc5d621be4856faf76cd87ca864eeeb0348c
GAP-0035,0,LIVING_ROOM_SCENE2_put_both_the_alphabet_soup_and_the_tomato_sauce_in_the_basket,task 0: missing hard_safety_constraints,hard_safety_constraints,,,Task hard requirements absent and unresolved,PER_TASK,T00:hard_safety_constraints,T00:hard_safety_constraints,G-MEASUREMENT;G-RUNTIME,SOURCE_GROUNDED_AUTHORING_THEN_VERIFY,Grounded hard requirements and verifier bindings consistent with real task geometry/interventions; no copied defaults,catalog_complete;sealed_hard_requirement_evaluation,empty_required_semantic_field,NO_SCOPE_CHANGE_ASSUMED,cope_benchmark/repeated_v2/task_catalog.py:213,research/repeated_v2_formal_readiness_20260906/CURRENT_PREFLIGHT.txt,78da922e4dbd1411f1aa91846b88fc5d621be4856faf76cd87ca864eeeb0348c
GAP-0036,0,LIVING_ROOM_SCENE2_put_both_the_alphabet_soup_and_the_tomato_sauce_in_the_basket,task 0: missing initial state digest 0,initial_state_digests,,0,Five-state initial-state hash pack absent,PER_TASK,T00:initial_state_digests,T00:initial_state_digests,G-ASSETS,CONDITIONAL_AUTOMATIC_FROM_AUTHENTIC_BYTES,"Exact states0..4 and serialization/source/version binding, yielding five SHA256 receipts; authentic source-asset availability was not audited here",catalog_complete;calibration_state_binding;manifest_identity,distinct_hash_receipt_in_task_pack,NO_SCOPE_CHANGE_ASSUMED,cope_benchmark/repeated_v2/task_catalog.py:250,research/repeated_v2_formal_readiness_20260906/CURRENT_PREFLIGHT.txt,78da922e4dbd1411f1aa91846b88fc5d621be4856faf76cd87ca864eeeb0348c
GAP-0037,0,LIVING_ROOM_SCENE2_put_both_the_alphabet_soup_and_the_tomato_sauce_in_the_basket,task 0: missing initial state digest 1,initial_state_digests,,1,Five-state initial-state hash pack absent,PER_TASK,T00:initial_state_digests,T00:initial_state_digests,G-ASSETS,CONDITIONAL_AUTOMATIC_FROM_AUTHENTIC_BYTES,"Exact states0..4 and serialization/source/version binding, yielding five SHA256 receipts; authentic source-asset availability was not audited here",catalog_complete;calibration_state_binding;manifest_identity,distinct_hash_receipt_in_task_pack,NO_SCOPE_CHANGE_ASSUMED,cope_benchmark/repeated_v2/task_catalog.py:250,research/repeated_v2_formal_readiness_20260906/CURRENT_PREFLIGHT.txt,78da922e4dbd1411f1aa91846b88fc5d621be4856faf76cd87ca864eeeb0348c
GAP-0038,0,LIVING_ROOM_SCENE2_put_both_the_alphabet_soup_and_the_tomato_sauce_in_the_basket,task 0: missing initial state digest 2,initial_state_digests,,2,Five-state initial-state hash pack absent,PER_TASK,T00:initial_state_digests,T00:initial_state_digests,G-ASSETS,CONDITIONAL_AUTOMATIC_FROM_AUTHENTIC_BYTES,"Exact states0..4 and serialization/source/version binding, yielding five SHA256 receipts; authentic source-asset availability was not audited here",catalog_complete;calibration_state_binding;manifest_identity,distinct_hash_receipt_in_task_pack,NO_SCOPE_CHANGE_ASSUMED,cope_benchmark/repeated_v2/task_catalog.py:250,research/repeated_v2_formal_readiness_20260906/CURRENT_PREFLIGHT.txt,78da922e4dbd1411f1aa91846b88fc5d621be4856faf76cd87ca864eeeb0348c
GAP-0039,0,LIVING_ROOM_SCENE2_put_both_the_alphabet_soup_and_the_tomato_sauce_in_the_basket,task 0: missing initial state digest 3,initial_state_digests,,3,Five-state initial-state hash pack absent,PER_TASK,T00:initial_state_digests,T00:initial_state_digests,G-ASSETS,CONDITIONAL_AUTOMATIC_FROM_AUTHENTIC_BYTES,"Exact states0..4 and serialization/source/version binding, yielding five SHA256 receipts; authentic source-asset availability was not audited here",catalog_complete;calibration_state_binding;manifest_identity,distinct_hash_receipt_in_task_pack,NO_SCOPE_CHANGE_ASSUMED,cope_benchmark/repeated_v2/task_catalog.py:250,research/repeated_v2_formal_readiness_20260906/CURRENT_PREFLIGHT.txt,78da922e4dbd1411f1aa91846b88fc5d621be4856faf76cd87ca864eeeb0348c
GAP-0040,0,LIVING_ROOM_SCENE2_put_both_the_alphabet_soup_and_the_tomato_sauce_in_the_basket,task 0: missing initial state digest 4,initial_state_digests,,4,Five-state initial-state hash pack absent,PER_TASK,T00:initial_state_digests,T00:initial_state_digests,G-ASSETS,CONDITIONAL_AUTOMATIC_FROM_AUTHENTIC_BYTES,"Exact states0..4 and serialization/source/version binding, yielding five SHA256 receipts; authentic source-asset availability was not audited here",catalog_complete;calibration_state_binding;manifest_identity,distinct_hash_receipt_in_task_pack,NO_SCOPE_CHANGE_ASSUMED,cope_benchmark/repeated_v2/task_catalog.py:250,research/repeated_v2_formal_readiness_20260906/CURRENT_PREFLIGHT.txt,78da922e4dbd1411f1aa91846b88fc5d621be4856faf76cd87ca864eeeb0348c
GAP-0041,0,LIVING_ROOM_SCENE2_put_both_the_alphabet_soup_and_the_tomato_sauce_in_the_basket,task 0: missing planner_compiler_metadata,planner_compiler_metadata,,,Task compiler grounding metadata absent and unresolved,PER_TASK,T00:planner_compiler_metadata,T00:planner_compiler_metadata,G-RUNTIME;G-MEASUREMENT,BIND_IMPLEMENTATION_AND_VERIFY,Explicit supported predicate/operator/skill/instruction bindings; preserve accepted omissions and corruption; no canonical-truth repair,catalog_complete;pure_common_compiler;neutral_backend,empty_required_semantic_field,NO_SCOPE_CHANGE_ASSUMED,cope_benchmark/repeated_v2/task_catalog.py:213,research/repeated_v2_formal_readiness_20260906/CURRENT_PREFLIGHT.txt,78da922e4dbd1411f1aa91846b88fc5d621be4856faf76cd87ca864eeeb0348c
GAP-0042,0,LIVING_ROOM_SCENE2_put_both_the_alphabet_soup_and_the_tomato_sauce_in_the_basket,task 0: missing replaceable_goal_families,replaceable_goal_families,,,Replaceable family map absent and unresolved,PER_TASK,T00:replaceable_goal_families,T00:replaceable_goal_families,G-MEASUREMENT;G-SCOPE,SOURCE_GROUNDED_AUTHORING_THEN_VERIFY,Explicit family IDs already present in initial goals; supported replacement/retirement/reissue semantics,catalog_complete;goal_lifecycle_semantics,empty_required_semantic_field,DEPENDS_ON_REQUIRED_REPLACEMENT_VARIANTS,cope_benchmark/repeated_v2/task_catalog.py:213,research/repeated_v2_formal_readiness_20260906/CURRENT_PREFLIGHT.txt,78da922e4dbd1411f1aa91846b88fc5d621be4856faf76cd87ca864eeeb0348c
GAP-0043,0,LIVING_ROOM_SCENE2_put_both_the_alphabet_soup_and_the_tomato_sauce_in_the_basket,task 0: missing semantic trigger/guard GOAL_RECEPTACLE_OR_GROUNDING_CHANGED,semantic_triggers,GOAL_RECEPTACLE_OR_GROUNDING_CHANGED,,Empty semantic_triggers collection,PER_TASK,T00:semantic_triggers,T00:semantic_triggers:GOAL_RECEPTACLE_OR_GROUNDING_CHANGED,G-MEASUREMENT;G-SCOPE,AUTHOR_AND_VERIFY,Task-grounded predicate and feasibility guard; earliest/latest steps and spacing>=10; actual monitor/observation provenance,catalog_complete;semantic_schedule;fresh_event_observation,same_absent_trigger_guard_cascade,PER_TASK_ALL_TEN_IMPLEMENTATION_CONFLICT,cope_benchmark/repeated_v2/task_catalog.py:264,research/repeated_v2_formal_readiness_20260906/CURRENT_PREFLIGHT.txt,78da922e4dbd1411f1aa91846b88fc5d621be4856faf76cd87ca864eeeb0348c
GAP-0044,0,LIVING_ROOM_SCENE2_put_both_the_alphabet_soup_and_the_tomato_sauce_in_the_basket,task 0: missing semantic trigger/guard TARGET_OBJECT_DISPLACED,semantic_triggers,TARGET_OBJECT_DISPLACED,,Empty semantic_triggers collection,PER_TASK,T00:semantic_triggers,T00:semantic_triggers:TARGET_OBJECT_DISPLACED,G-MEASUREMENT;G-SCOPE,AUTHOR_AND_VERIFY,Task-grounded predicate and feasibility guard; earliest/latest steps and spacing>=10; actual monitor/observation provenance,catalog_complete;semantic_schedule;fresh_event_observation,same_absent_trigger_guard_cascade,PER_TASK_ALL_TEN_IMPLEMENTATION_CONFLICT,cope_benchmark/repeated_v2/task_catalog.py:264,research/repeated_v2_formal_readiness_20260906/CURRENT_PREFLIGHT.txt,78da922e4dbd1411f1aa91846b88fc5d621be4856faf76cd87ca864eeeb0348c
GAP-0045,0,LIVING_ROOM_SCENE2_put_both_the_alphabet_soup_and_the_tomato_sauce_in_the_basket,task 0: missing semantic trigger/guard TEMPORARY_NO_GO_APPEARS,semantic_triggers,TEMPORARY_NO_GO_APPEARS,,Empty semantic_triggers collection,PER_TASK,T00:semantic_triggers,T00:semantic_triggers:TEMPORARY_NO_GO_APPEARS,G-MEASUREMENT;G-SCOPE,AUTHOR_AND_VERIFY,Task-grounded predicate and feasibility guard; earliest/latest steps and spacing>=10; actual monitor/observation provenance,catalog_complete;semantic_schedule;fresh_event_observation,same_absent_trigger_guard_cascade,PER_TASK_ALL_TEN_IMPLEMENTATION_CONFLICT,cope_benchmark/repeated_v2/task_catalog.py:264,research/repeated_v2_formal_readiness_20260906/CURRENT_PREFLIGHT.txt,78da922e4dbd1411f1aa91846b88fc5d621be4856faf76cd87ca864eeeb0348c
GAP-0046,0,LIVING_ROOM_SCENE2_put_both_the_alphabet_soup_and_the_tomato_sauce_in_the_basket,task 0: missing semantic trigger/guard TEMPORARY_NO_GO_CLEARS,semantic_triggers,TEMPORARY_NO_GO_CLEARS,,Empty semantic_triggers collection,PER_TASK,T00:semantic_triggers,T00:semantic_triggers:TEMPORARY_NO_GO_CLEARS,G-MEASUREMENT;G-SCOPE,AUTHOR_AND_VERIFY,Task-grounded predicate and feasibility guard; earliest/latest steps and spacing>=10; actual monitor/observation provenance,catalog_complete;semantic_schedule;fresh_event_observation,same_absent_trigger_guard_cascade,PER_TASK_ALL_TEN_IMPLEMENTATION_CONFLICT,cope_benchmark/repeated_v2/task_catalog.py:264,research/repeated_v2_formal_readiness_20260906/CURRENT_PREFLIGHT.txt,78da922e4dbd1411f1aa91846b88fc5d621be4856faf76cd87ca864eeeb0348c
GAP-0047,0,LIVING_ROOM_SCENE2_put_both_the_alphabet_soup_and_the_tomato_sauce_in_the_basket,task 0: missing semantic trigger/guard TOOL_OR_TARGET_AVAILABLE_AGAIN,semantic_triggers,TOOL_OR_TARGET_AVAILABLE_AGAIN,,Empty semantic_triggers collection,PER_TASK,T00:semantic_triggers,T00:semantic_triggers:TOOL_OR_TARGET_AVAILABLE_AGAIN,G-MEASUREMENT;G-SCOPE,AUTHOR_AND_VERIFY,Task-grounded predicate and feasibility guard; earliest/latest steps and spacing>=10; actual monitor/observation provenance,catalog_complete;semantic_schedule;fresh_event_observation,same_absent_trigger_guard_cascade,PER_TASK_ALL_TEN_IMPLEMENTATION_CONFLICT,cope_benchmark/repeated_v2/task_catalog.py:264,research/repeated_v2_formal_readiness_20260906/CURRENT_PREFLIGHT.txt,78da922e4dbd1411f1aa91846b88fc5d621be4856faf76cd87ca864eeeb0348c
GAP-0048,0,LIVING_ROOM_SCENE2_put_both_the_alphabet_soup_and_the_tomato_sauce_in_the_basket,task 0: missing semantic trigger/guard TOOL_OR_TARGET_TEMPORARILY_UNAVAILABLE,semantic_triggers,TOOL_OR_TARGET_TEMPORARILY_UNAVAILABLE,,Empty semantic_triggers collection,PER_TASK,T00:semantic_triggers,T00:semantic_triggers:TOOL_OR_TARGET_TEMPORARILY_UNAVAILABLE,G-MEASUREMENT;G-SCOPE,AUTHOR_AND_VERIFY,Task-grounded predicate and feasibility guard; earliest/latest steps and spacing>=10; actual monitor/observation provenance,catalog_complete;semantic_schedule;fresh_event_observation,same_absent_trigger_guard_cascade,PER_TASK_ALL_TEN_IMPLEMENTATION_CONFLICT,cope_benchmark/repeated_v2/task_catalog.py:264,research/repeated_v2_formal_readiness_20260906/CURRENT_PREFLIGHT.txt,78da922e4dbd1411f1aa91846b88fc5d621be4856faf76cd87ca864eeeb0348c
GAP-0049,0,LIVING_ROOM_SCENE2_put_both_the_alphabet_soup_and_the_tomato_sauce_in_the_basket,task 0: missing semantic trigger/guard USER_ADDS_PERSISTENT_PREFERENCE,semantic_triggers,USER_ADDS_PERSISTENT_PREFERENCE,,Empty semantic_triggers collection,PER_TASK,T00:semantic_triggers,T00:semantic_triggers:USER_ADDS_PERSISTENT_PREFERENCE,G-MEASUREMENT;G-SCOPE,AUTHOR_AND_VERIFY,Task-grounded predicate and feasibility guard; earliest/latest steps and spacing>=10; actual monitor/observation provenance,catalog_complete;semantic_schedule;fresh_event_observation,same_absent_trigger_guard_cascade,PER_TASK_ALL_TEN_IMPLEMENTATION_CONFLICT,cope_benchmark/repeated_v2/task_catalog.py:264,research/repeated_v2_formal_readiness_20260906/CURRENT_PREFLIGHT.txt,78da922e4dbd1411f1aa91846b88fc5d621be4856faf76cd87ca864eeeb0348c
GAP-0050,0,LIVING_ROOM_SCENE2_put_both_the_alphabet_soup_and_the_tomato_sauce_in_the_basket,task 0: missing semantic trigger/guard USER_CANCELS_ACTIVE_GOAL,semantic_triggers,USER_CANCELS_ACTIVE_GOAL,,Empty semantic_triggers collection,PER_TASK,T00:semantic_triggers,T00:semantic_triggers:USER_CANCELS_ACTIVE_GOAL,G-MEASUREMENT;G-SCOPE,AUTHOR_AND_VERIFY,Task-grounded predicate and feasibility guard; earliest/latest steps and spacing>=10; actual monitor/observation provenance,catalog_complete;semantic_schedule;fresh_event_observation,same_absent_trigger_guard_cascade,PER_TASK_ALL_TEN_IMPLEMENTATION_CONFLICT,cope_benchmark/repeated_v2/task_catalog.py:264,research/repeated_v2_formal_readiness_20260906/CURRENT_PREFLIGHT.txt,78da922e4dbd1411f1aa91846b88fc5d621be4856faf76cd87ca864eeeb0348c
GAP-0051,0,LIVING_ROOM_SCENE2_put_both_the_alphabet_soup_and_the_tomato_sauce_in_the_basket,task 0: missing semantic trigger/guard USER_REISSUES_RETIRED_GOAL,semantic_triggers,USER_REISSUES_RETIRED_GOAL,,Empty semantic_triggers collection,PER_TASK,T00:semantic_triggers,T00:semantic_triggers:USER_REISSUES_RETIRED_GOAL,G-MEASUREMENT;G-SCOPE,AUTHOR_AND_VERIFY,Task-grounded predicate and feasibility guard; earliest/latest steps and spacing>=10; actual monitor/observation provenance,catalog_complete;semantic_schedule;fresh_event_observation,same_absent_trigger_guard_cascade,PER_TASK_ALL_TEN_IMPLEMENTATION_CONFLICT,cope_benchmark/repeated_v2/task_catalog.py:264,research/repeated_v2_formal_readiness_20260906/CURRENT_PREFLIGHT.txt,78da922e4dbd1411f1aa91846b88fc5d621be4856faf76cd87ca864eeeb0348c
GAP-0052,0,LIVING_ROOM_SCENE2_put_both_the_alphabet_soup_and_the_tomato_sauce_in_the_basket,task 0: missing semantic trigger/guard USER_REPLACES_ACTIVE_GOAL,semantic_triggers,USER_REPLACES_ACTIVE_GOAL,,Empty semantic_triggers collection,PER_TASK,T00:semantic_triggers,T00:semantic_triggers:USER_REPLACES_ACTIVE_GOAL,G-MEASUREMENT;G-SCOPE,AUTHOR_AND_VERIFY,Task-grounded predicate and feasibility guard; earliest/latest steps and spacing>=10; actual monitor/observation provenance,catalog_complete;semantic_schedule;fresh_event_observation,same_absent_trigger_guard_cascade,PER_TASK_ALL_TEN_IMPLEMENTATION_CONFLICT,cope_benchmark/repeated_v2/task_catalog.py:264,research/repeated_v2_formal_readiness_20260906/CURRENT_PREFLIGHT.txt,78da922e4dbd1411f1aa91846b88fc5d621be4856faf76cd87ca864eeeb0348c
GAP-0053,0,LIVING_ROOM_SCENE2_put_both_the_alphabet_soup_and_the_tomato_sauce_in_the_basket,task 0: missing soft_preference_templates,soft_preference_templates,,,Persistent preference templates absent and unresolved,PER_TASK,T00:soft_preference_templates,T00:soft_preference_templates,G-MEASUREMENT;G-RUNTIME,SOURCE_GROUNDED_AUTHORING_THEN_VERIFY,Task-valid public preference templates with persistence scope and separately sealed scoring semantics,catalog_complete;persistent_preference_event,empty_required_semantic_field,NO_SCOPE_CHANGE_ASSUMED,cope_benchmark/repeated_v2/task_catalog.py:213,research/repeated_v2_formal_readiness_20260906/CURRENT_PREFLIGHT.txt,78da922e4dbd1411f1aa91846b88fc5d621be4856faf76cd87ca864eeeb0348c
GAP-0054,0,LIVING_ROOM_SCENE2_put_both_the_alphabet_soup_and_the_tomato_sauce_in_the_basket,task 0: no verified preservable milestone,structural_and_milestones,,,No structural/milestone evidence dossier; BDDL predicates are candidates only,PER_TASK,T00:structural_and_milestones,T00:structural_and_milestones,G-MEASUREMENT,AUTHOR_AND_MEASURE_NO_AUTOFILL,"Four structural decisions with evidence_refs; >=2 distinct independently verifiable milestones, >=1 preservable; task5 needs a valid second milestone or documented ineligibility",catalog_complete;structural_task_eligibility;progress_preservation,structural_checks_share_task_dossier,NO_SCOPE_CHANGE_ASSUMED,cope_benchmark/repeated_v2/task_catalog.py:241,research/repeated_v2_formal_readiness_20260906/CURRENT_PREFLIGHT.txt,78da922e4dbd1411f1aa91846b88fc5d621be4856faf76cd87ca864eeeb0348c
GAP-0055,0,LIVING_ROOM_SCENE2_put_both_the_alphabet_soup_and_the_tomato_sauce_in_the_basket,task 0: unresolved alternative_valid_goals,alternative_valid_goals,,,Alternative valid goals absent and unresolved,PER_TASK,T00:alternative_valid_goals,T00:alternative_valid_goals,G-MEASUREMENT;G-SCOPE,SOURCE_GROUNDED_AUTHORING_THEN_VERIFY,Feasible task-valid family/predicate/arguments/source_ref records and verifier grounding; no invented alternatives,catalog_complete;goal_replacement_semantics,collection_unresolved_marker,DEPENDS_ON_REQUIRED_REPLACEMENT_VARIANTS,cope_benchmark/repeated_v2/task_catalog.py:211,research/repeated_v2_formal_readiness_20260906/CURRENT_PREFLIGHT.txt,78da922e4dbd1411f1aa91846b88fc5d621be4856faf76cd87ca864eeeb0348c
GAP-0056,0,LIVING_ROOM_SCENE2_put_both_the_alphabet_soup_and_the_tomato_sauce_in_the_basket,task 0: unresolved calibration_records,calibration_records,,,Zero authentic v2 calibration records; identity-cardinality errors are empty-set cascades,PER_TASK,T00:calibration_records,T00:calibration_records,G-POLICY;G-RUNTIME,MEASURE_OR_RECOVER_AUTHENTIC_EVIDENCE,"10 clean learned/nonprivileged outcomes per task: states0..4 x seeds101,131; horizon260; terminal outcome including failures; shared policy/checkpoint/protocol; unique raw trace hashes",catalog_complete;clean_policy_calibration;task_eligibility,collection_unresolved_marker,NO_SCOPE_CHANGE_ASSUMED,cope_benchmark/repeated_v2/task_catalog.py:211,research/repeated_v2_formal_readiness_20260906/CURRENT_PREFLIGHT.txt,78da922e4dbd1411f1aa91846b88fc5d621be4856faf76cd87ca864eeeb0348c
GAP-0057,0,LIVING_ROOM_SCENE2_put_both_the_alphabet_soup_and_the_tomato_sauce_in_the_basket,task 0: unresolved event_feasibility,event_feasibility,,,Empty event_feasibility collection,PER_TASK,T00:event_feasibility,T00:event_feasibility:TARGET_OBJECT_DISPLACED;T00:event_feasibility:GOAL_RECEPTACLE_OR_GROUNDING_CHANGED;T00:event_feasibility:TEMPORARY_NO_GO_APPEARS;T00:event_feasibility:TEMPORARY_NO_GO_CLEARS;T00:event_feasibility:USER_ADDS_PERSISTENT_PREFERENCE;T00:event_feasibility:TOOL_OR_TARGET_TEMPORARILY_UNAVAILABLE;T00:event_feasibility:TOOL_OR_TARGET_AVAILABLE_AGAIN;T00:event_feasibility:USER_REPLACES_ACTIVE_GOAL;T00:event_feasibility:USER_CANCELS_ACTIVE_GOAL;T00:event_feasibility:USER_REISSUES_RETIRED_GOAL,G-MEASUREMENT;G-SCOPE,MEASURE_OR_RECOVER_AUTHENTIC_EVIDENCE,"Explicit passed true/false, evidence_refs and covered_state_ids0..4 for each applicable task/family under current code; real simulator/safety evidence",catalog_complete;event_feasibility;task_eligibility,collection_unresolved_marker,PER_TASK_ALL_TEN_IMPLEMENTATION_CONFLICT,cope_benchmark/repeated_v2/task_catalog.py:211,research/repeated_v2_formal_readiness_20260906/CURRENT_PREFLIGHT.txt,78da922e4dbd1411f1aa91846b88fc5d621be4856faf76cd87ca864eeeb0348c
GAP-0058,0,LIVING_ROOM_SCENE2_put_both_the_alphabet_soup_and_the_tomato_sauce_in_the_basket,task 0: unresolved hard_safety_constraints,hard_safety_constraints,,,Task hard requirements absent and unresolved,PER_TASK,T00:hard_safety_constraints,T00:hard_safety_constraints,G-MEASUREMENT;G-RUNTIME,SOURCE_GROUNDED_AUTHORING_THEN_VERIFY,Grounded hard requirements and verifier bindings consistent with real task geometry/interventions; no copied defaults,catalog_complete;sealed_hard_requirement_evaluation,collection_unresolved_marker,NO_SCOPE_CHANGE_ASSUMED,cope_benchmark/repeated_v2/task_catalog.py:211,research/repeated_v2_formal_readiness_20260906/CURRENT_PREFLIGHT.txt,78da922e4dbd1411f1aa91846b88fc5d621be4856faf76cd87ca864eeeb0348c
GAP-0059,0,LIVING_ROOM_SCENE2_put_both_the_alphabet_soup_and_the_tomato_sauce_in_the_basket,task 0: unresolved initial_state_digests,initial_state_digests,,,Five-state initial-state hash pack absent,PER_TASK,T00:initial_state_digests,T00:initial_state_digests,G-ASSETS,CONDITIONAL_AUTOMATIC_FROM_AUTHENTIC_BYTES,"Exact states0..4 and serialization/source/version binding, yielding five SHA256 receipts; authentic source-asset availability was not audited here",catalog_complete;calibration_state_binding;manifest_identity,collection_unresolved_marker,NO_SCOPE_CHANGE_ASSUMED,cope_benchmark/repeated_v2/task_catalog.py:211,research/repeated_v2_formal_readiness_20260906/CURRENT_PREFLIGHT.txt,78da922e4dbd1411f1aa91846b88fc5d621be4856faf76cd87ca864eeeb0348c
GAP-0060,0,LIVING_ROOM_SCENE2_put_both_the_alphabet_soup_and_the_tomato_sauce_in_the_basket,task 0: unresolved maintenance_invariants,maintenance_invariants,,,Maintenance semantics unresolved; empty list does not prove none apply,PER_TASK,T00:maintenance_invariants,T00:maintenance_invariants,G-MEASUREMENT,SOURCE_GROUNDED_AUTHORING_THEN_VERIFY,Identify unaffected achievements/continuous maintenance requirements or certify empty semantics where allowed; evidence must precede clearing unresolved marker,catalog_complete;unaffected_progress_preservation,collection_unresolved_marker,NO_SCOPE_CHANGE_ASSUMED,cope_benchmark/repeated_v2/task_catalog.py:211,research/repeated_v2_formal_readiness_20260906/CURRENT_PREFLIGHT.txt,78da922e4dbd1411f1aa91846b88fc5d621be4856faf76cd87ca864eeeb0348c
GAP-0061,0,LIVING_ROOM_SCENE2_put_both_the_alphabet_soup_and_the_tomato_sauce_in_the_basket,task 0: unresolved planner_compiler_metadata,planner_compiler_metadata,,,Task compiler grounding metadata absent and unresolved,PER_TASK,T00:planner_compiler_metadata,T00:planner_compiler_metadata,G-RUNTIME;G-MEASUREMENT,BIND_IMPLEMENTATION_AND_VERIFY,Explicit supported predicate/operator/skill/instruction bindings; preserve accepted omissions and corruption; no canonical-truth repair,catalog_complete;pure_common_compiler;neutral_backend,collection_unresolved_marker,NO_SCOPE_CHANGE_ASSUMED,cope_benchmark/repeated_v2/task_catalog.py:211,research/repeated_v2_formal_readiness_20260906/CURRENT_PREFLIGHT.txt,78da922e4dbd1411f1aa91846b88fc5d621be4856faf76cd87ca864eeeb0348c
GAP-0062,0,LIVING_ROOM_SCENE2_put_both_the_alphabet_soup_and_the_tomato_sauce_in_the_basket,task 0: unresolved replaceable_goal_families,replaceable_goal_families,,,Replaceable family map absent and unresolved,PER_TASK,T00:replaceable_goal_families,T00:replaceable_goal_families,G-MEASUREMENT;G-SCOPE,SOURCE_GROUNDED_AUTHORING_THEN_VERIFY,Explicit family IDs already present in initial goals; supported replacement/retirement/reissue semantics,catalog_complete;goal_lifecycle_semantics,collection_unresolved_marker,DEPENDS_ON_REQUIRED_REPLACEMENT_VARIANTS,cope_benchmark/repeated_v2/task_catalog.py:211,research/repeated_v2_formal_readiness_20260906/CURRENT_PREFLIGHT.txt,78da922e4dbd1411f1aa91846b88fc5d621be4856faf76cd87ca864eeeb0348c
GAP-0063,0,LIVING_ROOM_SCENE2_put_both_the_alphabet_soup_and_the_tomato_sauce_in_the_basket,task 0: unresolved safe_event_injection_poses,safe_event_injections,,,Empty safe-event intervention collection,PER_TASK,T00:safe_event_injections,T00:safe_event_injections:TARGET_OBJECT_DISPLACED;T00:safe_event_injections:GOAL_RECEPTACLE_OR_GROUNDING_CHANGED;T00:safe_event_injections:TEMPORARY_NO_GO_APPEARS;T00:safe_event_injections:TEMPORARY_NO_GO_CLEARS;T00:safe_event_injections:TOOL_OR_TARGET_TEMPORARILY_UNAVAILABLE;T00:safe_event_injections:TOOL_OR_TARGET_AVAILABLE_AGAIN,G-MEASUREMENT;G-SCOPE,AUTHOR_AND_MEASURE,"Alias-bound entity, explicit safe pose or region, hashed evidence; held-object rules and unaffected progress checked",catalog_complete;physical_intervention_safety,collection_unresolved_marker,PER_TASK_ALL_TEN_IMPLEMENTATION_CONFLICT,cope_benchmark/repeated_v2/task_catalog.py:211,research/repeated_v2_formal_readiness_20260906/CURRENT_PREFLIGHT.txt,78da922e4dbd1411f1aa91846b88fc5d621be4856faf76cd87ca864eeeb0348c
GAP-0064,0,LIVING_ROOM_SCENE2_put_both_the_alphabet_soup_and_the_tomato_sauce_in_the_basket,task 0: unresolved semantic_triggers,semantic_triggers,,,Empty semantic_triggers collection,PER_TASK,T00:semantic_triggers,T00:semantic_triggers:TARGET_OBJECT_DISPLACED;T00:semantic_triggers:GOAL_RECEPTACLE_OR_GROUNDING_CHANGED;T00:semantic_triggers:TEMPORARY_NO_GO_APPEARS;T00:semantic_triggers:TEMPORARY_NO_GO_CLEARS;T00:semantic_triggers:USER_ADDS_PERSISTENT_PREFERENCE;T00:semantic_triggers:TOOL_OR_TARGET_TEMPORARILY_UNAVAILABLE;T00:semantic_triggers:TOOL_OR_TARGET_AVAILABLE_AGAIN;T00:semantic_triggers:USER_REPLACES_ACTIVE_GOAL;T00:semantic_triggers:USER_CANCELS_ACTIVE_GOAL;T00:semantic_triggers:USER_REISSUES_RETIRED_GOAL,G-MEASUREMENT;G-SCOPE,AUTHOR_AND_VERIFY,Task-grounded predicate and feasibility guard; earliest/latest steps and spacing>=10; actual monitor/observation provenance,catalog_complete;semantic_schedule;fresh_event_observation,collection_unresolved_marker,PER_TASK_ALL_TEN_IMPLEMENTATION_CONFLICT,cope_benchmark/repeated_v2/task_catalog.py:211,research/repeated_v2_formal_readiness_20260906/CURRENT_PREFLIGHT.txt,78da922e4dbd1411f1aa91846b88fc5d621be4856faf76cd87ca864eeeb0348c
GAP-0065,0,LIVING_ROOM_SCENE2_put_both_the_alphabet_soup_and_the_tomato_sauce_in_the_basket,task 0: unresolved soft_preference_templates,soft_preference_templates,,,Persistent preference templates absent and unresolved,PER_TASK,T00:soft_preference_templates,T00:soft_preference_templates,G-MEASUREMENT;G-RUNTIME,SOURCE_GROUNDED_AUTHORING_THEN_VERIFY,Task-valid public preference templates with persistence scope and separately sealed scoring semantics,catalog_complete;persistent_preference_event,collection_unresolved_marker,NO_SCOPE_CHANGE_ASSUMED,cope_benchmark/repeated_v2/task_catalog.py:211,research/repeated_v2_formal_readiness_20260906/CURRENT_PREFLIGHT.txt,78da922e4dbd1411f1aa91846b88fc5d621be4856faf76cd87ca864eeeb0348c
GAP-0066,0,LIVING_ROOM_SCENE2_put_both_the_alphabet_soup_and_the_tomato_sauce_in_the_basket,task 0: unresolved structural_checks,structural_and_milestones,,,No structural/milestone evidence dossier; BDDL predicates are candidates only,PER_TASK,T00:structural_and_milestones,T00:structural_and_milestones,G-MEASUREMENT,AUTHOR_AND_MEASURE_NO_AUTOFILL,"Four structural decisions with evidence_refs; >=2 distinct independently verifiable milestones, >=1 preservable; task5 needs a valid second milestone or documented ineligibility",catalog_complete;structural_task_eligibility;progress_preservation,collection_unresolved_marker,NO_SCOPE_CHANGE_ASSUMED,cope_benchmark/repeated_v2/task_catalog.py:211,research/repeated_v2_formal_readiness_20260906/CURRENT_PREFLIGHT.txt,78da922e4dbd1411f1aa91846b88fc5d621be4856faf76cd87ca864eeeb0348c
GAP-0067,0,LIVING_ROOM_SCENE2_put_both_the_alphabet_soup_and_the_tomato_sauce_in_the_basket,task 0: unresolved supported_event_families,supported_event_families,,,No task support declaration; validator demands all ten per task,PER_TASK,T00:supported_event_families,T00:supported_event_families,G-SCOPE;G-MEASUREMENT,REQUIRES_SCOPE_DECISION_AND_EVIDENCE,Actual task-specific supported/unsupported family map; explicit review of all-ten validator conflict; never copy global library as support evidence,catalog_complete;task_eligibility;schedule_support,collection_unresolved_marker,PER_TASK_ALL_TEN_IMPLEMENTATION_CONFLICT,cope_benchmark/repeated_v2/task_catalog.py:211,research/repeated_v2_formal_readiness_20260906/CURRENT_PREFLIGHT.txt,78da922e4dbd1411f1aa91846b88fc5d621be4856faf76cd87ca864eeeb0348c
GAP-0068,0,LIVING_ROOM_SCENE2_put_both_the_alphabet_soup_and_the_tomato_sauce_in_the_basket,task 0: unverified event feasibility GOAL_RECEPTACLE_OR_GROUNDING_CHANGED,event_feasibility,GOAL_RECEPTACLE_OR_GROUNDING_CHANGED,,Empty event_feasibility collection,PER_TASK,T00:event_feasibility,T00:event_feasibility:GOAL_RECEPTACLE_OR_GROUNDING_CHANGED,G-MEASUREMENT;G-SCOPE,MEASURE_OR_RECOVER_AUTHENTIC_EVIDENCE,"Explicit passed true/false, evidence_refs and covered_state_ids0..4 for each applicable task/family under current code; real simulator/safety evidence",catalog_complete;event_feasibility;task_eligibility,primary_absent_family_certificate,PER_TASK_ALL_TEN_IMPLEMENTATION_CONFLICT,cope_benchmark/repeated_v2/task_catalog.py:255,research/repeated_v2_formal_readiness_20260906/CURRENT_PREFLIGHT.txt,78da922e4dbd1411f1aa91846b88fc5d621be4856faf76cd87ca864eeeb0348c
GAP-0069,0,LIVING_ROOM_SCENE2_put_both_the_alphabet_soup_and_the_tomato_sauce_in_the_basket,task 0: unverified event feasibility TARGET_OBJECT_DISPLACED,event_feasibility,TARGET_OBJECT_DISPLACED,,Empty event_feasibility collection,PER_TASK,T00:event_feasibility,T00:event_feasibility:TARGET_OBJECT_DISPLACED,G-MEASUREMENT;G-SCOPE,MEASURE_OR_RECOVER_AUTHENTIC_EVIDENCE,"Explicit passed true/false, evidence_refs and covered_state_ids0..4 for each applicable task/family under current code; real simulator/safety evidence",catalog_complete;event_feasibility;task_eligibility,primary_absent_family_certificate,PER_TASK_ALL_TEN_IMPLEMENTATION_CONFLICT,cope_benchmark/repeated_v2/task_catalog.py:255,research/repeated_v2_formal_readiness_20260906/CURRENT_PREFLIGHT.txt,78da922e4dbd1411f1aa91846b88fc5d621be4856faf76cd87ca864eeeb0348c
GAP-0070,0,LIVING_ROOM_SCENE2_put_both_the_alphabet_soup_and_the_tomato_sauce_in_the_basket,task 0: unverified event feasibility TEMPORARY_NO_GO_APPEARS,event_feasibility,TEMPORARY_NO_GO_APPEARS,,Empty event_feasibility collection,PER_TASK,T00:event_feasibility,T00:event_feasibility:TEMPORARY_NO_GO_APPEARS,G-MEASUREMENT;G-SCOPE,MEASURE_OR_RECOVER_AUTHENTIC_EVIDENCE,"Explicit passed true/false, evidence_refs and covered_state_ids0..4 for each applicable task/family under current code; real simulator/safety evidence",catalog_complete;event_feasibility;task_eligibility,primary_absent_family_certificate,PER_TASK_ALL_TEN_IMPLEMENTATION_CONFLICT,cope_benchmark/repeated_v2/task_catalog.py:255,research/repeated_v2_formal_readiness_20260906/CURRENT_PREFLIGHT.txt,78da922e4dbd1411f1aa91846b88fc5d621be4856faf76cd87ca864eeeb0348c
GAP-0071,0,LIVING_ROOM_SCENE2_put_both_the_alphabet_soup_and_the_tomato_sauce_in_the_basket,task 0: unverified event feasibility TEMPORARY_NO_GO_CLEARS,event_feasibility,TEMPORARY_NO_GO_CLEARS,,Empty event_feasibility collection,PER_TASK,T00:event_feasibility,T00:event_feasibility:TEMPORARY_NO_GO_CLEARS,G-MEASUREMENT;G-SCOPE,MEASURE_OR_RECOVER_AUTHENTIC_EVIDENCE,"Explicit passed true/false, evidence_refs and covered_state_ids0..4 for each applicable task/family under current code; real simulator/safety evidence",catalog_complete;event_feasibility;task_eligibility,primary_absent_family_certificate,PER_TASK_ALL_TEN_IMPLEMENTATION_CONFLICT,cope_benchmark/repeated_v2/task_catalog.py:255,research/repeated_v2_formal_readiness_20260906/CURRENT_PREFLIGHT.txt,78da922e4dbd1411f1aa91846b88fc5d621be4856faf76cd87ca864eeeb0348c
GAP-0072,0,LIVING_ROOM_SCENE2_put_both_the_alphabet_soup_and_the_tomato_sauce_in_the_basket,task 0: unverified event feasibility TOOL_OR_TARGET_AVAILABLE_AGAIN,event_feasibility,TOOL_OR_TARGET_AVAILABLE_AGAIN,,Empty event_feasibility collection,PER_TASK,T00:event_feasibility,T00:event_feasibility:TOOL_OR_TARGET_AVAILABLE_AGAIN,G-MEASUREMENT;G-SCOPE,MEASURE_OR_RECOVER_AUTHENTIC_EVIDENCE,"Explicit passed true/false, evidence_refs and covered_state_ids0..4 for each applicable task/family under current code; real simulator/safety evidence",catalog_complete;event_feasibility;task_eligibility,primary_absent_family_certificate,PER_TASK_ALL_TEN_IMPLEMENTATION_CONFLICT,cope_benchmark/repeated_v2/task_catalog.py:255,research/repeated_v2_formal_readiness_20260906/CURRENT_PREFLIGHT.txt,78da922e4dbd1411f1aa91846b88fc5d621be4856faf76cd87ca864eeeb0348c
GAP-0073,0,LIVING_ROOM_SCENE2_put_both_the_alphabet_soup_and_the_tomato_sauce_in_the_basket,task 0: unverified event feasibility TOOL_OR_TARGET_TEMPORARILY_UNAVAILABLE,event_feasibility,TOOL_OR_TARGET_TEMPORARILY_UNAVAILABLE,,Empty event_feasibility collection,PER_TASK,T00:event_feasibility,T00:event_feasibility:TOOL_OR_TARGET_TEMPORARILY_UNAVAILABLE,G-MEASUREMENT;G-SCOPE,MEASURE_OR_RECOVER_AUTHENTIC_EVIDENCE,"Explicit passed true/false, evidence_refs and covered_state_ids0..4 for each applicable task/family under current code; real simulator/safety evidence",catalog_complete;event_feasibility;task_eligibility,primary_absent_family_certificate,PER_TASK_ALL_TEN_IMPLEMENTATION_CONFLICT,cope_benchmark/repeated_v2/task_catalog.py:255,research/repeated_v2_formal_readiness_20260906/CURRENT_PREFLIGHT.txt,78da922e4dbd1411f1aa91846b88fc5d621be4856faf76cd87ca864eeeb0348c
GAP-0074,0,LIVING_ROOM_SCENE2_put_both_the_alphabet_soup_and_the_tomato_sauce_in_the_basket,task 0: unverified event feasibility USER_ADDS_PERSISTENT_PREFERENCE,event_feasibility,USER_ADDS_PERSISTENT_PREFERENCE,,Empty event_feasibility collection,PER_TASK,T00:event_feasibility,T00:event_feasibility:USER_ADDS_PERSISTENT_PREFERENCE,G-MEASUREMENT;G-SCOPE,MEASURE_OR_RECOVER_AUTHENTIC_EVIDENCE,"Explicit passed true/false, evidence_refs and covered_state_ids0..4 for each applicable task/family under current code; real simulator/safety evidence",catalog_complete;event_feasibility;task_eligibility,primary_absent_family_certificate,PER_TASK_ALL_TEN_IMPLEMENTATION_CONFLICT,cope_benchmark/repeated_v2/task_catalog.py:255,research/repeated_v2_formal_readiness_20260906/CURRENT_PREFLIGHT.txt,78da922e4dbd1411f1aa91846b88fc5d621be4856faf76cd87ca864eeeb0348c
GAP-0075,0,LIVING_ROOM_SCENE2_put_both_the_alphabet_soup_and_the_tomato_sauce_in_the_basket,task 0: unverified event feasibility USER_CANCELS_ACTIVE_GOAL,event_feasibility,USER_CANCELS_ACTIVE_GOAL,,Empty event_feasibility collection,PER_TASK,T00:event_feasibility,T00:event_feasibility:USER_CANCELS_ACTIVE_GOAL,G-MEASUREMENT;G-SCOPE,MEASURE_OR_RECOVER_AUTHENTIC_EVIDENCE,"Explicit passed true/false, evidence_refs and covered_state_ids0..4 for each applicable task/family under current code; real simulator/safety evidence",catalog_complete;event_feasibility;task_eligibility,primary_absent_family_certificate,PER_TASK_ALL_TEN_IMPLEMENTATION_CONFLICT,cope_benchmark/repeated_v2/task_catalog.py:255,research/repeated_v2_formal_readiness_20260906/CURRENT_PREFLIGHT.txt,78da922e4dbd1411f1aa91846b88fc5d621be4856faf76cd87ca864eeeb0348c
GAP-0076,0,LIVING_ROOM_SCENE2_put_both_the_alphabet_soup_and_the_tomato_sauce_in_the_basket,task 0: unverified event feasibility USER_REISSUES_RETIRED_GOAL,event_feasibility,USER_REISSUES_RETIRED_GOAL,,Empty event_feasibility collection,PER_TASK,T00:event_feasibility,T00:event_feasibility:USER_REISSUES_RETIRED_GOAL,G-MEASUREMENT;G-SCOPE,MEASURE_OR_RECOVER_AUTHENTIC_EVIDENCE,"Explicit passed true/false, evidence_refs and covered_state_ids0..4 for each applicable task/family under current code; real simulator/safety evidence",catalog_complete;event_feasibility;task_eligibility,primary_absent_family_certificate,PER_TASK_ALL_TEN_IMPLEMENTATION_CONFLICT,cope_benchmark/repeated_v2/task_catalog.py:255,research/repeated_v2_formal_readiness_20260906/CURRENT_PREFLIGHT.txt,78da922e4dbd1411f1aa91846b88fc5d621be4856faf76cd87ca864eeeb0348c
GAP-0077,0,LIVING_ROOM_SCENE2_put_both_the_alphabet_soup_and_the_tomato_sauce_in_the_basket,task 0: unverified event feasibility USER_REPLACES_ACTIVE_GOAL,event_feasibility,USER_REPLACES_ACTIVE_GOAL,,Empty event_feasibility collection,PER_TASK,T00:event_feasibility,T00:event_feasibility:USER_REPLACES_ACTIVE_GOAL,G-MEASUREMENT;G-SCOPE,MEASURE_OR_RECOVER_AUTHENTIC_EVIDENCE,"Explicit passed true/false, evidence_refs and covered_state_ids0..4 for each applicable task/family under current code; real simulator/safety evidence",catalog_complete;event_feasibility;task_eligibility,primary_absent_family_certificate,PER_TASK_ALL_TEN_IMPLEMENTATION_CONFLICT,cope_benchmark/repeated_v2/task_catalog.py:255,research/repeated_v2_formal_readiness_20260906/CURRENT_PREFLIGHT.txt,78da922e4dbd1411f1aa91846b88fc5d621be4856faf76cd87ca864eeeb0348c
GAP-0078,0,LIVING_ROOM_SCENE2_put_both_the_alphabet_soup_and_the_tomato_sauce_in_the_basket,task 0: unverified structural check completed_milestone_preservable,structural_and_milestones,,,No structural/milestone evidence dossier; BDDL predicates are candidates only,PER_TASK,T00:structural_and_milestones,T00:structural_and_milestones,G-MEASUREMENT,AUTHOR_AND_MEASURE_NO_AUTOFILL,"Four structural decisions with evidence_refs; >=2 distinct independently verifiable milestones, >=1 preservable; task5 needs a valid second milestone or documented ineligibility",catalog_complete;structural_task_eligibility;progress_preservation,structural_checks_share_task_dossier,NO_SCOPE_CHANGE_ASSUMED,cope_benchmark/repeated_v2/task_catalog.py:246,research/repeated_v2_formal_readiness_20260906/CURRENT_PREFLIGHT.txt,78da922e4dbd1411f1aa91846b88fc5d621be4856faf76cd87ca864eeeb0348c
GAP-0079,0,LIVING_ROOM_SCENE2_put_both_the_alphabet_soup_and_the_tomato_sauce_in_the_basket,task 0: unverified structural check cross_skill_requirement_or_persistent_preference,structural_and_milestones,,,No structural/milestone evidence dossier; BDDL predicates are candidates only,PER_TASK,T00:structural_and_milestones,T00:structural_and_milestones,G-MEASUREMENT,AUTHOR_AND_MEASURE_NO_AUTOFILL,"Four structural decisions with evidence_refs; >=2 distinct independently verifiable milestones, >=1 preservable; task5 needs a valid second milestone or documented ineligibility",catalog_complete;structural_task_eligibility;progress_preservation,structural_checks_share_task_dossier,NO_SCOPE_CHANGE_ASSUMED,cope_benchmark/repeated_v2/task_catalog.py:246,research/repeated_v2_formal_readiness_20260906/CURRENT_PREFLIGHT.txt,78da922e4dbd1411f1aa91846b88fc5d621be4856faf76cd87ca864eeeb0348c
GAP-0080,0,LIVING_ROOM_SCENE2_put_both_the_alphabet_soup_and_the_tomato_sauce_in_the_basket,task 0: unverified structural check safe_changeable_grounding,structural_and_milestones,,,No structural/milestone evidence dossier; BDDL predicates are candidates only,PER_TASK,T00:structural_and_milestones,T00:structural_and_milestones,G-MEASUREMENT,AUTHOR_AND_MEASURE_NO_AUTOFILL,"Four structural decisions with evidence_refs; >=2 distinct independently verifiable milestones, >=1 preservable; task5 needs a valid second milestone or documented ineligibility",catalog_complete;structural_task_eligibility;progress_preservation,structural_checks_share_task_dossier,NO_SCOPE_CHANGE_ASSUMED,cope_benchmark/repeated_v2/task_catalog.py:246,research/repeated_v2_formal_readiness_20260906/CURRENT_PREFLIGHT.txt,78da922e4dbd1411f1aa91846b88fc5d621be4856faf76cd87ca864eeeb0348c
GAP-0081,0,LIVING_ROOM_SCENE2_put_both_the_alphabet_soup_and_the_tomato_sauce_in_the_basket,task 0: unverified structural check two_independently_verifiable_milestones,structural_and_milestones,,,No structural/milestone evidence dossier; BDDL predicates are candidates only,PER_TASK,T00:structural_and_milestones,T00:structural_and_milestones,G-MEASUREMENT,AUTHOR_AND_MEASURE_NO_AUTOFILL,"Four structural decisions with evidence_refs; >=2 distinct independently verifiable milestones, >=1 preservable; task5 needs a valid second milestone or documented ineligibility",catalog_complete;structural_task_eligibility;progress_preservation,structural_checks_share_task_dossier,NO_SCOPE_CHANGE_ASSUMED,cope_benchmark/repeated_v2/task_catalog.py:246,research/repeated_v2_formal_readiness_20260906/CURRENT_PREFLIGHT.txt,78da922e4dbd1411f1aa91846b88fc5d621be4856faf76cd87ca864eeeb0348c
GAP-0082,1,LIVING_ROOM_SCENE2_put_both_the_cream_cheese_box_and_the_butter_in_the_basket,task 1: all ten event families require explicit support/feasibility,supported_event_families,,,No task support declaration; validator demands all ten per task,PER_TASK,T01:supported_event_families,T01:supported_event_families,G-SCOPE;G-MEASUREMENT,REQUIRES_SCOPE_DECISION_AND_EVIDENCE,Actual task-specific supported/unsupported family map; explicit review of all-ten validator conflict; never copy global library as support evidence,catalog_complete;task_eligibility;schedule_support,support_declaration_and_scope_check,PER_TASK_ALL_TEN_IMPLEMENTATION_CONFLICT,cope_benchmark/repeated_v2/task_catalog.py:253,research/repeated_v2_formal_readiness_20260906/CURRENT_PREFLIGHT.txt,78da922e4dbd1411f1aa91846b88fc5d621be4856faf76cd87ca864eeeb0348c
GAP-0083,1,LIVING_ROOM_SCENE2_put_both_the_cream_cheese_box_and_the_butter_in_the_basket,task 1: calibration must use one checkpoint_sha256,calibration_records,,,Zero authentic v2 calibration records; identity-cardinality errors are empty-set cascades,PER_TASK,T01:calibration_records,T01:calibration_records,G-POLICY;G-RUNTIME,MEASURE_OR_RECOVER_AUTHENTIC_EVIDENCE,"10 clean learned/nonprivileged outcomes per task: states0..4 x seeds101,131; horizon260; terminal outcome including failures; shared policy/checkpoint/protocol; unique raw trace hashes",catalog_complete;clean_policy_calibration;task_eligibility,empty_collection_consistency_cascade,NO_SCOPE_CHANGE_ASSUMED,cope_benchmark/repeated_v2/task_calibration.py:175,research/repeated_v2_formal_readiness_20260906/CURRENT_PREFLIGHT.txt,78da922e4dbd1411f1aa91846b88fc5d621be4856faf76cd87ca864eeeb0348c
GAP-0084,1,LIVING_ROOM_SCENE2_put_both_the_cream_cheese_box_and_the_butter_in_the_basket,task 1: calibration must use one policy_id,calibration_records,,,Zero authentic v2 calibration records; identity-cardinality errors are empty-set cascades,PER_TASK,T01:calibration_records,T01:calibration_records,G-POLICY;G-RUNTIME,MEASURE_OR_RECOVER_AUTHENTIC_EVIDENCE,"10 clean learned/nonprivileged outcomes per task: states0..4 x seeds101,131; horizon260; terminal outcome including failures; shared policy/checkpoint/protocol; unique raw trace hashes",catalog_complete;clean_policy_calibration;task_eligibility,empty_collection_consistency_cascade,NO_SCOPE_CHANGE_ASSUMED,cope_benchmark/repeated_v2/task_calibration.py:175,research/repeated_v2_formal_readiness_20260906/CURRENT_PREFLIGHT.txt,78da922e4dbd1411f1aa91846b88fc5d621be4856faf76cd87ca864eeeb0348c
GAP-0085,1,LIVING_ROOM_SCENE2_put_both_the_cream_cheese_box_and_the_butter_in_the_basket,task 1: calibration must use one protocol_sha256,calibration_records,,,Zero authentic v2 calibration records; identity-cardinality errors are empty-set cascades,PER_TASK,T01:calibration_records,T01:calibration_records,G-POLICY;G-RUNTIME,MEASURE_OR_RECOVER_AUTHENTIC_EVIDENCE,"10 clean learned/nonprivileged outcomes per task: states0..4 x seeds101,131; horizon260; terminal outcome including failures; shared policy/checkpoint/protocol; unique raw trace hashes",catalog_complete;clean_policy_calibration;task_eligibility,empty_collection_consistency_cascade,NO_SCOPE_CHANGE_ASSUMED,cope_benchmark/repeated_v2/task_calibration.py:175,research/repeated_v2_formal_readiness_20260906/CURRENT_PREFLIGHT.txt,78da922e4dbd1411f1aa91846b88fc5d621be4856faf76cd87ca864eeeb0348c
GAP-0086,1,LIVING_ROOM_SCENE2_put_both_the_cream_cheese_box_and_the_butter_in_the_basket,task 1: calibration must use one provenance_kind,calibration_records,,,Zero authentic v2 calibration records; identity-cardinality errors are empty-set cascades,PER_TASK,T01:calibration_records,T01:calibration_records,G-POLICY;G-RUNTIME,MEASURE_OR_RECOVER_AUTHENTIC_EVIDENCE,"10 clean learned/nonprivileged outcomes per task: states0..4 x seeds101,131; horizon260; terminal outcome including failures; shared policy/checkpoint/protocol; unique raw trace hashes",catalog_complete;clean_policy_calibration;task_eligibility,empty_collection_consistency_cascade,NO_SCOPE_CHANGE_ASSUMED,cope_benchmark/repeated_v2/task_calibration.py:175,research/repeated_v2_formal_readiness_20260906/CURRENT_PREFLIGHT.txt,78da922e4dbd1411f1aa91846b88fc5d621be4856faf76cd87ca864eeeb0348c
GAP-0087,1,LIVING_ROOM_SCENE2_put_both_the_cream_cheese_box_and_the_butter_in_the_basket,task 1: fewer than two independently verified distinct milestone predicates,structural_and_milestones,,,No structural/milestone evidence dossier; BDDL predicates are candidates only,PER_TASK,T01:structural_and_milestones,T01:structural_and_milestones,G-MEASUREMENT,AUTHOR_AND_MEASURE_NO_AUTOFILL,"Four structural decisions with evidence_refs; >=2 distinct independently verifiable milestones, >=1 preservable; task5 needs a valid second milestone or documented ineligibility",catalog_complete;structural_task_eligibility;progress_preservation,structural_checks_share_task_dossier,NO_SCOPE_CHANGE_ASSUMED,cope_benchmark/repeated_v2/task_catalog.py:238,research/repeated_v2_formal_readiness_20260906/CURRENT_PREFLIGHT.txt,78da922e4dbd1411f1aa91846b88fc5d621be4856faf76cd87ca864eeeb0348c
GAP-0088,1,LIVING_ROOM_SCENE2_put_both_the_cream_cheese_box_and_the_butter_in_the_basket,"task 1: incomplete calibration grid: expected 10 cells, missing [(0, 101), (0, 131), (1, 101), (1, 131), (2, 101), (2, 131), (3, 101), (3, 131), (4, 101), (4, 131)], unexpected []",calibration_records,,,Zero authentic v2 calibration records; identity-cardinality errors are empty-set cascades,PER_TASK,T01:calibration_records,T01:calibration_records,G-POLICY;G-RUNTIME,MEASURE_OR_RECOVER_AUTHENTIC_EVIDENCE,"10 clean learned/nonprivileged outcomes per task: states0..4 x seeds101,131; horizon260; terminal outcome including failures; shared policy/checkpoint/protocol; unique raw trace hashes",catalog_complete;clean_policy_calibration;task_eligibility,primary_absent_grid,NO_SCOPE_CHANGE_ASSUMED,cope_benchmark/repeated_v2/task_calibration.py:173,research/repeated_v2_formal_readiness_20260906/CURRENT_PREFLIGHT.txt,78da922e4dbd1411f1aa91846b88fc5d621be4856faf76cd87ca864eeeb0348c
GAP-0089,1,LIVING_ROOM_SCENE2_put_both_the_cream_cheese_box_and_the_butter_in_the_basket,"task 1: invalid semantic trigger GOAL_RECEPTACLE_OR_GROUNDING_CHANGED: BLOCKED_TASK_CATALOG_GAP: missing trigger fields ['earliest_policy_step', 'latest_policy_step', 'min_steps_since_previous_event', 'physical_feasibility_guard', 'predicate']",semantic_triggers,GOAL_RECEPTACLE_OR_GROUNDING_CHANGED,,Empty semantic_triggers collection,PER_TASK,T01:semantic_triggers,T01:semantic_triggers:GOAL_RECEPTACLE_OR_GROUNDING_CHANGED,G-MEASUREMENT;G-SCOPE,AUTHOR_AND_VERIFY,Task-grounded predicate and feasibility guard; earliest/latest steps and spacing>=10; actual monitor/observation provenance,catalog_complete;semantic_schedule;fresh_event_observation,primary_absent_trigger,PER_TASK_ALL_TEN_IMPLEMENTATION_CONFLICT,cope_benchmark/repeated_v2/task_catalog.py:259,research/repeated_v2_formal_readiness_20260906/CURRENT_PREFLIGHT.txt,78da922e4dbd1411f1aa91846b88fc5d621be4856faf76cd87ca864eeeb0348c
GAP-0090,1,LIVING_ROOM_SCENE2_put_both_the_cream_cheese_box_and_the_butter_in_the_basket,"task 1: invalid semantic trigger TARGET_OBJECT_DISPLACED: BLOCKED_TASK_CATALOG_GAP: missing trigger fields ['earliest_policy_step', 'latest_policy_step', 'min_steps_since_previous_event', 'physical_feasibility_guard', 'predicate']",semantic_triggers,TARGET_OBJECT_DISPLACED,,Empty semantic_triggers collection,PER_TASK,T01:semantic_triggers,T01:semantic_triggers:TARGET_OBJECT_DISPLACED,G-MEASUREMENT;G-SCOPE,AUTHOR_AND_VERIFY,Task-grounded predicate and feasibility guard; earliest/latest steps and spacing>=10; actual monitor/observation provenance,catalog_complete;semantic_schedule;fresh_event_observation,primary_absent_trigger,PER_TASK_ALL_TEN_IMPLEMENTATION_CONFLICT,cope_benchmark/repeated_v2/task_catalog.py:259,research/repeated_v2_formal_readiness_20260906/CURRENT_PREFLIGHT.txt,78da922e4dbd1411f1aa91846b88fc5d621be4856faf76cd87ca864eeeb0348c
GAP-0091,1,LIVING_ROOM_SCENE2_put_both_the_cream_cheese_box_and_the_butter_in_the_basket,"task 1: invalid semantic trigger TEMPORARY_NO_GO_APPEARS: BLOCKED_TASK_CATALOG_GAP: missing trigger fields ['earliest_policy_step', 'latest_policy_step', 'min_steps_since_previous_event', 'physical_feasibility_guard', 'predicate']",semantic_triggers,TEMPORARY_NO_GO_APPEARS,,Empty semantic_triggers collection,PER_TASK,T01:semantic_triggers,T01:semantic_triggers:TEMPORARY_NO_GO_APPEARS,G-MEASUREMENT;G-SCOPE,AUTHOR_AND_VERIFY,Task-grounded predicate and feasibility guard; earliest/latest steps and spacing>=10; actual monitor/observation provenance,catalog_complete;semantic_schedule;fresh_event_observation,primary_absent_trigger,PER_TASK_ALL_TEN_IMPLEMENTATION_CONFLICT,cope_benchmark/repeated_v2/task_catalog.py:259,research/repeated_v2_formal_readiness_20260906/CURRENT_PREFLIGHT.txt,78da922e4dbd1411f1aa91846b88fc5d621be4856faf76cd87ca864eeeb0348c
GAP-0092,1,LIVING_ROOM_SCENE2_put_both_the_cream_cheese_box_and_the_butter_in_the_basket,"task 1: invalid semantic trigger TEMPORARY_NO_GO_CLEARS: BLOCKED_TASK_CATALOG_GAP: missing trigger fields ['earliest_policy_step', 'latest_policy_step', 'min_steps_since_previous_event', 'physical_feasibility_guard', 'predicate']",semantic_triggers,TEMPORARY_NO_GO_CLEARS,,Empty semantic_triggers collection,PER_TASK,T01:semantic_triggers,T01:semantic_triggers:TEMPORARY_NO_GO_CLEARS,G-MEASUREMENT;G-SCOPE,AUTHOR_AND_VERIFY,Task-grounded predicate and feasibility guard; earliest/latest steps and spacing>=10; actual monitor/observation provenance,catalog_complete;semantic_schedule;fresh_event_observation,primary_absent_trigger,PER_TASK_ALL_TEN_IMPLEMENTATION_CONFLICT,cope_benchmark/repeated_v2/task_catalog.py:259,research/repeated_v2_formal_readiness_20260906/CURRENT_PREFLIGHT.txt,78da922e4dbd1411f1aa91846b88fc5d621be4856faf76cd87ca864eeeb0348c
GAP-0093,1,LIVING_ROOM_SCENE2_put_both_the_cream_cheese_box_and_the_butter_in_the_basket,"task 1: invalid semantic trigger TOOL_OR_TARGET_AVAILABLE_AGAIN: BLOCKED_TASK_CATALOG_GAP: missing trigger fields ['earliest_policy_step', 'latest_policy_step', 'min_steps_since_previous_event', 'physical_feasibility_guard', 'predicate']",semantic_triggers,TOOL_OR_TARGET_AVAILABLE_AGAIN,,Empty semantic_triggers collection,PER_TASK,T01:semantic_triggers,T01:semantic_triggers:TOOL_OR_TARGET_AVAILABLE_AGAIN,G-MEASUREMENT;G-SCOPE,AUTHOR_AND_VERIFY,Task-grounded predicate and feasibility guard; earliest/latest steps and spacing>=10; actual monitor/observation provenance,catalog_complete;semantic_schedule;fresh_event_observation,primary_absent_trigger,PER_TASK_ALL_TEN_IMPLEMENTATION_CONFLICT,cope_benchmark/repeated_v2/task_catalog.py:259,research/repeated_v2_formal_readiness_20260906/CURRENT_PREFLIGHT.txt,78da922e4dbd1411f1aa91846b88fc5d621be4856faf76cd87ca864eeeb0348c
GAP-0094,1,LIVING_ROOM_SCENE2_put_both_the_cream_cheese_box_and_the_butter_in_the_basket,"task 1: invalid semantic trigger TOOL_OR_TARGET_TEMPORARILY_UNAVAILABLE: BLOCKED_TASK_CATALOG_GAP: missing trigger fields ['earliest_policy_step', 'latest_policy_step', 'min_steps_since_previous_event', 'physical_feasibility_guard', 'predicate']",semantic_triggers,TOOL_OR_TARGET_TEMPORARILY_UNAVAILABLE,,Empty semantic_triggers collection,PER_TASK,T01:semantic_triggers,T01:semantic_triggers:TOOL_OR_TARGET_TEMPORARILY_UNAVAILABLE,G-MEASUREMENT;G-SCOPE,AUTHOR_AND_VERIFY,Task-grounded predicate and feasibility guard; earliest/latest steps and spacing>=10; actual monitor/observation provenance,catalog_complete;semantic_schedule;fresh_event_observation,primary_absent_trigger,PER_TASK_ALL_TEN_IMPLEMENTATION_CONFLICT,cope_benchmark/repeated_v2/task_catalog.py:259,research/repeated_v2_formal_readiness_20260906/CURRENT_PREFLIGHT.txt,78da922e4dbd1411f1aa91846b88fc5d621be4856faf76cd87ca864eeeb0348c
GAP-0095,1,LIVING_ROOM_SCENE2_put_both_the_cream_cheese_box_and_the_butter_in_the_basket,"task 1: invalid semantic trigger USER_ADDS_PERSISTENT_PREFERENCE: BLOCKED_TASK_CATALOG_GAP: missing trigger fields ['earliest_policy_step', 'latest_policy_step', 'min_steps_since_previous_event', 'physical_feasibility_guard', 'predicate']",semantic_triggers,USER_ADDS_PERSISTENT_PREFERENCE,,Empty semantic_triggers collection,PER_TASK,T01:semantic_triggers,T01:semantic_triggers:USER_ADDS_PERSISTENT_PREFERENCE,G-MEASUREMENT;G-SCOPE,AUTHOR_AND_VERIFY,Task-grounded predicate and feasibility guard; earliest/latest steps and spacing>=10; actual monitor/observation provenance,catalog_complete;semantic_schedule;fresh_event_observation,primary_absent_trigger,PER_TASK_ALL_TEN_IMPLEMENTATION_CONFLICT,cope_benchmark/repeated_v2/task_catalog.py:259,research/repeated_v2_formal_readiness_20260906/CURRENT_PREFLIGHT.txt,78da922e4dbd1411f1aa91846b88fc5d621be4856faf76cd87ca864eeeb0348c
GAP-0096,1,LIVING_ROOM_SCENE2_put_both_the_cream_cheese_box_and_the_butter_in_the_basket,"task 1: invalid semantic trigger USER_CANCELS_ACTIVE_GOAL: BLOCKED_TASK_CATALOG_GAP: missing trigger fields ['earliest_policy_step', 'latest_policy_step', 'min_steps_since_previous_event', 'physical_feasibility_guard', 'predicate']",semantic_triggers,USER_CANCELS_ACTIVE_GOAL,,Empty semantic_triggers collection,PER_TASK,T01:semantic_triggers,T01:semantic_triggers:USER_CANCELS_ACTIVE_GOAL,G-MEASUREMENT;G-SCOPE,AUTHOR_AND_VERIFY,Task-grounded predicate and feasibility guard; earliest/latest steps and spacing>=10; actual monitor/observation provenance,catalog_complete;semantic_schedule;fresh_event_observation,primary_absent_trigger,PER_TASK_ALL_TEN_IMPLEMENTATION_CONFLICT,cope_benchmark/repeated_v2/task_catalog.py:259,research/repeated_v2_formal_readiness_20260906/CURRENT_PREFLIGHT.txt,78da922e4dbd1411f1aa91846b88fc5d621be4856faf76cd87ca864eeeb0348c
GAP-0097,1,LIVING_ROOM_SCENE2_put_both_the_cream_cheese_box_and_the_butter_in_the_basket,"task 1: invalid semantic trigger USER_REISSUES_RETIRED_GOAL: BLOCKED_TASK_CATALOG_GAP: missing trigger fields ['earliest_policy_step', 'latest_policy_step', 'min_steps_since_previous_event', 'physical_feasibility_guard', 'predicate']",semantic_triggers,USER_REISSUES_RETIRED_GOAL,,Empty semantic_triggers collection,PER_TASK,T01:semantic_triggers,T01:semantic_triggers:USER_REISSUES_RETIRED_GOAL,G-MEASUREMENT;G-SCOPE,AUTHOR_AND_VERIFY,Task-grounded predicate and feasibility guard; earliest/latest steps and spacing>=10; actual monitor/observation provenance,catalog_complete;semantic_schedule;fresh_event_observation,primary_absent_trigger,PER_TASK_ALL_TEN_IMPLEMENTATION_CONFLICT,cope_benchmark/repeated_v2/task_catalog.py:259,research/repeated_v2_formal_readiness_20260906/CURRENT_PREFLIGHT.txt,78da922e4dbd1411f1aa91846b88fc5d621be4856faf76cd87ca864eeeb0348c
GAP-0098,1,LIVING_ROOM_SCENE2_put_both_the_cream_cheese_box_and_the_butter_in_the_basket,"task 1: invalid semantic trigger USER_REPLACES_ACTIVE_GOAL: BLOCKED_TASK_CATALOG_GAP: missing trigger fields ['earliest_policy_step', 'latest_policy_step', 'min_steps_since_previous_event', 'physical_feasibility_guard', 'predicate']",semantic_triggers,USER_REPLACES_ACTIVE_GOAL,,Empty semantic_triggers collection,PER_TASK,T01:semantic_triggers,T01:semantic_triggers:USER_REPLACES_ACTIVE_GOAL,G-MEASUREMENT;G-SCOPE,AUTHOR_AND_VERIFY,Task-grounded predicate and feasibility guard; earliest/latest steps and spacing>=10; actual monitor/observation provenance,catalog_complete;semantic_schedule;fresh_event_observation,primary_absent_trigger,PER_TASK_ALL_TEN_IMPLEMENTATION_CONFLICT,cope_benchmark/repeated_v2/task_catalog.py:259,research/repeated_v2_formal_readiness_20260906/CURRENT_PREFLIGHT.txt,78da922e4dbd1411f1aa91846b88fc5d621be4856faf76cd87ca864eeeb0348c
GAP-0099,1,LIVING_ROOM_SCENE2_put_both_the_cream_cheese_box_and_the_butter_in_the_basket,task 1: invalid semantic trigger window GOAL_RECEPTACLE_OR_GROUNDING_CHANGED,semantic_triggers,GOAL_RECEPTACLE_OR_GROUNDING_CHANGED,,Empty semantic_triggers collection,PER_TASK,T01:semantic_triggers,T01:semantic_triggers:GOAL_RECEPTACLE_OR_GROUNDING_CHANGED,G-MEASUREMENT;G-SCOPE,AUTHOR_AND_VERIFY,Task-grounded predicate and feasibility guard; earliest/latest steps and spacing>=10; actual monitor/observation provenance,catalog_complete;semantic_schedule;fresh_event_observation,same_absent_trigger_window_cascade,PER_TASK_ALL_TEN_IMPLEMENTATION_CONFLICT,cope_benchmark/repeated_v2/task_catalog.py:266,research/repeated_v2_formal_readiness_20260906/CURRENT_PREFLIGHT.txt,78da922e4dbd1411f1aa91846b88fc5d621be4856faf76cd87ca864eeeb0348c
GAP-0100,1,LIVING_ROOM_SCENE2_put_both_the_cream_cheese_box_and_the_butter_in_the_basket,task 1: invalid semantic trigger window TARGET_OBJECT_DISPLACED,semantic_triggers,TARGET_OBJECT_DISPLACED,,Empty semantic_triggers collection,PER_TASK,T01:semantic_triggers,T01:semantic_triggers:TARGET_OBJECT_DISPLACED,G-MEASUREMENT;G-SCOPE,AUTHOR_AND_VERIFY,Task-grounded predicate and feasibility guard; earliest/latest steps and spacing>=10; actual monitor/observation provenance,catalog_complete;semantic_schedule;fresh_event_observation,same_absent_trigger_window_cascade,PER_TASK_ALL_TEN_IMPLEMENTATION_CONFLICT,cope_benchmark/repeated_v2/task_catalog.py:266,research/repeated_v2_formal_readiness_20260906/CURRENT_PREFLIGHT.txt,78da922e4dbd1411f1aa91846b88fc5d621be4856faf76cd87ca864eeeb0348c
GAP-0101,1,LIVING_ROOM_SCENE2_put_both_the_cream_cheese_box_and_the_butter_in_the_basket,task 1: invalid semantic trigger window TEMPORARY_NO_GO_APPEARS,semantic_triggers,TEMPORARY_NO_GO_APPEARS,,Empty semantic_triggers collection,PER_TASK,T01:semantic_triggers,T01:semantic_triggers:TEMPORARY_NO_GO_APPEARS,G-MEASUREMENT;G-SCOPE,AUTHOR_AND_VERIFY,Task-grounded predicate and feasibility guard; earliest/latest steps and spacing>=10; actual monitor/observation provenance,catalog_complete;semantic_schedule;fresh_event_observation,same_absent_trigger_window_cascade,PER_TASK_ALL_TEN_IMPLEMENTATION_CONFLICT,cope_benchmark/repeated_v2/task_catalog.py:266,research/repeated_v2_formal_readiness_20260906/CURRENT_PREFLIGHT.txt,78da922e4dbd1411f1aa91846b88fc5d621be4856faf76cd87ca864eeeb0348c
GAP-0102,1,LIVING_ROOM_SCENE2_put_both_the_cream_cheese_box_and_the_butter_in_the_basket,task 1: invalid semantic trigger window TEMPORARY_NO_GO_CLEARS,semantic_triggers,TEMPORARY_NO_GO_CLEARS,,Empty semantic_triggers collection,PER_TASK,T01:semantic_triggers,T01:semantic_triggers:TEMPORARY_NO_GO_CLEARS,G-MEASUREMENT;G-SCOPE,AUTHOR_AND_VERIFY,Task-grounded predicate and feasibility guard; earliest/latest steps and spacing>=10; actual monitor/observation provenance,catalog_complete;semantic_schedule;fresh_event_observation,same_absent_trigger_window_cascade,PER_TASK_ALL_TEN_IMPLEMENTATION_CONFLICT,cope_benchmark/repeated_v2/task_catalog.py:266,research/repeated_v2_formal_readiness_20260906/CURRENT_PREFLIGHT.txt,78da922e4dbd1411f1aa91846b88fc5d621be4856faf76cd87ca864eeeb0348c
GAP-0103,1,LIVING_ROOM_SCENE2_put_both_the_cream_cheese_box_and_the_butter_in_the_basket,task 1: invalid semantic trigger window TOOL_OR_TARGET_AVAILABLE_AGAIN,semantic_triggers,TOOL_OR_TARGET_AVAILABLE_AGAIN,,Empty semantic_triggers collection,PER_TASK,T01:semantic_triggers,T01:semantic_triggers:TOOL_OR_TARGET_AVAILABLE_AGAIN,G-MEASUREMENT;G-SCOPE,AUTHOR_AND_VERIFY,Task-grounded predicate and feasibility guard; earliest/latest steps and spacing>=10; actual monitor/observation provenance,catalog_complete;semantic_schedule;fresh_event_observation,same_absent_trigger_window_cascade,PER_TASK_ALL_TEN_IMPLEMENTATION_CONFLICT,cope_benchmark/repeated_v2/task_catalog.py:266,research/repeated_v2_formal_readiness_20260906/CURRENT_PREFLIGHT.txt,78da922e4dbd1411f1aa91846b88fc5d621be4856faf76cd87ca864eeeb0348c
GAP-0104,1,LIVING_ROOM_SCENE2_put_both_the_cream_cheese_box_and_the_butter_in_the_basket,task 1: invalid semantic trigger window TOOL_OR_TARGET_TEMPORARILY_UNAVAILABLE,semantic_triggers,TOOL_OR_TARGET_TEMPORARILY_UNAVAILABLE,,Empty semantic_triggers collection,PER_TASK,T01:semantic_triggers,T01:semantic_triggers:TOOL_OR_TARGET_TEMPORARILY_UNAVAILABLE,G-MEASUREMENT;G-SCOPE,AUTHOR_AND_VERIFY,Task-grounded predicate and feasibility guard; earliest/latest steps and spacing>=10; actual monitor/observation provenance,catalog_complete;semantic_schedule;fresh_event_observation,same_absent_trigger_window_cascade,PER_TASK_ALL_TEN_IMPLEMENTATION_CONFLICT,cope_benchmark/repeated_v2/task_catalog.py:266,research/repeated_v2_formal_readiness_20260906/CURRENT_PREFLIGHT.txt,78da922e4dbd1411f1aa91846b88fc5d621be4856faf76cd87ca864eeeb0348c
GAP-0105,1,LIVING_ROOM_SCENE2_put_both_the_cream_cheese_box_and_the_butter_in_the_basket,task 1: invalid semantic trigger window USER_ADDS_PERSISTENT_PREFERENCE,semantic_triggers,USER_ADDS_PERSISTENT_PREFERENCE,,Empty semantic_triggers collection,PER_TASK,T01:semantic_triggers,T01:semantic_triggers:USER_ADDS_PERSISTENT_PREFERENCE,G-MEASUREMENT;G-SCOPE,AUTHOR_AND_VERIFY,Task-grounded predicate and feasibility guard; earliest/latest steps and spacing>=10; actual monitor/observation provenance,catalog_complete;semantic_schedule;fresh_event_observation,same_absent_trigger_window_cascade,PER_TASK_ALL_TEN_IMPLEMENTATION_CONFLICT,cope_benchmark/repeated_v2/task_catalog.py:266,research/repeated_v2_formal_readiness_20260906/CURRENT_PREFLIGHT.txt,78da922e4dbd1411f1aa91846b88fc5d621be4856faf76cd87ca864eeeb0348c
GAP-0106,1,LIVING_ROOM_SCENE2_put_both_the_cream_cheese_box_and_the_butter_in_the_basket,task 1: invalid semantic trigger window USER_CANCELS_ACTIVE_GOAL,semantic_triggers,USER_CANCELS_ACTIVE_GOAL,,Empty semantic_triggers collection,PER_TASK,T01:semantic_triggers,T01:semantic_triggers:USER_CANCELS_ACTIVE_GOAL,G-MEASUREMENT;G-SCOPE,AUTHOR_AND_VERIFY,Task-grounded predicate and feasibility guard; earliest/latest steps and spacing>=10; actual monitor/observation provenance,catalog_complete;semantic_schedule;fresh_event_observation,same_absent_trigger_window_cascade,PER_TASK_ALL_TEN_IMPLEMENTATION_CONFLICT,cope_benchmark/repeated_v2/task_catalog.py:266,research/repeated_v2_formal_readiness_20260906/CURRENT_PREFLIGHT.txt,78da922e4dbd1411f1aa91846b88fc5d621be4856faf76cd87ca864eeeb0348c
GAP-0107,1,LIVING_ROOM_SCENE2_put_both_the_cream_cheese_box_and_the_butter_in_the_basket,task 1: invalid semantic trigger window USER_REISSUES_RETIRED_GOAL,semantic_triggers,USER_REISSUES_RETIRED_GOAL,,Empty semantic_triggers collection,PER_TASK,T01:semantic_triggers,T01:semantic_triggers:USER_REISSUES_RETIRED_GOAL,G-MEASUREMENT;G-SCOPE,AUTHOR_AND_VERIFY,Task-grounded predicate and feasibility guard; earliest/latest steps and spacing>=10; actual monitor/observation provenance,catalog_complete;semantic_schedule;fresh_event_observation,same_absent_trigger_window_cascade,PER_TASK_ALL_TEN_IMPLEMENTATION_CONFLICT,cope_benchmark/repeated_v2/task_catalog.py:266,research/repeated_v2_formal_readiness_20260906/CURRENT_PREFLIGHT.txt,78da922e4dbd1411f1aa91846b88fc5d621be4856faf76cd87ca864eeeb0348c
GAP-0108,1,LIVING_ROOM_SCENE2_put_both_the_cream_cheese_box_and_the_butter_in_the_basket,task 1: invalid semantic trigger window USER_REPLACES_ACTIVE_GOAL,semantic_triggers,USER_REPLACES_ACTIVE_GOAL,,Empty semantic_triggers collection,PER_TASK,T01:semantic_triggers,T01:semantic_triggers:USER_REPLACES_ACTIVE_GOAL,G-MEASUREMENT;G-SCOPE,AUTHOR_AND_VERIFY,Task-grounded predicate and feasibility guard; earliest/latest steps and spacing>=10; actual monitor/observation provenance,catalog_complete;semantic_schedule;fresh_event_observation,same_absent_trigger_window_cascade,PER_TASK_ALL_TEN_IMPLEMENTATION_CONFLICT,cope_benchmark/repeated_v2/task_catalog.py:266,research/repeated_v2_formal_readiness_20260906/CURRENT_PREFLIGHT.txt,78da922e4dbd1411f1aa91846b88fc5d621be4856faf76cd87ca864eeeb0348c
GAP-0109,1,LIVING_ROOM_SCENE2_put_both_the_cream_cheese_box_and_the_butter_in_the_basket,task 1: missing alternative_valid_goals,alternative_valid_goals,,,Alternative valid goals absent and unresolved,PER_TASK,T01:alternative_valid_goals,T01:alternative_valid_goals,G-MEASUREMENT;G-SCOPE,SOURCE_GROUNDED_AUTHORING_THEN_VERIFY,Feasible task-valid family/predicate/arguments/source_ref records and verifier grounding; no invented alternatives,catalog_complete;goal_replacement_semantics,empty_required_semantic_field,DEPENDS_ON_REQUIRED_REPLACEMENT_VARIANTS,cope_benchmark/repeated_v2/task_catalog.py:213,research/repeated_v2_formal_readiness_20260906/CURRENT_PREFLIGHT.txt,78da922e4dbd1411f1aa91846b88fc5d621be4856faf76cd87ca864eeeb0348c
GAP-0110,1,LIVING_ROOM_SCENE2_put_both_the_cream_cheese_box_and_the_butter_in_the_basket,task 1: missing certified safe event injection poses/regions GOAL_RECEPTACLE_OR_GROUNDING_CHANGED,safe_event_injections,GOAL_RECEPTACLE_OR_GROUNDING_CHANGED,,Empty safe-event intervention collection,PER_TASK,T01:safe_event_injections,T01:safe_event_injections:GOAL_RECEPTACLE_OR_GROUNDING_CHANGED,G-MEASUREMENT;G-SCOPE,AUTHOR_AND_MEASURE,"Alias-bound entity, explicit safe pose or region, hashed evidence; held-object rules and unaffected progress checked",catalog_complete;physical_intervention_safety,primary_absent_intervention_certificate,PER_TASK_ALL_TEN_IMPLEMENTATION_CONFLICT,cope_benchmark/repeated_v2/task_catalog.py:269,research/repeated_v2_formal_readiness_20260906/CURRENT_PREFLIGHT.txt,78da922e4dbd1411f1aa91846b88fc5d621be4856faf76cd87ca864eeeb0348c
GAP-0111,1,LIVING_ROOM_SCENE2_put_both_the_cream_cheese_box_and_the_butter_in_the_basket,task 1: missing certified safe event injection poses/regions TARGET_OBJECT_DISPLACED,safe_event_injections,TARGET_OBJECT_DISPLACED,,Empty safe-event intervention collection,PER_TASK,T01:safe_event_injections,T01:safe_event_injections:TARGET_OBJECT_DISPLACED,G-MEASUREMENT;G-SCOPE,AUTHOR_AND_MEASURE,"Alias-bound entity, explicit safe pose or region, hashed evidence; held-object rules and unaffected progress checked",catalog_complete;physical_intervention_safety,primary_absent_intervention_certificate,PER_TASK_ALL_TEN_IMPLEMENTATION_CONFLICT,cope_benchmark/repeated_v2/task_catalog.py:269,research/repeated_v2_formal_readiness_20260906/CURRENT_PREFLIGHT.txt,78da922e4dbd1411f1aa91846b88fc5d621be4856faf76cd87ca864eeeb0348c
GAP-0112,1,LIVING_ROOM_SCENE2_put_both_the_cream_cheese_box_and_the_butter_in_the_basket,task 1: missing certified safe event injection poses/regions TEMPORARY_NO_GO_APPEARS,safe_event_injections,TEMPORARY_NO_GO_APPEARS,,Empty safe-event intervention collection,PER_TASK,T01:safe_event_injections,T01:safe_event_injections:TEMPORARY_NO_GO_APPEARS,G-MEASUREMENT;G-SCOPE,AUTHOR_AND_MEASURE,"Alias-bound entity, explicit safe pose or region, hashed evidence; held-object rules and unaffected progress checked",catalog_complete;physical_intervention_safety,primary_absent_intervention_certificate,PER_TASK_ALL_TEN_IMPLEMENTATION_CONFLICT,cope_benchmark/repeated_v2/task_catalog.py:269,research/repeated_v2_formal_readiness_20260906/CURRENT_PREFLIGHT.txt,78da922e4dbd1411f1aa91846b88fc5d621be4856faf76cd87ca864eeeb0348c
GAP-0113,1,LIVING_ROOM_SCENE2_put_both_the_cream_cheese_box_and_the_butter_in_the_basket,task 1: missing certified safe event injection poses/regions TEMPORARY_NO_GO_CLEARS,safe_event_injections,TEMPORARY_NO_GO_CLEARS,,Empty safe-event intervention collection,PER_TASK,T01:safe_event_injections,T01:safe_event_injections:TEMPORARY_NO_GO_CLEARS,G-MEASUREMENT;G-SCOPE,AUTHOR_AND_MEASURE,"Alias-bound entity, explicit safe pose or region, hashed evidence; held-object rules and unaffected progress checked",catalog_complete;physical_intervention_safety,primary_absent_intervention_certificate,PER_TASK_ALL_TEN_IMPLEMENTATION_CONFLICT,cope_benchmark/repeated_v2/task_catalog.py:269,research/repeated_v2_formal_readiness_20260906/CURRENT_PREFLIGHT.txt,78da922e4dbd1411f1aa91846b88fc5d621be4856faf76cd87ca864eeeb0348c
GAP-0114,1,LIVING_ROOM_SCENE2_put_both_the_cream_cheese_box_and_the_butter_in_the_basket,task 1: missing certified safe event injection poses/regions TOOL_OR_TARGET_AVAILABLE_AGAIN,safe_event_injections,TOOL_OR_TARGET_AVAILABLE_AGAIN,,Empty safe-event intervention collection,PER_TASK,T01:safe_event_injections,T01:safe_event_injections:TOOL_OR_TARGET_AVAILABLE_AGAIN,G-MEASUREMENT;G-SCOPE,AUTHOR_AND_MEASURE,"Alias-bound entity, explicit safe pose or region, hashed evidence; held-object rules and unaffected progress checked",catalog_complete;physical_intervention_safety,primary_absent_intervention_certificate,PER_TASK_ALL_TEN_IMPLEMENTATION_CONFLICT,cope_benchmark/repeated_v2/task_catalog.py:269,research/repeated_v2_formal_readiness_20260906/CURRENT_PREFLIGHT.txt,78da922e4dbd1411f1aa91846b88fc5d621be4856faf76cd87ca864eeeb0348c
GAP-0115,1,LIVING_ROOM_SCENE2_put_both_the_cream_cheese_box_and_the_butter_in_the_basket,task 1: missing certified safe event injection poses/regions TOOL_OR_TARGET_TEMPORARILY_UNAVAILABLE,safe_event_injections,TOOL_OR_TARGET_TEMPORARILY_UNAVAILABLE,,Empty safe-event intervention collection,PER_TASK,T01:safe_event_injections,T01:safe_event_injections:TOOL_OR_TARGET_TEMPORARILY_UNAVAILABLE,G-MEASUREMENT;G-SCOPE,AUTHOR_AND_MEASURE,"Alias-bound entity, explicit safe pose or region, hashed evidence; held-object rules and unaffected progress checked",catalog_complete;physical_intervention_safety,primary_absent_intervention_certificate,PER_TASK_ALL_TEN_IMPLEMENTATION_CONFLICT,cope_benchmark/repeated_v2/task_catalog.py:269,research/repeated_v2_formal_readiness_20260906/CURRENT_PREFLIGHT.txt,78da922e4dbd1411f1aa91846b88fc5d621be4856faf76cd87ca864eeeb0348c
GAP-0116,1,LIVING_ROOM_SCENE2_put_both_the_cream_cheese_box_and_the_butter_in_the_basket,task 1: missing hard_safety_constraints,hard_safety_constraints,,,Task hard requirements absent and unresolved,PER_TASK,T01:hard_safety_constraints,T01:hard_safety_constraints,G-MEASUREMENT;G-RUNTIME,SOURCE_GROUNDED_AUTHORING_THEN_VERIFY,Grounded hard requirements and verifier bindings consistent with real task geometry/interventions; no copied defaults,catalog_complete;sealed_hard_requirement_evaluation,empty_required_semantic_field,NO_SCOPE_CHANGE_ASSUMED,cope_benchmark/repeated_v2/task_catalog.py:213,research/repeated_v2_formal_readiness_20260906/CURRENT_PREFLIGHT.txt,78da922e4dbd1411f1aa91846b88fc5d621be4856faf76cd87ca864eeeb0348c
GAP-0117,1,LIVING_ROOM_SCENE2_put_both_the_cream_cheese_box_and_the_butter_in_the_basket,task 1: missing planner_compiler_metadata,planner_compiler_metadata,,,Task compiler grounding metadata absent and unresolved,PER_TASK,T01:planner_compiler_metadata,T01:planner_compiler_metadata,G-RUNTIME;G-MEASUREMENT,BIND_IMPLEMENTATION_AND_VERIFY,Explicit supported predicate/operator/skill/instruction bindings; preserve accepted omissions and corruption; no canonical-truth repair,catalog_complete;pure_common_compiler;neutral_backend,empty_required_semantic_field,NO_SCOPE_CHANGE_ASSUMED,cope_benchmark/repeated_v2/task_catalog.py:213,research/repeated_v2_formal_readiness_20260906/CURRENT_PREFLIGHT.txt,78da922e4dbd1411f1aa91846b88fc5d621be4856faf76cd87ca864eeeb0348c
GAP-0118,1,LIVING_ROOM_SCENE2_put_both_the_cream_cheese_box_and_the_butter_in_the_basket,task 1: missing replaceable_goal_families,replaceable_goal_families,,,Replaceable family map absent and unresolved,PER_TASK,T01:replaceable_goal_families,T01:replaceable_goal_families,G-MEASUREMENT;G-SCOPE,SOURCE_GROUNDED_AUTHORING_THEN_VERIFY,Explicit family IDs already present in initial goals; supported replacement/retirement/reissue semantics,catalog_complete;goal_lifecycle_semantics,empty_required_semantic_field,DEPENDS_ON_REQUIRED_REPLACEMENT_VARIANTS,cope_benchmark/repeated_v2/task_catalog.py:213,research/repeated_v2_formal_readiness_20260906/CURRENT_PREFLIGHT.txt,78da922e4dbd1411f1aa91846b88fc5d621be4856faf76cd87ca864eeeb0348c
GAP-0119,1,LIVING_ROOM_SCENE2_put_both_the_cream_cheese_box_and_the_butter_in_the_basket,task 1: missing semantic trigger/guard GOAL_RECEPTACLE_OR_GROUNDING_CHANGED,semantic_triggers,GOAL_RECEPTACLE_OR_GROUNDING_CHANGED,,Empty semantic_triggers collection,PER_TASK,T01:semantic_triggers,T01:semantic_triggers:GOAL_RECEPTACLE_OR_GROUNDING_CHANGED,G-MEASUREMENT;G-SCOPE,AUTHOR_AND_VERIFY,Task-grounded predicate and feasibility guard; earliest/latest steps and spacing>=10; actual monitor/observation provenance,catalog_complete;semantic_schedule;fresh_event_observation,same_absent_trigger_guard_cascade,PER_TASK_ALL_TEN_IMPLEMENTATION_CONFLICT,cope_benchmark/repeated_v2/task_catalog.py:264,research/repeated_v2_formal_readiness_20260906/CURRENT_PREFLIGHT.txt,78da922e4dbd1411f1aa91846b88fc5d621be4856faf76cd87ca864eeeb0348c
GAP-0120,1,LIVING_ROOM_SCENE2_put_both_the_cream_cheese_box_and_the_butter_in_the_basket,task 1: missing semantic trigger/guard TARGET_OBJECT_DISPLACED,semantic_triggers,TARGET_OBJECT_DISPLACED,,Empty semantic_triggers collection,PER_TASK,T01:semantic_triggers,T01:semantic_triggers:TARGET_OBJECT_DISPLACED,G-MEASUREMENT;G-SCOPE,AUTHOR_AND_VERIFY,Task-grounded predicate and feasibility guard; earliest/latest steps and spacing>=10; actual monitor/observation provenance,catalog_complete;semantic_schedule;fresh_event_observation,same_absent_trigger_guard_cascade,PER_TASK_ALL_TEN_IMPLEMENTATION_CONFLICT,cope_benchmark/repeated_v2/task_catalog.py:264,research/repeated_v2_formal_readiness_20260906/CURRENT_PREFLIGHT.txt,78da922e4dbd1411f1aa91846b88fc5d621be4856faf76cd87ca864eeeb0348c
GAP-0121,1,LIVING_ROOM_SCENE2_put_both_the_cream_cheese_box_and_the_butter_in_the_basket,task 1: missing semantic trigger/guard TEMPORARY_NO_GO_APPEARS,semantic_triggers,TEMPORARY_NO_GO_APPEARS,,Empty semantic_triggers collection,PER_TASK,T01:semantic_triggers,T01:semantic_triggers:TEMPORARY_NO_GO_APPEARS,G-MEASUREMENT;G-SCOPE,AUTHOR_AND_VERIFY,Task-grounded predicate and feasibility guard; earliest/latest steps and spacing>=10; actual monitor/observation provenance,catalog_complete;semantic_schedule;fresh_event_observation,same_absent_trigger_guard_cascade,PER_TASK_ALL_TEN_IMPLEMENTATION_CONFLICT,cope_benchmark/repeated_v2/task_catalog.py:264,research/repeated_v2_formal_readiness_20260906/CURRENT_PREFLIGHT.txt,78da922e4dbd1411f1aa91846b88fc5d621be4856faf76cd87ca864eeeb0348c
GAP-0122,1,LIVING_ROOM_SCENE2_put_both_the_cream_cheese_box_and_the_butter_in_the_basket,task 1: missing semantic trigger/guard TEMPORARY_NO_GO_CLEARS,semantic_triggers,TEMPORARY_NO_GO_CLEARS,,Empty semantic_triggers collection,PER_TASK,T01:semantic_triggers,T01:semantic_triggers:TEMPORARY_NO_GO_CLEARS,G-MEASUREMENT;G-SCOPE,AUTHOR_AND_VERIFY,Task-grounded predicate and feasibility guard; earliest/latest steps and spacing>=10; actual monitor/observation provenance,catalog_complete;semantic_schedule;fresh_event_observation,same_absent_trigger_guard_cascade,PER_TASK_ALL_TEN_IMPLEMENTATION_CONFLICT,cope_benchmark/repeated_v2/task_catalog.py:264,research/repeated_v2_formal_readiness_20260906/CURRENT_PREFLIGHT.txt,78da922e4dbd1411f1aa91846b88fc5d621be4856faf76cd87ca864eeeb0348c
GAP-0123,1,LIVING_ROOM_SCENE2_put_both_the_cream_cheese_box_and_the_butter_in_the_basket,task 1: missing semantic trigger/guard TOOL_OR_TARGET_AVAILABLE_AGAIN,semantic_triggers,TOOL_OR_TARGET_AVAILABLE_AGAIN,,Empty semantic_triggers collection,PER_TASK,T01:semantic_triggers,T01:semantic_triggers:TOOL_OR_TARGET_AVAILABLE_AGAIN,G-MEASUREMENT;G-SCOPE,AUTHOR_AND_VERIFY,Task-grounded predicate and feasibility guard; earliest/latest steps and spacing>=10; actual monitor/observation provenance,catalog_complete;semantic_schedule;fresh_event_observation,same_absent_trigger_guard_cascade,PER_TASK_ALL_TEN_IMPLEMENTATION_CONFLICT,cope_benchmark/repeated_v2/task_catalog.py:264,research/repeated_v2_formal_readiness_20260906/CURRENT_PREFLIGHT.txt,78da922e4dbd1411f1aa91846b88fc5d621be4856faf76cd87ca864eeeb0348c
GAP-0124,1,LIVING_ROOM_SCENE2_put_both_the_cream_cheese_box_and_the_butter_in_the_basket,task 1: missing semantic trigger/guard TOOL_OR_TARGET_TEMPORARILY_UNAVAILABLE,semantic_triggers,TOOL_OR_TARGET_TEMPORARILY_UNAVAILABLE,,Empty semantic_triggers collection,PER_TASK,T01:semantic_triggers,T01:semantic_triggers:TOOL_OR_TARGET_TEMPORARILY_UNAVAILABLE,G-MEASUREMENT;G-SCOPE,AUTHOR_AND_VERIFY,Task-grounded predicate and feasibility guard; earliest/latest steps and spacing>=10; actual monitor/observation provenance,catalog_complete;semantic_schedule;fresh_event_observation,same_absent_trigger_guard_cascade,PER_TASK_ALL_TEN_IMPLEMENTATION_CONFLICT,cope_benchmark/repeated_v2/task_catalog.py:264,research/repeated_v2_formal_readiness_20260906/CURRENT_PREFLIGHT.txt,78da922e4dbd1411f1aa91846b88fc5d621be4856faf76cd87ca864eeeb0348c
GAP-0125,1,LIVING_ROOM_SCENE2_put_both_the_cream_cheese_box_and_the_butter_in_the_basket,task 1: missing semantic trigger/guard USER_ADDS_PERSISTENT_PREFERENCE,semantic_triggers,USER_ADDS_PERSISTENT_PREFERENCE,,Empty semantic_triggers collection,PER_TASK,T01:semantic_triggers,T01:semantic_triggers:USER_ADDS_PERSISTENT_PREFERENCE,G-MEASUREMENT;G-SCOPE,AUTHOR_AND_VERIFY,Task-grounded predicate and feasibility guard; earliest/latest steps and spacing>=10; actual monitor/observation provenance,catalog_complete;semantic_schedule;fresh_event_observation,same_absent_trigger_guard_cascade,PER_TASK_ALL_TEN_IMPLEMENTATION_CONFLICT,cope_benchmark/repeated_v2/task_catalog.py:264,research/repeated_v2_formal_readiness_20260906/CURRENT_PREFLIGHT.txt,78da922e4dbd1411f1aa91846b88fc5d621be4856faf76cd87ca864eeeb0348c
GAP-0126,1,LIVING_ROOM_SCENE2_put_both_the_cream_cheese_box_and_the_butter_in_the_basket,task 1: missing semantic trigger/guard USER_CANCELS_ACTIVE_GOAL,semantic_triggers,USER_CANCELS_ACTIVE_GOAL,,Empty semantic_triggers collection,PER_TASK,T01:semantic_triggers,T01:semantic_triggers:USER_CANCELS_ACTIVE_GOAL,G-MEASUREMENT;G-SCOPE,AUTHOR_AND_VERIFY,Task-grounded predicate and feasibility guard; earliest/latest steps and spacing>=10; actual monitor/observation provenance,catalog_complete;semantic_schedule;fresh_event_observation,same_absent_trigger_guard_cascade,PER_TASK_ALL_TEN_IMPLEMENTATION_CONFLICT,cope_benchmark/repeated_v2/task_catalog.py:264,research/repeated_v2_formal_readiness_20260906/CURRENT_PREFLIGHT.txt,78da922e4dbd1411f1aa91846b88fc5d621be4856faf76cd87ca864eeeb0348c
GAP-0127,1,LIVING_ROOM_SCENE2_put_both_the_cream_cheese_box_and_the_butter_in_the_basket,task 1: missing semantic trigger/guard USER_REISSUES_RETIRED_GOAL,semantic_triggers,USER_REISSUES_RETIRED_GOAL,,Empty semantic_triggers collection,PER_TASK,T01:semantic_triggers,T01:semantic_triggers:USER_REISSUES_RETIRED_GOAL,G-MEASUREMENT;G-SCOPE,AUTHOR_AND_VERIFY,Task-grounded predicate and feasibility guard; earliest/latest steps and spacing>=10; actual monitor/observation provenance,catalog_complete;semantic_schedule;fresh_event_observation,same_absent_trigger_guard_cascade,PER_TASK_ALL_TEN_IMPLEMENTATION_CONFLICT,cope_benchmark/repeated_v2/task_catalog.py:264,research/repeated_v2_formal_readiness_20260906/CURRENT_PREFLIGHT.txt,78da922e4dbd1411f1aa91846b88fc5d621be4856faf76cd87ca864eeeb0348c
GAP-0128,1,LIVING_ROOM_SCENE2_put_both_the_cream_cheese_box_and_the_butter_in_the_basket,task 1: missing semantic trigger/guard USER_REPLACES_ACTIVE_GOAL,semantic_triggers,USER_REPLACES_ACTIVE_GOAL,,Empty semantic_triggers collection,PER_TASK,T01:semantic_triggers,T01:semantic_triggers:USER_REPLACES_ACTIVE_GOAL,G-MEASUREMENT;G-SCOPE,AUTHOR_AND_VERIFY,Task-grounded predicate and feasibility guard; earliest/latest steps and spacing>=10; actual monitor/observation provenance,catalog_complete;semantic_schedule;fresh_event_observation,same_absent_trigger_guard_cascade,PER_TASK_ALL_TEN_IMPLEMENTATION_CONFLICT,cope_benchmark/repeated_v2/task_catalog.py:264,research/repeated_v2_formal_readiness_20260906/CURRENT_PREFLIGHT.txt,78da922e4dbd1411f1aa91846b88fc5d621be4856faf76cd87ca864eeeb0348c
GAP-0129,1,LIVING_ROOM_SCENE2_put_both_the_cream_cheese_box_and_the_butter_in_the_basket,task 1: missing soft_preference_templates,soft_preference_templates,,,Persistent preference templates absent and unresolved,PER_TASK,T01:soft_preference_templates,T01:soft_preference_templates,G-MEASUREMENT;G-RUNTIME,SOURCE_GROUNDED_AUTHORING_THEN_VERIFY,Task-valid public preference templates with persistence scope and separately sealed scoring semantics,catalog_complete;persistent_preference_event,empty_required_semantic_field,NO_SCOPE_CHANGE_ASSUMED,cope_benchmark/repeated_v2/task_catalog.py:213,research/repeated_v2_formal_readiness_20260906/CURRENT_PREFLIGHT.txt,78da922e4dbd1411f1aa91846b88fc5d621be4856faf76cd87ca864eeeb0348c
GAP-0130,1,LIVING_ROOM_SCENE2_put_both_the_cream_cheese_box_and_the_butter_in_the_basket,task 1: no verified preservable milestone,structural_and_milestones,,,No structural/milestone evidence dossier; BDDL predicates are candidates only,PER_TASK,T01:structural_and_milestones,T01:structural_and_milestones,G-MEASUREMENT,AUTHOR_AND_MEASURE_NO_AUTOFILL,"Four structural decisions with evidence_refs; >=2 distinct independently verifiable milestones, >=1 preservable; task5 needs a valid second milestone or documented ineligibility",catalog_complete;structural_task_eligibility;progress_preservation,structural_checks_share_task_dossier,NO_SCOPE_CHANGE_ASSUMED,cope_benchmark/repeated_v2/task_catalog.py:241,research/repeated_v2_formal_readiness_20260906/CURRENT_PREFLIGHT.txt,78da922e4dbd1411f1aa91846b88fc5d621be4856faf76cd87ca864eeeb0348c
GAP-0131,1,LIVING_ROOM_SCENE2_put_both_the_cream_cheese_box_and_the_butter_in_the_basket,task 1: unresolved alternative_valid_goals,alternative_valid_goals,,,Alternative valid goals absent and unresolved,PER_TASK,T01:alternative_valid_goals,T01:alternative_valid_goals,G-MEASUREMENT;G-SCOPE,SOURCE_GROUNDED_AUTHORING_THEN_VERIFY,Feasible task-valid family/predicate/arguments/source_ref records and verifier grounding; no invented alternatives,catalog_complete;goal_replacement_semantics,collection_unresolved_marker,DEPENDS_ON_REQUIRED_REPLACEMENT_VARIANTS,cope_benchmark/repeated_v2/task_catalog.py:211,research/repeated_v2_formal_readiness_20260906/CURRENT_PREFLIGHT.txt,78da922e4dbd1411f1aa91846b88fc5d621be4856faf76cd87ca864eeeb0348c
GAP-0132,1,LIVING_ROOM_SCENE2_put_both_the_cream_cheese_box_and_the_butter_in_the_basket,task 1: unresolved calibration_records,calibration_records,,,Zero authentic v2 calibration records; identity-cardinality errors are empty-set cascades,PER_TASK,T01:calibration_records,T01:calibration_records,G-POLICY;G-RUNTIME,MEASURE_OR_RECOVER_AUTHENTIC_EVIDENCE,"10 clean learned/nonprivileged outcomes per task: states0..4 x seeds101,131; horizon260; terminal outcome including failures; shared policy/checkpoint/protocol; unique raw trace hashes",catalog_complete;clean_policy_calibration;task_eligibility,collection_unresolved_marker,NO_SCOPE_CHANGE_ASSUMED,cope_benchmark/repeated_v2/task_catalog.py:211,research/repeated_v2_formal_readiness_20260906/CURRENT_PREFLIGHT.txt,78da922e4dbd1411f1aa91846b88fc5d621be4856faf76cd87ca864eeeb0348c
GAP-0133,1,LIVING_ROOM_SCENE2_put_both_the_cream_cheese_box_and_the_butter_in_the_basket,task 1: unresolved event_feasibility,event_feasibility,,,Empty event_feasibility collection,PER_TASK,T01:event_feasibility,T01:event_feasibility:TARGET_OBJECT_DISPLACED;T01:event_feasibility:GOAL_RECEPTACLE_OR_GROUNDING_CHANGED;T01:event_feasibility:TEMPORARY_NO_GO_APPEARS;T01:event_feasibility:TEMPORARY_NO_GO_CLEARS;T01:event_feasibility:USER_ADDS_PERSISTENT_PREFERENCE;T01:event_feasibility:TOOL_OR_TARGET_TEMPORARILY_UNAVAILABLE;T01:event_feasibility:TOOL_OR_TARGET_AVAILABLE_AGAIN;T01:event_feasibility:USER_REPLACES_ACTIVE_GOAL;T01:event_feasibility:USER_CANCELS_ACTIVE_GOAL;T01:event_feasibility:USER_REISSUES_RETIRED_GOAL,G-MEASUREMENT;G-SCOPE,MEASURE_OR_RECOVER_AUTHENTIC_EVIDENCE,"Explicit passed true/false, evidence_refs and covered_state_ids0..4 for each applicable task/family under current code; real simulator/safety evidence",catalog_complete;event_feasibility;task_eligibility,collection_unresolved_marker,PER_TASK_ALL_TEN_IMPLEMENTATION_CONFLICT,cope_benchmark/repeated_v2/task_catalog.py:211,research/repeated_v2_formal_readiness_20260906/CURRENT_PREFLIGHT.txt,78da922e4dbd1411f1aa91846b88fc5d621be4856faf76cd87ca864eeeb0348c
GAP-0134,1,LIVING_ROOM_SCENE2_put_both_the_cream_cheese_box_and_the_butter_in_the_basket,task 1: unresolved hard_safety_constraints,hard_safety_constraints,,,Task hard requirements absent and unresolved,PER_TASK,T01:hard_safety_constraints,T01:hard_safety_constraints,G-MEASUREMENT;G-RUNTIME,SOURCE_GROUNDED_AUTHORING_THEN_VERIFY,Grounded hard requirements and verifier bindings consistent with real task geometry/interventions; no copied defaults,catalog_complete;sealed_hard_requirement_evaluation,collection_unresolved_marker,NO_SCOPE_CHANGE_ASSUMED,cope_benchmark/repeated_v2/task_catalog.py:211,research/repeated_v2_formal_readiness_20260906/CURRENT_PREFLIGHT.txt,78da922e4dbd1411f1aa91846b88fc5d621be4856faf76cd87ca864eeeb0348c
GAP-0135,1,LIVING_ROOM_SCENE2_put_both_the_cream_cheese_box_and_the_butter_in_the_basket,task 1: unresolved maintenance_invariants,maintenance_invariants,,,Maintenance semantics unresolved; empty list does not prove none apply,PER_TASK,T01:maintenance_invariants,T01:maintenance_invariants,G-MEASUREMENT,SOURCE_GROUNDED_AUTHORING_THEN_VERIFY,Identify unaffected achievements/continuous maintenance requirements or certify empty semantics where allowed; evidence must precede clearing unresolved marker,catalog_complete;unaffected_progress_preservation,collection_unresolved_marker,NO_SCOPE_CHANGE_ASSUMED,cope_benchmark/repeated_v2/task_catalog.py:211,research/repeated_v2_formal_readiness_20260906/CURRENT_PREFLIGHT.txt,78da922e4dbd1411f1aa91846b88fc5d621be4856faf76cd87ca864eeeb0348c
GAP-0136,1,LIVING_ROOM_SCENE2_put_both_the_cream_cheese_box_and_the_butter_in_the_basket,task 1: unresolved planner_compiler_metadata,planner_compiler_metadata,,,Task compiler grounding metadata absent and unresolved,PER_TASK,T01:planner_compiler_metadata,T01:planner_compiler_metadata,G-RUNTIME;G-MEASUREMENT,BIND_IMPLEMENTATION_AND_VERIFY,Explicit supported predicate/operator/skill/instruction bindings; preserve accepted omissions and corruption; no canonical-truth repair,catalog_complete;pure_common_compiler;neutral_backend,collection_unresolved_marker,NO_SCOPE_CHANGE_ASSUMED,cope_benchmark/repeated_v2/task_catalog.py:211,research/repeated_v2_formal_readiness_20260906/CURRENT_PREFLIGHT.txt,78da922e4dbd1411f1aa91846b88fc5d621be4856faf76cd87ca864eeeb0348c
GAP-0137,1,LIVING_ROOM_SCENE2_put_both_the_cream_cheese_box_and_the_butter_in_the_basket,task 1: unresolved replaceable_goal_families,replaceable_goal_families,,,Replaceable family map absent and unresolved,PER_TASK,T01:replaceable_goal_families,T01:replaceable_goal_families,G-MEASUREMENT;G-SCOPE,SOURCE_GROUNDED_AUTHORING_THEN_VERIFY,Explicit family IDs already present in initial goals; supported replacement/retirement/reissue semantics,catalog_complete;goal_lifecycle_semantics,collection_unresolved_marker,DEPENDS_ON_REQUIRED_REPLACEMENT_VARIANTS,cope_benchmark/repeated_v2/task_catalog.py:211,research/repeated_v2_formal_readiness_20260906/CURRENT_PREFLIGHT.txt,78da922e4dbd1411f1aa91846b88fc5d621be4856faf76cd87ca864eeeb0348c
GAP-0138,1,LIVING_ROOM_SCENE2_put_both_the_cream_cheese_box_and_the_butter_in_the_basket,task 1: unresolved safe_event_injection_poses,safe_event_injections,,,Empty safe-event intervention collection,PER_TASK,T01:safe_event_injections,T01:safe_event_injections:TARGET_OBJECT_DISPLACED;T01:safe_event_injections:GOAL_RECEPTACLE_OR_GROUNDING_CHANGED;T01:safe_event_injections:TEMPORARY_NO_GO_APPEARS;T01:safe_event_injections:TEMPORARY_NO_GO_CLEARS;T01:safe_event_injections:TOOL_OR_TARGET_TEMPORARILY_UNAVAILABLE;T01:safe_event_injections:TOOL_OR_TARGET_AVAILABLE_AGAIN,G-MEASUREMENT;G-SCOPE,AUTHOR_AND_MEASURE,"Alias-bound entity, explicit safe pose or region, hashed evidence; held-object rules and unaffected progress checked",catalog_complete;physical_intervention_safety,collection_unresolved_marker,PER_TASK_ALL_TEN_IMPLEMENTATION_CONFLICT,cope_benchmark/repeated_v2/task_catalog.py:211,research/repeated_v2_formal_readiness_20260906/CURRENT_PREFLIGHT.txt,78da922e4dbd1411f1aa91846b88fc5d621be4856faf76cd87ca864eeeb0348c
GAP-0139,1,LIVING_ROOM_SCENE2_put_both_the_cream_cheese_box_and_the_butter_in_the_basket,task 1: unresolved semantic_triggers,semantic_triggers,,,Empty semantic_triggers collection,PER_TASK,T01:semantic_triggers,T01:semantic_triggers:TARGET_OBJECT_DISPLACED;T01:semantic_triggers:GOAL_RECEPTACLE_OR_GROUNDING_CHANGED;T01:semantic_triggers:TEMPORARY_NO_GO_APPEARS;T01:semantic_triggers:TEMPORARY_NO_GO_CLEARS;T01:semantic_triggers:USER_ADDS_PERSISTENT_PREFERENCE;T01:semantic_triggers:TOOL_OR_TARGET_TEMPORARILY_UNAVAILABLE;T01:semantic_triggers:TOOL_OR_TARGET_AVAILABLE_AGAIN;T01:semantic_triggers:USER_REPLACES_ACTIVE_GOAL;T01:semantic_triggers:USER_CANCELS_ACTIVE_GOAL;T01:semantic_triggers:USER_REISSUES_RETIRED_GOAL,G-MEASUREMENT;G-SCOPE,AUTHOR_AND_VERIFY,Task-grounded predicate and feasibility guard; earliest/latest steps and spacing>=10; actual monitor/observation provenance,catalog_complete;semantic_schedule;fresh_event_observation,collection_unresolved_marker,PER_TASK_ALL_TEN_IMPLEMENTATION_CONFLICT,cope_benchmark/repeated_v2/task_catalog.py:211,research/repeated_v2_formal_readiness_20260906/CURRENT_PREFLIGHT.txt,78da922e4dbd1411f1aa91846b88fc5d621be4856faf76cd87ca864eeeb0348c
GAP-0140,1,LIVING_ROOM_SCENE2_put_both_the_cream_cheese_box_and_the_butter_in_the_basket,task 1: unresolved soft_preference_templates,soft_preference_templates,,,Persistent preference templates absent and unresolved,PER_TASK,T01:soft_preference_templates,T01:soft_preference_templates,G-MEASUREMENT;G-RUNTIME,SOURCE_GROUNDED_AUTHORING_THEN_VERIFY,Task-valid public preference templates with persistence scope and separately sealed scoring semantics,catalog_complete;persistent_preference_event,collection_unresolved_marker,NO_SCOPE_CHANGE_ASSUMED,cope_benchmark/repeated_v2/task_catalog.py:211,research/repeated_v2_formal_readiness_20260906/CURRENT_PREFLIGHT.txt,78da922e4dbd1411f1aa91846b88fc5d621be4856faf76cd87ca864eeeb0348c
GAP-0141,1,LIVING_ROOM_SCENE2_put_both_the_cream_cheese_box_and_the_butter_in_the_basket,task 1: unresolved structural_checks,structural_and_milestones,,,No structural/milestone evidence dossier; BDDL predicates are candidates only,PER_TASK,T01:structural_and_milestones,T01:structural_and_milestones,G-MEASUREMENT,AUTHOR_AND_MEASURE_NO_AUTOFILL,"Four structural decisions with evidence_refs; >=2 distinct independently verifiable milestones, >=1 preservable; task5 needs a valid second milestone or documented ineligibility",catalog_complete;structural_task_eligibility;progress_preservation,collection_unresolved_marker,NO_SCOPE_CHANGE_ASSUMED,cope_benchmark/repeated_v2/task_catalog.py:211,research/repeated_v2_formal_readiness_20260906/CURRENT_PREFLIGHT.txt,78da922e4dbd1411f1aa91846b88fc5d621be4856faf76cd87ca864eeeb0348c
GAP-0142,1,LIVING_ROOM_SCENE2_put_both_the_cream_cheese_box_and_the_butter_in_the_basket,task 1: unresolved supported_event_families,supported_event_families,,,No task support declaration; validator demands all ten per task,PER_TASK,T01:supported_event_families,T01:supported_event_families,G-SCOPE;G-MEASUREMENT,REQUIRES_SCOPE_DECISION_AND_EVIDENCE,Actual task-specific supported/unsupported family map; explicit review of all-ten validator conflict; never copy global library as support evidence,catalog_complete;task_eligibility;schedule_support,collection_unresolved_marker,PER_TASK_ALL_TEN_IMPLEMENTATION_CONFLICT,cope_benchmark/repeated_v2/task_catalog.py:211,research/repeated_v2_formal_readiness_20260906/CURRENT_PREFLIGHT.txt,78da922e4dbd1411f1aa91846b88fc5d621be4856faf76cd87ca864eeeb0348c
GAP-0143,1,LIVING_ROOM_SCENE2_put_both_the_cream_cheese_box_and_the_butter_in_the_basket,task 1: unverified event feasibility GOAL_RECEPTACLE_OR_GROUNDING_CHANGED,event_feasibility,GOAL_RECEPTACLE_OR_GROUNDING_CHANGED,,Empty event_feasibility collection,PER_TASK,T01:event_feasibility,T01:event_feasibility:GOAL_RECEPTACLE_OR_GROUNDING_CHANGED,G-MEASUREMENT;G-SCOPE,MEASURE_OR_RECOVER_AUTHENTIC_EVIDENCE,"Explicit passed true/false, evidence_refs and covered_state_ids0..4 for each applicable task/family under current code; real simulator/safety evidence",catalog_complete;event_feasibility;task_eligibility,primary_absent_family_certificate,PER_TASK_ALL_TEN_IMPLEMENTATION_CONFLICT,cope_benchmark/repeated_v2/task_catalog.py:255,research/repeated_v2_formal_readiness_20260906/CURRENT_PREFLIGHT.txt,78da922e4dbd1411f1aa91846b88fc5d621be4856faf76cd87ca864eeeb0348c
GAP-0144,1,LIVING_ROOM_SCENE2_put_both_the_cream_cheese_box_and_the_butter_in_the_basket,task 1: unverified event feasibility TARGET_OBJECT_DISPLACED,event_feasibility,TARGET_OBJECT_DISPLACED,,Empty event_feasibility collection,PER_TASK,T01:event_feasibility,T01:event_feasibility:TARGET_OBJECT_DISPLACED,G-MEASUREMENT;G-SCOPE,MEASURE_OR_RECOVER_AUTHENTIC_EVIDENCE,"Explicit passed true/false, evidence_refs and covered_state_ids0..4 for each applicable task/family under current code; real simulator/safety evidence",catalog_complete;event_feasibility;task_eligibility,primary_absent_family_certificate,PER_TASK_ALL_TEN_IMPLEMENTATION_CONFLICT,cope_benchmark/repeated_v2/task_catalog.py:255,research/repeated_v2_formal_readiness_20260906/CURRENT_PREFLIGHT.txt,78da922e4dbd1411f1aa91846b88fc5d621be4856faf76cd87ca864eeeb0348c
GAP-0145,1,LIVING_ROOM_SCENE2_put_both_the_cream_cheese_box_and_the_butter_in_the_basket,task 1: unverified event feasibility TEMPORARY_NO_GO_APPEARS,event_feasibility,TEMPORARY_NO_GO_APPEARS,,Empty event_feasibility collection,PER_TASK,T01:event_feasibility,T01:event_feasibility:TEMPORARY_NO_GO_APPEARS,G-MEASUREMENT;G-SCOPE,MEASURE_OR_RECOVER_AUTHENTIC_EVIDENCE,"Explicit passed true/false, evidence_refs and covered_state_ids0..4 for each applicable task/family under current code; real simulator/safety evidence",catalog_complete;event_feasibility;task_eligibility,primary_absent_family_certificate,PER_TASK_ALL_TEN_IMPLEMENTATION_CONFLICT,cope_benchmark/repeated_v2/task_catalog.py:255,research/repeated_v2_formal_readiness_20260906/CURRENT_PREFLIGHT.txt,78da922e4dbd1411f1aa91846b88fc5d621be4856faf76cd87ca864eeeb0348c
GAP-0146,1,LIVING_ROOM_SCENE2_put_both_the_cream_cheese_box_and_the_butter_in_the_basket,task 1: unverified event feasibility TEMPORARY_NO_GO_CLEARS,event_feasibility,TEMPORARY_NO_GO_CLEARS,,Empty event_feasibility collection,PER_TASK,T01:event_feasibility,T01:event_feasibility:TEMPORARY_NO_GO_CLEARS,G-MEASUREMENT;G-SCOPE,MEASURE_OR_RECOVER_AUTHENTIC_EVIDENCE,"Explicit passed true/false, evidence_refs and covered_state_ids0..4 for each applicable task/family under current code; real simulator/safety evidence",catalog_complete;event_feasibility;task_eligibility,primary_absent_family_certificate,PER_TASK_ALL_TEN_IMPLEMENTATION_CONFLICT,cope_benchmark/repeated_v2/task_catalog.py:255,research/repeated_v2_formal_readiness_20260906/CURRENT_PREFLIGHT.txt,78da922e4dbd1411f1aa91846b88fc5d621be4856faf76cd87ca864eeeb0348c
GAP-0147,1,LIVING_ROOM_SCENE2_put_both_the_cream_cheese_box_and_the_butter_in_the_basket,task 1: unverified event feasibility TOOL_OR_TARGET_AVAILABLE_AGAIN,event_feasibility,TOOL_OR_TARGET_AVAILABLE_AGAIN,,Empty event_feasibility collection,PER_TASK,T01:event_feasibility,T01:event_feasibility:TOOL_OR_TARGET_AVAILABLE_AGAIN,G-MEASUREMENT;G-SCOPE,MEASURE_OR_RECOVER_AUTHENTIC_EVIDENCE,"Explicit passed true/false, evidence_refs and covered_state_ids0..4 for each applicable task/family under current code; real simulator/safety evidence",catalog_complete;event_feasibility;task_eligibility,primary_absent_family_certificate,PER_TASK_ALL_TEN_IMPLEMENTATION_CONFLICT,cope_benchmark/repeated_v2/task_catalog.py:255,research/repeated_v2_formal_readiness_20260906/CURRENT_PREFLIGHT.txt,78da922e4dbd1411f1aa91846b88fc5d621be4856faf76cd87ca864eeeb0348c
GAP-0148,1,LIVING_ROOM_SCENE2_put_both_the_cream_cheese_box_and_the_butter_in_the_basket,task 1: unverified event feasibility TOOL_OR_TARGET_TEMPORARILY_UNAVAILABLE,event_feasibility,TOOL_OR_TARGET_TEMPORARILY_UNAVAILABLE,,Empty event_feasibility collection,PER_TASK,T01:event_feasibility,T01:event_feasibility:TOOL_OR_TARGET_TEMPORARILY_UNAVAILABLE,G-MEASUREMENT;G-SCOPE,MEASURE_OR_RECOVER_AUTHENTIC_EVIDENCE,"Explicit passed true/false, evidence_refs and covered_state_ids0..4 for each applicable task/family under current code; real simulator/safety evidence",catalog_complete;event_feasibility;task_eligibility,primary_absent_family_certificate,PER_TASK_ALL_TEN_IMPLEMENTATION_CONFLICT,cope_benchmark/repeated_v2/task_catalog.py:255,research/repeated_v2_formal_readiness_20260906/CURRENT_PREFLIGHT.txt,78da922e4dbd1411f1aa91846b88fc5d621be4856faf76cd87ca864eeeb0348c
GAP-0149,1,LIVING_ROOM_SCENE2_put_both_the_cream_cheese_box_and_the_butter_in_the_basket,task 1: unverified event feasibility USER_ADDS_PERSISTENT_PREFERENCE,event_feasibility,USER_ADDS_PERSISTENT_PREFERENCE,,Empty event_feasibility collection,PER_TASK,T01:event_feasibility,T01:event_feasibility:USER_ADDS_PERSISTENT_PREFERENCE,G-MEASUREMENT;G-SCOPE,MEASURE_OR_RECOVER_AUTHENTIC_EVIDENCE,"Explicit passed true/false, evidence_refs and covered_state_ids0..4 for each applicable task/family under current code; real simulator/safety evidence",catalog_complete;event_feasibility;task_eligibility,primary_absent_family_certificate,PER_TASK_ALL_TEN_IMPLEMENTATION_CONFLICT,cope_benchmark/repeated_v2/task_catalog.py:255,research/repeated_v2_formal_readiness_20260906/CURRENT_PREFLIGHT.txt,78da922e4dbd1411f1aa91846b88fc5d621be4856faf76cd87ca864eeeb0348c
GAP-0150,1,LIVING_ROOM_SCENE2_put_both_the_cream_cheese_box_and_the_butter_in_the_basket,task 1: unverified event feasibility USER_CANCELS_ACTIVE_GOAL,event_feasibility,USER_CANCELS_ACTIVE_GOAL,,Empty event_feasibility collection,PER_TASK,T01:event_feasibility,T01:event_feasibility:USER_CANCELS_ACTIVE_GOAL,G-MEASUREMENT;G-SCOPE,MEASURE_OR_RECOVER_AUTHENTIC_EVIDENCE,"Explicit passed true/false, evidence_refs and covered_state_ids0..4 for each applicable task/family under current code; real simulator/safety evidence",catalog_complete;event_feasibility;task_eligibility,primary_absent_family_certificate,PER_TASK_ALL_TEN_IMPLEMENTATION_CONFLICT,cope_benchmark/repeated_v2/task_catalog.py:255,research/repeated_v2_formal_readiness_20260906/CURRENT_PREFLIGHT.txt,78da922e4dbd1411f1aa91846b88fc5d621be4856faf76cd87ca864eeeb0348c
GAP-0151,1,LIVING_ROOM_SCENE2_put_both_the_cream_cheese_box_and_the_butter_in_the_basket,task 1: unverified event feasibility USER_REISSUES_RETIRED_GOAL,event_feasibility,USER_REISSUES_RETIRED_GOAL,,Empty event_feasibility collection,PER_TASK,T01:event_feasibility,T01:event_feasibility:USER_REISSUES_RETIRED_GOAL,G-MEASUREMENT;G-SCOPE,MEASURE_OR_RECOVER_AUTHENTIC_EVIDENCE,"Explicit passed true/false, evidence_refs and covered_state_ids0..4 for each applicable task/family under current code; real simulator/safety evidence",catalog_complete;event_feasibility;task_eligibility,primary_absent_family_certificate,PER_TASK_ALL_TEN_IMPLEMENTATION_CONFLICT,cope_benchmark/repeated_v2/task_catalog.py:255,research/repeated_v2_formal_readiness_20260906/CURRENT_PREFLIGHT.txt,78da922e4dbd1411f1aa91846b88fc5d621be4856faf76cd87ca864eeeb0348c
GAP-0152,1,LIVING_ROOM_SCENE2_put_both_the_cream_cheese_box_and_the_butter_in_the_basket,task 1: unverified event feasibility USER_REPLACES_ACTIVE_GOAL,event_feasibility,USER_REPLACES_ACTIVE_GOAL,,Empty event_feasibility collection,PER_TASK,T01:event_feasibility,T01:event_feasibility:USER_REPLACES_ACTIVE_GOAL,G-MEASUREMENT;G-SCOPE,MEASURE_OR_RECOVER_AUTHENTIC_EVIDENCE,"Explicit passed true/false, evidence_refs and covered_state_ids0..4 for each applicable task/family under current code; real simulator/safety evidence",catalog_complete;event_feasibility;task_eligibility,primary_absent_family_certificate,PER_TASK_ALL_TEN_IMPLEMENTATION_CONFLICT,cope_benchmark/repeated_v2/task_catalog.py:255,research/repeated_v2_formal_readiness_20260906/CURRENT_PREFLIGHT.txt,78da922e4dbd1411f1aa91846b88fc5d621be4856faf76cd87ca864eeeb0348c
GAP-0153,1,LIVING_ROOM_SCENE2_put_both_the_cream_cheese_box_and_the_butter_in_the_basket,task 1: unverified structural check completed_milestone_preservable,structural_and_milestones,,,No structural/milestone evidence dossier; BDDL predicates are candidates only,PER_TASK,T01:structural_and_milestones,T01:structural_and_milestones,G-MEASUREMENT,AUTHOR_AND_MEASURE_NO_AUTOFILL,"Four structural decisions with evidence_refs; >=2 distinct independently verifiable milestones, >=1 preservable; task5 needs a valid second milestone or documented ineligibility",catalog_complete;structural_task_eligibility;progress_preservation,structural_checks_share_task_dossier,NO_SCOPE_CHANGE_ASSUMED,cope_benchmark/repeated_v2/task_catalog.py:246,research/repeated_v2_formal_readiness_20260906/CURRENT_PREFLIGHT.txt,78da922e4dbd1411f1aa91846b88fc5d621be4856faf76cd87ca864eeeb0348c
GAP-0154,1,LIVING_ROOM_SCENE2_put_both_the_cream_cheese_box_and_the_butter_in_the_basket,task 1: unverified structural check cross_skill_requirement_or_persistent_preference,structural_and_milestones,,,No structural/milestone evidence dossier; BDDL predicates are candidates only,PER_TASK,T01:structural_and_milestones,T01:structural_and_milestones,G-MEASUREMENT,AUTHOR_AND_MEASURE_NO_AUTOFILL,"Four structural decisions with evidence_refs; >=2 distinct independently verifiable milestones, >=1 preservable; task5 needs a valid second milestone or documented ineligibility",catalog_complete;structural_task_eligibility;progress_preservation,structural_checks_share_task_dossier,NO_SCOPE_CHANGE_ASSUMED,cope_benchmark/repeated_v2/task_catalog.py:246,research/repeated_v2_formal_readiness_20260906/CURRENT_PREFLIGHT.txt,78da922e4dbd1411f1aa91846b88fc5d621be4856faf76cd87ca864eeeb0348c
GAP-0155,1,LIVING_ROOM_SCENE2_put_both_the_cream_cheese_box_and_the_butter_in_the_basket,task 1: unverified structural check safe_changeable_grounding,structural_and_milestones,,,No structural/milestone evidence dossier; BDDL predicates are candidates only,PER_TASK,T01:structural_and_milestones,T01:structural_and_milestones,G-MEASUREMENT,AUTHOR_AND_MEASURE_NO_AUTOFILL,"Four structural decisions with evidence_refs; >=2 distinct independently verifiable milestones, >=1 preservable; task5 needs a valid second milestone or documented ineligibility",catalog_complete;structural_task_eligibility;progress_preservation,structural_checks_share_task_dossier,NO_SCOPE_CHANGE_ASSUMED,cope_benchmark/repeated_v2/task_catalog.py:246,research/repeated_v2_formal_readiness_20260906/CURRENT_PREFLIGHT.txt,78da922e4dbd1411f1aa91846b88fc5d621be4856faf76cd87ca864eeeb0348c
GAP-0156,1,LIVING_ROOM_SCENE2_put_both_the_cream_cheese_box_and_the_butter_in_the_basket,task 1: unverified structural check two_independently_verifiable_milestones,structural_and_milestones,,,No structural/milestone evidence dossier; BDDL predicates are candidates only,PER_TASK,T01:structural_and_milestones,T01:structural_and_milestones,G-MEASUREMENT,AUTHOR_AND_MEASURE_NO_AUTOFILL,"Four structural decisions with evidence_refs; >=2 distinct independently verifiable milestones, >=1 preservable; task5 needs a valid second milestone or documented ineligibility",catalog_complete;structural_task_eligibility;progress_preservation,structural_checks_share_task_dossier,NO_SCOPE_CHANGE_ASSUMED,cope_benchmark/repeated_v2/task_catalog.py:246,research/repeated_v2_formal_readiness_20260906/CURRENT_PREFLIGHT.txt,78da922e4dbd1411f1aa91846b88fc5d621be4856faf76cd87ca864eeeb0348c
GAP-0157,2,KITCHEN_SCENE3_turn_on_the_stove_and_put_the_moka_pot_on_it,task 2: all ten event families require explicit support/feasibility,supported_event_families,,,No task support declaration; validator demands all ten per task,PER_TASK,T02:supported_event_families,T02:supported_event_families,G-SCOPE;G-MEASUREMENT,REQUIRES_SCOPE_DECISION_AND_EVIDENCE,Actual task-specific supported/unsupported family map; explicit review of all-ten validator conflict; never copy global library as support evidence,catalog_complete;task_eligibility;schedule_support,support_declaration_and_scope_check,PER_TASK_ALL_TEN_IMPLEMENTATION_CONFLICT,cope_benchmark/repeated_v2/task_catalog.py:253,research/repeated_v2_formal_readiness_20260906/CURRENT_PREFLIGHT.txt,78da922e4dbd1411f1aa91846b88fc5d621be4856faf76cd87ca864eeeb0348c
GAP-0158,2,KITCHEN_SCENE3_turn_on_the_stove_and_put_the_moka_pot_on_it,task 2: calibration must use one checkpoint_sha256,calibration_records,,,Zero authentic v2 calibration records; identity-cardinality errors are empty-set cascades,PER_TASK,T02:calibration_records,T02:calibration_records,G-POLICY;G-RUNTIME,MEASURE_OR_RECOVER_AUTHENTIC_EVIDENCE,"10 clean learned/nonprivileged outcomes per task: states0..4 x seeds101,131; horizon260; terminal outcome including failures; shared policy/checkpoint/protocol; unique raw trace hashes",catalog_complete;clean_policy_calibration;task_eligibility,empty_collection_consistency_cascade,NO_SCOPE_CHANGE_ASSUMED,cope_benchmark/repeated_v2/task_calibration.py:175,research/repeated_v2_formal_readiness_20260906/CURRENT_PREFLIGHT.txt,78da922e4dbd1411f1aa91846b88fc5d621be4856faf76cd87ca864eeeb0348c
GAP-0159,2,KITCHEN_SCENE3_turn_on_the_stove_and_put_the_moka_pot_on_it,task 2: calibration must use one policy_id,calibration_records,,,Zero authentic v2 calibration records; identity-cardinality errors are empty-set cascades,PER_TASK,T02:calibration_records,T02:calibration_records,G-POLICY;G-RUNTIME,MEASURE_OR_RECOVER_AUTHENTIC_EVIDENCE,"10 clean learned/nonprivileged outcomes per task: states0..4 x seeds101,131; horizon260; terminal outcome including failures; shared policy/checkpoint/protocol; unique raw trace hashes",catalog_complete;clean_policy_calibration;task_eligibility,empty_collection_consistency_cascade,NO_SCOPE_CHANGE_ASSUMED,cope_benchmark/repeated_v2/task_calibration.py:175,research/repeated_v2_formal_readiness_20260906/CURRENT_PREFLIGHT.txt,78da922e4dbd1411f1aa91846b88fc5d621be4856faf76cd87ca864eeeb0348c
GAP-0160,2,KITCHEN_SCENE3_turn_on_the_stove_and_put_the_moka_pot_on_it,task 2: calibration must use one protocol_sha256,calibration_records,,,Zero authentic v2 calibration records; identity-cardinality errors are empty-set cascades,PER_TASK,T02:calibration_records,T02:calibration_records,G-POLICY;G-RUNTIME,MEASURE_OR_RECOVER_AUTHENTIC_EVIDENCE,"10 clean learned/nonprivileged outcomes per task: states0..4 x seeds101,131; horizon260; terminal outcome including failures; shared policy/checkpoint/protocol; unique raw trace hashes",catalog_complete;clean_policy_calibration;task_eligibility,empty_collection_consistency_cascade,NO_SCOPE_CHANGE_ASSUMED,cope_benchmark/repeated_v2/task_calibration.py:175,research/repeated_v2_formal_readiness_20260906/CURRENT_PREFLIGHT.txt,78da922e4dbd1411f1aa91846b88fc5d621be4856faf76cd87ca864eeeb0348c
GAP-0161,2,KITCHEN_SCENE3_turn_on_the_stove_and_put_the_moka_pot_on_it,task 2: calibration must use one provenance_kind,calibration_records,,,Zero authentic v2 calibration records; identity-cardinality errors are empty-set cascades,PER_TASK,T02:calibration_records,T02:calibration_records,G-POLICY;G-RUNTIME,MEASURE_OR_RECOVER_AUTHENTIC_EVIDENCE,"10 clean learned/nonprivileged outcomes per task: states0..4 x seeds101,131; horizon260; terminal outcome including failures; shared policy/checkpoint/protocol; unique raw trace hashes",catalog_complete;clean_policy_calibration;task_eligibility,empty_collection_consistency_cascade,NO_SCOPE_CHANGE_ASSUMED,cope_benchmark/repeated_v2/task_calibration.py:175,research/repeated_v2_formal_readiness_20260906/CURRENT_PREFLIGHT.txt,78da922e4dbd1411f1aa91846b88fc5d621be4856faf76cd87ca864eeeb0348c
GAP-0162,2,KITCHEN_SCENE3_turn_on_the_stove_and_put_the_moka_pot_on_it,task 2: fewer than two independently verified distinct milestone predicates,structural_and_milestones,,,No structural/milestone evidence dossier; BDDL predicates are candidates only,PER_TASK,T02:structural_and_milestones,T02:structural_and_milestones,G-MEASUREMENT,AUTHOR_AND_MEASURE_NO_AUTOFILL,"Four structural decisions with evidence_refs; >=2 distinct independently verifiable milestones, >=1 preservable; task5 needs a valid second milestone or documented ineligibility",catalog_complete;structural_task_eligibility;progress_preservation,structural_checks_share_task_dossier,NO_SCOPE_CHANGE_ASSUMED,cope_benchmark/repeated_v2/task_catalog.py:238,research/repeated_v2_formal_readiness_20260906/CURRENT_PREFLIGHT.txt,78da922e4dbd1411f1aa91846b88fc5d621be4856faf76cd87ca864eeeb0348c
GAP-0163,2,KITCHEN_SCENE3_turn_on_the_stove_and_put_the_moka_pot_on_it,"task 2: incomplete calibration grid: expected 10 cells, missing [(0, 101), (0, 131), (1, 101), (1, 131), (2, 101), (2, 131), (3, 101), (3, 131), (4, 101), (4, 131)], unexpected []",calibration_records,,,Zero authentic v2 calibration records; identity-cardinality errors are empty-set cascades,PER_TASK,T02:calibration_records,T02:calibration_records,G-POLICY;G-RUNTIME,MEASURE_OR_RECOVER_AUTHENTIC_EVIDENCE,"10 clean learned/nonprivileged outcomes per task: states0..4 x seeds101,131; horizon260; terminal outcome including failures; shared policy/checkpoint/protocol; unique raw trace hashes",catalog_complete;clean_policy_calibration;task_eligibility,primary_absent_grid,NO_SCOPE_CHANGE_ASSUMED,cope_benchmark/repeated_v2/task_calibration.py:173,research/repeated_v2_formal_readiness_20260906/CURRENT_PREFLIGHT.txt,78da922e4dbd1411f1aa91846b88fc5d621be4856faf76cd87ca864eeeb0348c
GAP-0164,2,KITCHEN_SCENE3_turn_on_the_stove_and_put_the_moka_pot_on_it,"task 2: invalid semantic trigger GOAL_RECEPTACLE_OR_GROUNDING_CHANGED: BLOCKED_TASK_CATALOG_GAP: missing trigger fields ['earliest_policy_step', 'latest_policy_step', 'min_steps_since_previous_event', 'physical_feasibility_guard', 'predicate']",semantic_triggers,GOAL_RECEPTACLE_OR_GROUNDING_CHANGED,,Empty semantic_triggers collection,PER_TASK,T02:semantic_triggers,T02:semantic_triggers:GOAL_RECEPTACLE_OR_GROUNDING_CHANGED,G-MEASUREMENT;G-SCOPE,AUTHOR_AND_VERIFY,Task-grounded predicate and feasibility guard; earliest/latest steps and spacing>=10; actual monitor/observation provenance,catalog_complete;semantic_schedule;fresh_event_observation,primary_absent_trigger,PER_TASK_ALL_TEN_IMPLEMENTATION_CONFLICT,cope_benchmark/repeated_v2/task_catalog.py:259,research/repeated_v2_formal_readiness_20260906/CURRENT_PREFLIGHT.txt,78da922e4dbd1411f1aa91846b88fc5d621be4856faf76cd87ca864eeeb0348c
GAP-0165,2,KITCHEN_SCENE3_turn_on_the_stove_and_put_the_moka_pot_on_it,"task 2: invalid semantic trigger TARGET_OBJECT_DISPLACED: BLOCKED_TASK_CATALOG_GAP: missing trigger fields ['earliest_policy_step', 'latest_policy_step', 'min_steps_since_previous_event', 'physical_feasibility_guard', 'predicate']",semantic_triggers,TARGET_OBJECT_DISPLACED,,Empty semantic_triggers collection,PER_TASK,T02:semantic_triggers,T02:semantic_triggers:TARGET_OBJECT_DISPLACED,G-MEASUREMENT;G-SCOPE,AUTHOR_AND_VERIFY,Task-grounded predicate and feasibility guard; earliest/latest steps and spacing>=10; actual monitor/observation provenance,catalog_complete;semantic_schedule;fresh_event_observation,primary_absent_trigger,PER_TASK_ALL_TEN_IMPLEMENTATION_CONFLICT,cope_benchmark/repeated_v2/task_catalog.py:259,research/repeated_v2_formal_readiness_20260906/CURRENT_PREFLIGHT.txt,78da922e4dbd1411f1aa91846b88fc5d621be4856faf76cd87ca864eeeb0348c
GAP-0166,2,KITCHEN_SCENE3_turn_on_the_stove_and_put_the_moka_pot_on_it,"task 2: invalid semantic trigger TEMPORARY_NO_GO_APPEARS: BLOCKED_TASK_CATALOG_GAP: missing trigger fields ['earliest_policy_step', 'latest_policy_step', 'min_steps_since_previous_event', 'physical_feasibility_guard', 'predicate']",semantic_triggers,TEMPORARY_NO_GO_APPEARS,,Empty semantic_triggers collection,PER_TASK,T02:semantic_triggers,T02:semantic_triggers:TEMPORARY_NO_GO_APPEARS,G-MEASUREMENT;G-SCOPE,AUTHOR_AND_VERIFY,Task-grounded predicate and feasibility guard; earliest/latest steps and spacing>=10; actual monitor/observation provenance,catalog_complete;semantic_schedule;fresh_event_observation,primary_absent_trigger,PER_TASK_ALL_TEN_IMPLEMENTATION_CONFLICT,cope_benchmark/repeated_v2/task_catalog.py:259,research/repeated_v2_formal_readiness_20260906/CURRENT_PREFLIGHT.txt,78da922e4dbd1411f1aa91846b88fc5d621be4856faf76cd87ca864eeeb0348c
GAP-0167,2,KITCHEN_SCENE3_turn_on_the_stove_and_put_the_moka_pot_on_it,"task 2: invalid semantic trigger TEMPORARY_NO_GO_CLEARS: BLOCKED_TASK_CATALOG_GAP: missing trigger fields ['earliest_policy_step', 'latest_policy_step', 'min_steps_since_previous_event', 'physical_feasibility_guard', 'predicate']",semantic_triggers,TEMPORARY_NO_GO_CLEARS,,Empty semantic_triggers collection,PER_TASK,T02:semantic_triggers,T02:semantic_triggers:TEMPORARY_NO_GO_CLEARS,G-MEASUREMENT;G-SCOPE,AUTHOR_AND_VERIFY,Task-grounded predicate and feasibility guard; earliest/latest steps and spacing>=10; actual monitor/observation provenance,catalog_complete;semantic_schedule;fresh_event_observation,primary_absent_trigger,PER_TASK_ALL_TEN_IMPLEMENTATION_CONFLICT,cope_benchmark/repeated_v2/task_catalog.py:259,research/repeated_v2_formal_readiness_20260906/CURRENT_PREFLIGHT.txt,78da922e4dbd1411f1aa91846b88fc5d621be4856faf76cd87ca864eeeb0348c
GAP-0168,2,KITCHEN_SCENE3_turn_on_the_stove_and_put_the_moka_pot_on_it,"task 2: invalid semantic trigger TOOL_OR_TARGET_AVAILABLE_AGAIN: BLOCKED_TASK_CATALOG_GAP: missing trigger fields ['earliest_policy_step', 'latest_policy_step', 'min_steps_since_previous_event', 'physical_feasibility_guard', 'predicate']",semantic_triggers,TOOL_OR_TARGET_AVAILABLE_AGAIN,,Empty semantic_triggers collection,PER_TASK,T02:semantic_triggers,T02:semantic_triggers:TOOL_OR_TARGET_AVAILABLE_AGAIN,G-MEASUREMENT;G-SCOPE,AUTHOR_AND_VERIFY,Task-grounded predicate and feasibility guard; earliest/latest steps and spacing>=10; actual monitor/observation provenance,catalog_complete;semantic_schedule;fresh_event_observation,primary_absent_trigger,PER_TASK_ALL_TEN_IMPLEMENTATION_CONFLICT,cope_benchmark/repeated_v2/task_catalog.py:259,research/repeated_v2_formal_readiness_20260906/CURRENT_PREFLIGHT.txt,78da922e4dbd1411f1aa91846b88fc5d621be4856faf76cd87ca864eeeb0348c
GAP-0169,2,KITCHEN_SCENE3_turn_on_the_stove_and_put_the_moka_pot_on_it,"task 2: invalid semantic trigger TOOL_OR_TARGET_TEMPORARILY_UNAVAILABLE: BLOCKED_TASK_CATALOG_GAP: missing trigger fields ['earliest_policy_step', 'latest_policy_step', 'min_steps_since_previous_event', 'physical_feasibility_guard', 'predicate']",semantic_triggers,TOOL_OR_TARGET_TEMPORARILY_UNAVAILABLE,,Empty semantic_triggers collection,PER_TASK,T02:semantic_triggers,T02:semantic_triggers:TOOL_OR_TARGET_TEMPORARILY_UNAVAILABLE,G-MEASUREMENT;G-SCOPE,AUTHOR_AND_VERIFY,Task-grounded predicate and feasibility guard; earliest/latest steps and spacing>=10; actual monitor/observation provenance,catalog_complete;semantic_schedule;fresh_event_observation,primary_absent_trigger,PER_TASK_ALL_TEN_IMPLEMENTATION_CONFLICT,cope_benchmark/repeated_v2/task_catalog.py:259,research/repeated_v2_formal_readiness_20260906/CURRENT_PREFLIGHT.txt,78da922e4dbd1411f1aa91846b88fc5d621be4856faf76cd87ca864eeeb0348c
GAP-0170,2,KITCHEN_SCENE3_turn_on_the_stove_and_put_the_moka_pot_on_it,"task 2: invalid semantic trigger USER_ADDS_PERSISTENT_PREFERENCE: BLOCKED_TASK_CATALOG_GAP: missing trigger fields ['earliest_policy_step', 'latest_policy_step', 'min_steps_since_previous_event', 'physical_feasibility_guard', 'predicate']",semantic_triggers,USER_ADDS_PERSISTENT_PREFERENCE,,Empty semantic_triggers collection,PER_TASK,T02:semantic_triggers,T02:semantic_triggers:USER_ADDS_PERSISTENT_PREFERENCE,G-MEASUREMENT;G-SCOPE,AUTHOR_AND_VERIFY,Task-grounded predicate and feasibility guard; earliest/latest steps and spacing>=10; actual monitor/observation provenance,catalog_complete;semantic_schedule;fresh_event_observation,primary_absent_trigger,PER_TASK_ALL_TEN_IMPLEMENTATION_CONFLICT,cope_benchmark/repeated_v2/task_catalog.py:259,research/repeated_v2_formal_readiness_20260906/CURRENT_PREFLIGHT.txt,78da922e4dbd1411f1aa91846b88fc5d621be4856faf76cd87ca864eeeb0348c
GAP-0171,2,KITCHEN_SCENE3_turn_on_the_stove_and_put_the_moka_pot_on_it,"task 2: invalid semantic trigger USER_CANCELS_ACTIVE_GOAL: BLOCKED_TASK_CATALOG_GAP: missing trigger fields ['earliest_policy_step', 'latest_policy_step', 'min_steps_since_previous_event', 'physical_feasibility_guard', 'predicate']",semantic_triggers,USER_CANCELS_ACTIVE_GOAL,,Empty semantic_triggers collection,PER_TASK,T02:semantic_triggers,T02:semantic_triggers:USER_CANCELS_ACTIVE_GOAL,G-MEASUREMENT;G-SCOPE,AUTHOR_AND_VERIFY,Task-grounded predicate and feasibility guard; earliest/latest steps and spacing>=10; actual monitor/observation provenance,catalog_complete;semantic_schedule;fresh_event_observation,primary_absent_trigger,PER_TASK_ALL_TEN_IMPLEMENTATION_CONFLICT,cope_benchmark/repeated_v2/task_catalog.py:259,research/repeated_v2_formal_readiness_20260906/CURRENT_PREFLIGHT.txt,78da922e4dbd1411f1aa91846b88fc5d621be4856faf76cd87ca864eeeb0348c
GAP-0172,2,KITCHEN_SCENE3_turn_on_the_stove_and_put_the_moka_pot_on_it,"task 2: invalid semantic trigger USER_REISSUES_RETIRED_GOAL: BLOCKED_TASK_CATALOG_GAP: missing trigger fields ['earliest_policy_step', 'latest_policy_step', 'min_steps_since_previous_event', 'physical_feasibility_guard', 'predicate']",semantic_triggers,USER_REISSUES_RETIRED_GOAL,,Empty semantic_triggers collection,PER_TASK,T02:semantic_triggers,T02:semantic_triggers:USER_REISSUES_RETIRED_GOAL,G-MEASUREMENT;G-SCOPE,AUTHOR_AND_VERIFY,Task-grounded predicate and feasibility guard; earliest/latest steps and spacing>=10; actual monitor/observation provenance,catalog_complete;semantic_schedule;fresh_event_observation,primary_absent_trigger,PER_TASK_ALL_TEN_IMPLEMENTATION_CONFLICT,cope_benchmark/repeated_v2/task_catalog.py:259,research/repeated_v2_formal_readiness_20260906/CURRENT_PREFLIGHT.txt,78da922e4dbd1411f1aa91846b88fc5d621be4856faf76cd87ca864eeeb0348c
GAP-0173,2,KITCHEN_SCENE3_turn_on_the_stove_and_put_the_moka_pot_on_it,"task 2: invalid semantic trigger USER_REPLACES_ACTIVE_GOAL: BLOCKED_TASK_CATALOG_GAP: missing trigger fields ['earliest_policy_step', 'latest_policy_step', 'min_steps_since_previous_event', 'physical_feasibility_guard', 'predicate']",semantic_triggers,USER_REPLACES_ACTIVE_GOAL,,Empty semantic_triggers collection,PER_TASK,T02:semantic_triggers,T02:semantic_triggers:USER_REPLACES_ACTIVE_GOAL,G-MEASUREMENT;G-SCOPE,AUTHOR_AND_VERIFY,Task-grounded predicate and feasibility guard; earliest/latest steps and spacing>=10; actual monitor/observation provenance,catalog_complete;semantic_schedule;fresh_event_observation,primary_absent_trigger,PER_TASK_ALL_TEN_IMPLEMENTATION_CONFLICT,cope_benchmark/repeated_v2/task_catalog.py:259,research/repeated_v2_formal_readiness_20260906/CURRENT_PREFLIGHT.txt,78da922e4dbd1411f1aa91846b88fc5d621be4856faf76cd87ca864eeeb0348c
GAP-0174,2,KITCHEN_SCENE3_turn_on_the_stove_and_put_the_moka_pot_on_it,task 2: invalid semantic trigger window GOAL_RECEPTACLE_OR_GROUNDING_CHANGED,semantic_triggers,GOAL_RECEPTACLE_OR_GROUNDING_CHANGED,,Empty semantic_triggers collection,PER_TASK,T02:semantic_triggers,T02:semantic_triggers:GOAL_RECEPTACLE_OR_GROUNDING_CHANGED,G-MEASUREMENT;G-SCOPE,AUTHOR_AND_VERIFY,Task-grounded predicate and feasibility guard; earliest/latest steps and spacing>=10; actual monitor/observation provenance,catalog_complete;semantic_schedule;fresh_event_observation,same_absent_trigger_window_cascade,PER_TASK_ALL_TEN_IMPLEMENTATION_CONFLICT,cope_benchmark/repeated_v2/task_catalog.py:266,research/repeated_v2_formal_readiness_20260906/CURRENT_PREFLIGHT.txt,78da922e4dbd1411f1aa91846b88fc5d621be4856faf76cd87ca864eeeb0348c
GAP-0175,2,KITCHEN_SCENE3_turn_on_the_stove_and_put_the_moka_pot_on_it,task 2: invalid semantic trigger window TARGET_OBJECT_DISPLACED,semantic_triggers,TARGET_OBJECT_DISPLACED,,Empty semantic_triggers collection,PER_TASK,T02:semantic_triggers,T02:semantic_triggers:TARGET_OBJECT_DISPLACED,G-MEASUREMENT;G-SCOPE,AUTHOR_AND_VERIFY,Task-grounded predicate and feasibility guard; earliest/latest steps and spacing>=10; actual monitor/observation provenance,catalog_complete;semantic_schedule;fresh_event_observation,same_absent_trigger_window_cascade,PER_TASK_ALL_TEN_IMPLEMENTATION_CONFLICT,cope_benchmark/repeated_v2/task_catalog.py:266,research/repeated_v2_formal_readiness_20260906/CURRENT_PREFLIGHT.txt,78da922e4dbd1411f1aa91846b88fc5d621be4856faf76cd87ca864eeeb0348c
GAP-0176,2,KITCHEN_SCENE3_turn_on_the_stove_and_put_the_moka_pot_on_it,task 2: invalid semantic trigger window TEMPORARY_NO_GO_APPEARS,semantic_triggers,TEMPORARY_NO_GO_APPEARS,,Empty semantic_triggers collection,PER_TASK,T02:semantic_triggers,T02:semantic_triggers:TEMPORARY_NO_GO_APPEARS,G-MEASUREMENT;G-SCOPE,AUTHOR_AND_VERIFY,Task-grounded predicate and feasibility guard; earliest/latest steps and spacing>=10; actual monitor/observation provenance,catalog_complete;semantic_schedule;fresh_event_observation,same_absent_trigger_window_cascade,PER_TASK_ALL_TEN_IMPLEMENTATION_CONFLICT,cope_benchmark/repeated_v2/task_catalog.py:266,research/repeated_v2_formal_readiness_20260906/CURRENT_PREFLIGHT.txt,78da922e4dbd1411f1aa91846b88fc5d621be4856faf76cd87ca864eeeb0348c
GAP-0177,2,KITCHEN_SCENE3_turn_on_the_stove_and_put_the_moka_pot_on_it,task 2: invalid semantic trigger window TEMPORARY_NO_GO_CLEARS,semantic_triggers,TEMPORARY_NO_GO_CLEARS,,Empty semantic_triggers collection,PER_TASK,T02:semantic_triggers,T02:semantic_triggers:TEMPORARY_NO_GO_CLEARS,G-MEASUREMENT;G-SCOPE,AUTHOR_AND_VERIFY,Task-grounded predicate and feasibility guard; earliest/latest steps and spacing>=10; actual monitor/observation provenance,catalog_complete;semantic_schedule;fresh_event_observation,same_absent_trigger_window_cascade,PER_TASK_ALL_TEN_IMPLEMENTATION_CONFLICT,cope_benchmark/repeated_v2/task_catalog.py:266,research/repeated_v2_formal_readiness_20260906/CURRENT_PREFLIGHT.txt,78da922e4dbd1411f1aa91846b88fc5d621be4856faf76cd87ca864eeeb0348c
GAP-0178,2,KITCHEN_SCENE3_turn_on_the_stove_and_put_the_moka_pot_on_it,task 2: invalid semantic trigger window TOOL_OR_TARGET_AVAILABLE_AGAIN,semantic_triggers,TOOL_OR_TARGET_AVAILABLE_AGAIN,,Empty semantic_triggers collection,PER_TASK,T02:semantic_triggers,T02:semantic_triggers:TOOL_OR_TARGET_AVAILABLE_AGAIN,G-MEASUREMENT;G-SCOPE,AUTHOR_AND_VERIFY,Task-grounded predicate and feasibility guard; earliest/latest steps and spacing>=10; actual monitor/observation provenance,catalog_complete;semantic_schedule;fresh_event_observation,same_absent_trigger_window_cascade,PER_TASK_ALL_TEN_IMPLEMENTATION_CONFLICT,cope_benchmark/repeated_v2/task_catalog.py:266,research/repeated_v2_formal_readiness_20260906/CURRENT_PREFLIGHT.txt,78da922e4dbd1411f1aa91846b88fc5d621be4856faf76cd87ca864eeeb0348c
GAP-0179,2,KITCHEN_SCENE3_turn_on_the_stove_and_put_the_moka_pot_on_it,task 2: invalid semantic trigger window TOOL_OR_TARGET_TEMPORARILY_UNAVAILABLE,semantic_triggers,TOOL_OR_TARGET_TEMPORARILY_UNAVAILABLE,,Empty semantic_triggers collection,PER_TASK,T02:semantic_triggers,T02:semantic_triggers:TOOL_OR_TARGET_TEMPORARILY_UNAVAILABLE,G-MEASUREMENT;G-SCOPE,AUTHOR_AND_VERIFY,Task-grounded predicate and feasibility guard; earliest/latest steps and spacing>=10; actual monitor/observation provenance,catalog_complete;semantic_schedule;fresh_event_observation,same_absent_trigger_window_cascade,PER_TASK_ALL_TEN_IMPLEMENTATION_CONFLICT,cope_benchmark/repeated_v2/task_catalog.py:266,research/repeated_v2_formal_readiness_20260906/CURRENT_PREFLIGHT.txt,78da922e4dbd1411f1aa91846b88fc5d621be4856faf76cd87ca864eeeb0348c
GAP-0180,2,KITCHEN_SCENE3_turn_on_the_stove_and_put_the_moka_pot_on_it,task 2: invalid semantic trigger window USER_ADDS_PERSISTENT_PREFERENCE,semantic_triggers,USER_ADDS_PERSISTENT_PREFERENCE,,Empty semantic_triggers collection,PER_TASK,T02:semantic_triggers,T02:semantic_triggers:USER_ADDS_PERSISTENT_PREFERENCE,G-MEASUREMENT;G-SCOPE,AUTHOR_AND_VERIFY,Task-grounded predicate and feasibility guard; earliest/latest steps and spacing>=10; actual monitor/observation provenance,catalog_complete;semantic_schedule;fresh_event_observation,same_absent_trigger_window_cascade,PER_TASK_ALL_TEN_IMPLEMENTATION_CONFLICT,cope_benchmark/repeated_v2/task_catalog.py:266,research/repeated_v2_formal_readiness_20260906/CURRENT_PREFLIGHT.txt,78da922e4dbd1411f1aa91846b88fc5d621be4856faf76cd87ca864eeeb0348c
GAP-0181,2,KITCHEN_SCENE3_turn_on_the_stove_and_put_the_moka_pot_on_it,task 2: invalid semantic trigger window USER_CANCELS_ACTIVE_GOAL,semantic_triggers,USER_CANCELS_ACTIVE_GOAL,,Empty semantic_triggers collection,PER_TASK,T02:semantic_triggers,T02:semantic_triggers:USER_CANCELS_ACTIVE_GOAL,G-MEASUREMENT;G-SCOPE,AUTHOR_AND_VERIFY,Task-grounded predicate and feasibility guard; earliest/latest steps and spacing>=10; actual monitor/observation provenance,catalog_complete;semantic_schedule;fresh_event_observation,same_absent_trigger_window_cascade,PER_TASK_ALL_TEN_IMPLEMENTATION_CONFLICT,cope_benchmark/repeated_v2/task_catalog.py:266,research/repeated_v2_formal_readiness_20260906/CURRENT_PREFLIGHT.txt,78da922e4dbd1411f1aa91846b88fc5d621be4856faf76cd87ca864eeeb0348c
GAP-0182,2,KITCHEN_SCENE3_turn_on_the_stove_and_put_the_moka_pot_on_it,task 2: invalid semantic trigger window USER_REISSUES_RETIRED_GOAL,semantic_triggers,USER_REISSUES_RETIRED_GOAL,,Empty semantic_triggers collection,PER_TASK,T02:semantic_triggers,T02:semantic_triggers:USER_REISSUES_RETIRED_GOAL,G-MEASUREMENT;G-SCOPE,AUTHOR_AND_VERIFY,Task-grounded predicate and feasibility guard; earliest/latest steps and spacing>=10; actual monitor/observation provenance,catalog_complete;semantic_schedule;fresh_event_observation,same_absent_trigger_window_cascade,PER_TASK_ALL_TEN_IMPLEMENTATION_CONFLICT,cope_benchmark/repeated_v2/task_catalog.py:266,research/repeated_v2_formal_readiness_20260906/CURRENT_PREFLIGHT.txt,78da922e4dbd1411f1aa91846b88fc5d621be4856faf76cd87ca864eeeb0348c
GAP-0183,2,KITCHEN_SCENE3_turn_on_the_stove_and_put_the_moka_pot_on_it,task 2: invalid semantic trigger window USER_REPLACES_ACTIVE_GOAL,semantic_triggers,USER_REPLACES_ACTIVE_GOAL,,Empty semantic_triggers collection,PER_TASK,T02:semantic_triggers,T02:semantic_triggers:USER_REPLACES_ACTIVE_GOAL,G-MEASUREMENT;G-SCOPE,AUTHOR_AND_VERIFY,Task-grounded predicate and feasibility guard; earliest/latest steps and spacing>=10; actual monitor/observation provenance,catalog_complete;semantic_schedule;fresh_event_observation,same_absent_trigger_window_cascade,PER_TASK_ALL_TEN_IMPLEMENTATION_CONFLICT,cope_benchmark/repeated_v2/task_catalog.py:266,research/repeated_v2_formal_readiness_20260906/CURRENT_PREFLIGHT.txt,78da922e4dbd1411f1aa91846b88fc5d621be4856faf76cd87ca864eeeb0348c
GAP-0184,2,KITCHEN_SCENE3_turn_on_the_stove_and_put_the_moka_pot_on_it,task 2: missing alternative_valid_goals,alternative_valid_goals,,,Alternative valid goals absent and unresolved,PER_TASK,T02:alternative_valid_goals,T02:alternative_valid_goals,G-MEASUREMENT;G-SCOPE,SOURCE_GROUNDED_AUTHORING_THEN_VERIFY,Feasible task-valid family/predicate/arguments/source_ref records and verifier grounding; no invented alternatives,catalog_complete;goal_replacement_semantics,empty_required_semantic_field,DEPENDS_ON_REQUIRED_REPLACEMENT_VARIANTS,cope_benchmark/repeated_v2/task_catalog.py:213,research/repeated_v2_formal_readiness_20260906/CURRENT_PREFLIGHT.txt,78da922e4dbd1411f1aa91846b88fc5d621be4856faf76cd87ca864eeeb0348c
GAP-0185,2,KITCHEN_SCENE3_turn_on_the_stove_and_put_the_moka_pot_on_it,task 2: missing certified safe event injection poses/regions GOAL_RECEPTACLE_OR_GROUNDING_CHANGED,safe_event_injections,GOAL_RECEPTACLE_OR_GROUNDING_CHANGED,,Empty safe-event intervention collection,PER_TASK,T02:safe_event_injections,T02:safe_event_injections:GOAL_RECEPTACLE_OR_GROUNDING_CHANGED,G-MEASUREMENT;G-SCOPE,AUTHOR_AND_MEASURE,"Alias-bound entity, explicit safe pose or region, hashed evidence; held-object rules and unaffected progress checked",catalog_complete;physical_intervention_safety,primary_absent_intervention_certificate,PER_TASK_ALL_TEN_IMPLEMENTATION_CONFLICT,cope_benchmark/repeated_v2/task_catalog.py:269,research/repeated_v2_formal_readiness_20260906/CURRENT_PREFLIGHT.txt,78da922e4dbd1411f1aa91846b88fc5d621be4856faf76cd87ca864eeeb0348c
GAP-0186,2,KITCHEN_SCENE3_turn_on_the_stove_and_put_the_moka_pot_on_it,task 2: missing certified safe event injection poses/regions TARGET_OBJECT_DISPLACED,safe_event_injections,TARGET_OBJECT_DISPLACED,,Empty safe-event intervention collection,PER_TASK,T02:safe_event_injections,T02:safe_event_injections:TARGET_OBJECT_DISPLACED,G-MEASUREMENT;G-SCOPE,AUTHOR_AND_MEASURE,"Alias-bound entity, explicit safe pose or region, hashed evidence; held-object rules and unaffected progress checked",catalog_complete;physical_intervention_safety,primary_absent_intervention_certificate,PER_TASK_ALL_TEN_IMPLEMENTATION_CONFLICT,cope_benchmark/repeated_v2/task_catalog.py:269,research/repeated_v2_formal_readiness_20260906/CURRENT_PREFLIGHT.txt,78da922e4dbd1411f1aa91846b88fc5d621be4856faf76cd87ca864eeeb0348c
GAP-0187,2,KITCHEN_SCENE3_turn_on_the_stove_and_put_the_moka_pot_on_it,task 2: missing certified safe event injection poses/regions TEMPORARY_NO_GO_APPEARS,safe_event_injections,TEMPORARY_NO_GO_APPEARS,,Empty safe-event intervention collection,PER_TASK,T02:safe_event_injections,T02:safe_event_injections:TEMPORARY_NO_GO_APPEARS,G-MEASUREMENT;G-SCOPE,AUTHOR_AND_MEASURE,"Alias-bound entity, explicit safe pose or region, hashed evidence; held-object rules and unaffected progress checked",catalog_complete;physical_intervention_safety,primary_absent_intervention_certificate,PER_TASK_ALL_TEN_IMPLEMENTATION_CONFLICT,cope_benchmark/repeated_v2/task_catalog.py:269,research/repeated_v2_formal_readiness_20260906/CURRENT_PREFLIGHT.txt,78da922e4dbd1411f1aa91846b88fc5d621be4856faf76cd87ca864eeeb0348c
GAP-0188,2,KITCHEN_SCENE3_turn_on_the_stove_and_put_the_moka_pot_on_it,task 2: missing certified safe event injection poses/regions TEMPORARY_NO_GO_CLEARS,safe_event_injections,TEMPORARY_NO_GO_CLEARS,,Empty safe-event intervention collection,PER_TASK,T02:safe_event_injections,T02:safe_event_injections:TEMPORARY_NO_GO_CLEARS,G-MEASUREMENT;G-SCOPE,AUTHOR_AND_MEASURE,"Alias-bound entity, explicit safe pose or region, hashed evidence; held-object rules and unaffected progress checked",catalog_complete;physical_intervention_safety,primary_absent_intervention_certificate,PER_TASK_ALL_TEN_IMPLEMENTATION_CONFLICT,cope_benchmark/repeated_v2/task_catalog.py:269,research/repeated_v2_formal_readiness_20260906/CURRENT_PREFLIGHT.txt,78da922e4dbd1411f1aa91846b88fc5d621be4856faf76cd87ca864eeeb0348c
GAP-0189,2,KITCHEN_SCENE3_turn_on_the_stove_and_put_the_moka_pot_on_it,task 2: missing certified safe event injection poses/regions TOOL_OR_TARGET_AVAILABLE_AGAIN,safe_event_injections,TOOL_OR_TARGET_AVAILABLE_AGAIN,,Empty safe-event intervention collection,PER_TASK,T02:safe_event_injections,T02:safe_event_injections:TOOL_OR_TARGET_AVAILABLE_AGAIN,G-MEASUREMENT;G-SCOPE,AUTHOR_AND_MEASURE,"Alias-bound entity, explicit safe pose or region, hashed evidence; held-object rules and unaffected progress checked",catalog_complete;physical_intervention_safety,primary_absent_intervention_certificate,PER_TASK_ALL_TEN_IMPLEMENTATION_CONFLICT,cope_benchmark/repeated_v2/task_catalog.py:269,research/repeated_v2_formal_readiness_20260906/CURRENT_PREFLIGHT.txt,78da922e4dbd1411f1aa91846b88fc5d621be4856faf76cd87ca864eeeb0348c
GAP-0190,2,KITCHEN_SCENE3_turn_on_the_stove_and_put_the_moka_pot_on_it,task 2: missing certified safe event injection poses/regions TOOL_OR_TARGET_TEMPORARILY_UNAVAILABLE,safe_event_injections,TOOL_OR_TARGET_TEMPORARILY_UNAVAILABLE,,Empty safe-event intervention collection,PER_TASK,T02:safe_event_injections,T02:safe_event_injections:TOOL_OR_TARGET_TEMPORARILY_UNAVAILABLE,G-MEASUREMENT;G-SCOPE,AUTHOR_AND_MEASURE,"Alias-bound entity, explicit safe pose or region, hashed evidence; held-object rules and unaffected progress checked",catalog_complete;physical_intervention_safety,primary_absent_intervention_certificate,PER_TASK_ALL_TEN_IMPLEMENTATION_CONFLICT,cope_benchmark/repeated_v2/task_catalog.py:269,research/repeated_v2_formal_readiness_20260906/CURRENT_PREFLIGHT.txt,78da922e4dbd1411f1aa91846b88fc5d621be4856faf76cd87ca864eeeb0348c
GAP-0191,2,KITCHEN_SCENE3_turn_on_the_stove_and_put_the_moka_pot_on_it,task 2: missing hard_safety_constraints,hard_safety_constraints,,,Task hard requirements absent and unresolved,PER_TASK,T02:hard_safety_constraints,T02:hard_safety_constraints,G-MEASUREMENT;G-RUNTIME,SOURCE_GROUNDED_AUTHORING_THEN_VERIFY,Grounded hard requirements and verifier bindings consistent with real task geometry/interventions; no copied defaults,catalog_complete;sealed_hard_requirement_evaluation,empty_required_semantic_field,NO_SCOPE_CHANGE_ASSUMED,cope_benchmark/repeated_v2/task_catalog.py:213,research/repeated_v2_formal_readiness_20260906/CURRENT_PREFLIGHT.txt,78da922e4dbd1411f1aa91846b88fc5d621be4856faf76cd87ca864eeeb0348c
GAP-0192,2,KITCHEN_SCENE3_turn_on_the_stove_and_put_the_moka_pot_on_it,task 2: missing initial state digest 0,initial_state_digests,,0,Five-state initial-state hash pack absent,PER_TASK,T02:initial_state_digests,T02:initial_state_digests,G-ASSETS,CONDITIONAL_AUTOMATIC_FROM_AUTHENTIC_BYTES,"Exact states0..4 and serialization/source/version binding, yielding five SHA256 receipts; authentic source-asset availability was not audited here",catalog_complete;calibration_state_binding;manifest_identity,distinct_hash_receipt_in_task_pack,NO_SCOPE_CHANGE_ASSUMED,cope_benchmark/repeated_v2/task_catalog.py:250,research/repeated_v2_formal_readiness_20260906/CURRENT_PREFLIGHT.txt,78da922e4dbd1411f1aa91846b88fc5d621be4856faf76cd87ca864eeeb0348c
GAP-0193,2,KITCHEN_SCENE3_turn_on_the_stove_and_put_the_moka_pot_on_it,task 2: missing initial state digest 1,initial_state_digests,,1,Five-state initial-state hash pack absent,PER_TASK,T02:initial_state_digests,T02:initial_state_digests,G-ASSETS,CONDITIONAL_AUTOMATIC_FROM_AUTHENTIC_BYTES,"Exact states0..4 and serialization/source/version binding, yielding five SHA256 receipts; authentic source-asset availability was not audited here",catalog_complete;calibration_state_binding;manifest_identity,distinct_hash_receipt_in_task_pack,NO_SCOPE_CHANGE_ASSUMED,cope_benchmark/repeated_v2/task_catalog.py:250,research/repeated_v2_formal_readiness_20260906/CURRENT_PREFLIGHT.txt,78da922e4dbd1411f1aa91846b88fc5d621be4856faf76cd87ca864eeeb0348c
GAP-0194,2,KITCHEN_SCENE3_turn_on_the_stove_and_put_the_moka_pot_on_it,task 2: missing initial state digest 2,initial_state_digests,,2,Five-state initial-state hash pack absent,PER_TASK,T02:initial_state_digests,T02:initial_state_digests,G-ASSETS,CONDITIONAL_AUTOMATIC_FROM_AUTHENTIC_BYTES,"Exact states0..4 and serialization/source/version binding, yielding five SHA256 receipts; authentic source-asset availability was not audited here",catalog_complete;calibration_state_binding;manifest_identity,distinct_hash_receipt_in_task_pack,NO_SCOPE_CHANGE_ASSUMED,cope_benchmark/repeated_v2/task_catalog.py:250,research/repeated_v2_formal_readiness_20260906/CURRENT_PREFLIGHT.txt,78da922e4dbd1411f1aa91846b88fc5d621be4856faf76cd87ca864eeeb0348c
GAP-0195,2,KITCHEN_SCENE3_turn_on_the_stove_and_put_the_moka_pot_on_it,task 2: missing initial state digest 3,initial_state_digests,,3,Five-state initial-state hash pack absent,PER_TASK,T02:initial_state_digests,T02:initial_state_digests,G-ASSETS,CONDITIONAL_AUTOMATIC_FROM_AUTHENTIC_BYTES,"Exact states0..4 and serialization/source/version binding, yielding five SHA256 receipts; authentic source-asset availability was not audited here",catalog_complete;calibration_state_binding;manifest_identity,distinct_hash_receipt_in_task_pack,NO_SCOPE_CHANGE_ASSUMED,cope_benchmark/repeated_v2/task_catalog.py:250,research/repeated_v2_formal_readiness_20260906/CURRENT_PREFLIGHT.txt,78da922e4dbd1411f1aa91846b88fc5d621be4856faf76cd87ca864eeeb0348c
GAP-0196,2,KITCHEN_SCENE3_turn_on_the_stove_and_put_the_moka_pot_on_it,task 2: missing initial state digest 4,initial_state_digests,,4,Five-state initial-state hash pack absent,PER_TASK,T02:initial_state_digests,T02:initial_state_digests,G-ASSETS,CONDITIONAL_AUTOMATIC_FROM_AUTHENTIC_BYTES,"Exact states0..4 and serialization/source/version binding, yielding five SHA256 receipts; authentic source-asset availability was not audited here",catalog_complete;calibration_state_binding;manifest_identity,distinct_hash_receipt_in_task_pack,NO_SCOPE_CHANGE_ASSUMED,cope_benchmark/repeated_v2/task_catalog.py:250,research/repeated_v2_formal_readiness_20260906/CURRENT_PREFLIGHT.txt,78da922e4dbd1411f1aa91846b88fc5d621be4856faf76cd87ca864eeeb0348c
GAP-0197,2,KITCHEN_SCENE3_turn_on_the_stove_and_put_the_moka_pot_on_it,task 2: missing planner_compiler_metadata,planner_compiler_metadata,,,Task compiler grounding metadata absent and unresolved,PER_TASK,T02:planner_compiler_metadata,T02:planner_compiler_metadata,G-RUNTIME;G-MEASUREMENT,BIND_IMPLEMENTATION_AND_VERIFY,Explicit supported predicate/operator/skill/instruction bindings; preserve accepted omissions and corruption; no canonical-truth repair,catalog_complete;pure_common_compiler;neutral_backend,empty_required_semantic_field,NO_SCOPE_CHANGE_ASSUMED,cope_benchmark/repeated_v2/task_catalog.py:213,research/repeated_v2_formal_readiness_20260906/CURRENT_PREFLIGHT.txt,78da922e4dbd1411f1aa91846b88fc5d621be4856faf76cd87ca864eeeb0348c
GAP-0198,2,KITCHEN_SCENE3_turn_on_the_stove_and_put_the_moka_pot_on_it,task 2: missing replaceable_goal_families,replaceable_goal_families,,,Replaceable family map absent and unresolved,PER_TASK,T02:replaceable_goal_families,T02:replaceable_goal_families,G-MEASUREMENT;G-SCOPE,SOURCE_GROUNDED_AUTHORING_THEN_VERIFY,Explicit family IDs already present in initial goals; supported replacement/retirement/reissue semantics,catalog_complete;goal_lifecycle_semantics,empty_required_semantic_field,DEPENDS_ON_REQUIRED_REPLACEMENT_VARIANTS,cope_benchmark/repeated_v2/task_catalog.py:213,research/repeated_v2_formal_readiness_20260906/CURRENT_PREFLIGHT.txt,78da922e4dbd1411f1aa91846b88fc5d621be4856faf76cd87ca864eeeb0348c
GAP-0199,2,KITCHEN_SCENE3_turn_on_the_stove_and_put_the_moka_pot_on_it,task 2: missing semantic trigger/guard GOAL_RECEPTACLE_OR_GROUNDING_CHANGED,semantic_triggers,GOAL_RECEPTACLE_OR_GROUNDING_CHANGED,,Empty semantic_triggers collection,PER_TASK,T02:semantic_triggers,T02:semantic_triggers:GOAL_RECEPTACLE_OR_GROUNDING_CHANGED,G-MEASUREMENT;G-SCOPE,AUTHOR_AND_VERIFY,Task-grounded predicate and feasibility guard; earliest/latest steps and spacing>=10; actual monitor/observation provenance,catalog_complete;semantic_schedule;fresh_event_observation,same_absent_trigger_guard_cascade,PER_TASK_ALL_TEN_IMPLEMENTATION_CONFLICT,cope_benchmark/repeated_v2/task_catalog.py:264,research/repeated_v2_formal_readiness_20260906/CURRENT_PREFLIGHT.txt,78da922e4dbd1411f1aa91846b88fc5d621be4856faf76cd87ca864eeeb0348c
GAP-0200,2,KITCHEN_SCENE3_turn_on_the_stove_and_put_the_moka_pot_on_it,task 2: missing semantic trigger/guard TARGET_OBJECT_DISPLACED,semantic_triggers,TARGET_OBJECT_DISPLACED,,Empty semantic_triggers collection,PER_TASK,T02:semantic_triggers,T02:semantic_triggers:TARGET_OBJECT_DISPLACED,G-MEASUREMENT;G-SCOPE,AUTHOR_AND_VERIFY,Task-grounded predicate and feasibility guard; earliest/latest steps and spacing>=10; actual monitor/observation provenance,catalog_complete;semantic_schedule;fresh_event_observation,same_absent_trigger_guard_cascade,PER_TASK_ALL_TEN_IMPLEMENTATION_CONFLICT,cope_benchmark/repeated_v2/task_catalog.py:264,research/repeated_v2_formal_readiness_20260906/CURRENT_PREFLIGHT.txt,78da922e4dbd1411f1aa91846b88fc5d621be4856faf76cd87ca864eeeb0348c
GAP-0201,2,KITCHEN_SCENE3_turn_on_the_stove_and_put_the_moka_pot_on_it,task 2: missing semantic trigger/guard TEMPORARY_NO_GO_APPEARS,semantic_triggers,TEMPORARY_NO_GO_APPEARS,,Empty semantic_triggers collection,PER_TASK,T02:semantic_triggers,T02:semantic_triggers:TEMPORARY_NO_GO_APPEARS,G-MEASUREMENT;G-SCOPE,AUTHOR_AND_VERIFY,Task-grounded predicate and feasibility guard; earliest/latest steps and spacing>=10; actual monitor/observation provenance,catalog_complete;semantic_schedule;fresh_event_observation,same_absent_trigger_guard_cascade,PER_TASK_ALL_TEN_IMPLEMENTATION_CONFLICT,cope_benchmark/repeated_v2/task_catalog.py:264,research/repeated_v2_formal_readiness_20260906/CURRENT_PREFLIGHT.txt,78da922e4dbd1411f1aa91846b88fc5d621be4856faf76cd87ca864eeeb0348c
GAP-0202,2,KITCHEN_SCENE3_turn_on_the_stove_and_put_the_moka_pot_on_it,task 2: missing semantic trigger/guard TEMPORARY_NO_GO_CLEARS,semantic_triggers,TEMPORARY_NO_GO_CLEARS,,Empty semantic_triggers collection,PER_TASK,T02:semantic_triggers,T02:semantic_triggers:TEMPORARY_NO_GO_CLEARS,G-MEASUREMENT;G-SCOPE,AUTHOR_AND_VERIFY,Task-grounded predicate and feasibility guard; earliest/latest steps and spacing>=10; actual monitor/observation provenance,catalog_complete;semantic_schedule;fresh_event_observation,same_absent_trigger_guard_cascade,PER_TASK_ALL_TEN_IMPLEMENTATION_CONFLICT,cope_benchmark/repeated_v2/task_catalog.py:264,research/repeated_v2_formal_readiness_20260906/CURRENT_PREFLIGHT.txt,78da922e4dbd1411f1aa91846b88fc5d621be4856faf76cd87ca864eeeb0348c
GAP-0203,2,KITCHEN_SCENE3_turn_on_the_stove_and_put_the_moka_pot_on_it,task 2: missing semantic trigger/guard TOOL_OR_TARGET_AVAILABLE_AGAIN,semantic_triggers,TOOL_OR_TARGET_AVAILABLE_AGAIN,,Empty semantic_triggers collection,PER_TASK,T02:semantic_triggers,T02:semantic_triggers:TOOL_OR_TARGET_AVAILABLE_AGAIN,G-MEASUREMENT;G-SCOPE,AUTHOR_AND_VERIFY,Task-grounded predicate and feasibility guard; earliest/latest steps and spacing>=10; actual monitor/observation provenance,catalog_complete;semantic_schedule;fresh_event_observation,same_absent_trigger_guard_cascade,PER_TASK_ALL_TEN_IMPLEMENTATION_CONFLICT,cope_benchmark/repeated_v2/task_catalog.py:264,research/repeated_v2_formal_readiness_20260906/CURRENT_PREFLIGHT.txt,78da922e4dbd1411f1aa91846b88fc5d621be4856faf76cd87ca864eeeb0348c
GAP-0204,2,KITCHEN_SCENE3_turn_on_the_stove_and_put_the_moka_pot_on_it,task 2: missing semantic trigger/guard TOOL_OR_TARGET_TEMPORARILY_UNAVAILABLE,semantic_triggers,TOOL_OR_TARGET_TEMPORARILY_UNAVAILABLE,,Empty semantic_triggers collection,PER_TASK,T02:semantic_triggers,T02:semantic_triggers:TOOL_OR_TARGET_TEMPORARILY_UNAVAILABLE,G-MEASUREMENT;G-SCOPE,AUTHOR_AND_VERIFY,Task-grounded predicate and feasibility guard; earliest/latest steps and spacing>=10; actual monitor/observation provenance,catalog_complete;semantic_schedule;fresh_event_observation,same_absent_trigger_guard_cascade,PER_TASK_ALL_TEN_IMPLEMENTATION_CONFLICT,cope_benchmark/repeated_v2/task_catalog.py:264,research/repeated_v2_formal_readiness_20260906/CURRENT_PREFLIGHT.txt,78da922e4dbd1411f1aa91846b88fc5d621be4856faf76cd87ca864eeeb0348c
GAP-0205,2,KITCHEN_SCENE3_turn_on_the_stove_and_put_the_moka_pot_on_it,task 2: missing semantic trigger/guard USER_ADDS_PERSISTENT_PREFERENCE,semantic_triggers,USER_ADDS_PERSISTENT_PREFERENCE,,Empty semantic_triggers collection,PER_TASK,T02:semantic_triggers,T02:semantic_triggers:USER_ADDS_PERSISTENT_PREFERENCE,G-MEASUREMENT;G-SCOPE,AUTHOR_AND_VERIFY,Task-grounded predicate and feasibility guard; earliest/latest steps and spacing>=10; actual monitor/observation provenance,catalog_complete;semantic_schedule;fresh_event_observation,same_absent_trigger_guard_cascade,PER_TASK_ALL_TEN_IMPLEMENTATION_CONFLICT,cope_benchmark/repeated_v2/task_catalog.py:264,research/repeated_v2_formal_readiness_20260906/CURRENT_PREFLIGHT.txt,78da922e4dbd1411f1aa91846b88fc5d621be4856faf76cd87ca864eeeb0348c
GAP-0206,2,KITCHEN_SCENE3_turn_on_the_stove_and_put_the_moka_pot_on_it,task 2: missing semantic trigger/guard USER_CANCELS_ACTIVE_GOAL,semantic_triggers,USER_CANCELS_ACTIVE_GOAL,,Empty semantic_triggers collection,PER_TASK,T02:semantic_triggers,T02:semantic_triggers:USER_CANCELS_ACTIVE_GOAL,G-MEASUREMENT;G-SCOPE,AUTHOR_AND_VERIFY,Task-grounded predicate and feasibility guard; earliest/latest steps and spacing>=10; actual monitor/observation provenance,catalog_complete;semantic_schedule;fresh_event_observation,same_absent_trigger_guard_cascade,PER_TASK_ALL_TEN_IMPLEMENTATION_CONFLICT,cope_benchmark/repeated_v2/task_catalog.py:264,research/repeated_v2_formal_readiness_20260906/CURRENT_PREFLIGHT.txt,78da922e4dbd1411f1aa91846b88fc5d621be4856faf76cd87ca864eeeb0348c
GAP-0207,2,KITCHEN_SCENE3_turn_on_the_stove_and_put_the_moka_pot_on_it,task 2: missing semantic trigger/guard USER_REISSUES_RETIRED_GOAL,semantic_triggers,USER_REISSUES_RETIRED_GOAL,,Empty semantic_triggers collection,PER_TASK,T02:semantic_triggers,T02:semantic_triggers:USER_REISSUES_RETIRED_GOAL,G-MEASUREMENT;G-SCOPE,AUTHOR_AND_VERIFY,Task-grounded predicate and feasibility guard; earliest/latest steps and spacing>=10; actual monitor/observation provenance,catalog_complete;semantic_schedule;fresh_event_observation,same_absent_trigger_guard_cascade,PER_TASK_ALL_TEN_IMPLEMENTATION_CONFLICT,cope_benchmark/repeated_v2/task_catalog.py:264,research/repeated_v2_formal_readiness_20260906/CURRENT_PREFLIGHT.txt,78da922e4dbd1411f1aa91846b88fc5d621be4856faf76cd87ca864eeeb0348c
GAP-0208,2,KITCHEN_SCENE3_turn_on_the_stove_and_put_the_moka_pot_on_it,task 2: missing semantic trigger/guard USER_REPLACES_ACTIVE_GOAL,semantic_triggers,USER_REPLACES_ACTIVE_GOAL,,Empty semantic_triggers collection,PER_TASK,T02:semantic_triggers,T02:semantic_triggers:USER_REPLACES_ACTIVE_GOAL,G-MEASUREMENT;G-SCOPE,AUTHOR_AND_VERIFY,Task-grounded predicate and feasibility guard; earliest/latest steps and spacing>=10; actual monitor/observation provenance,catalog_complete;semantic_schedule;fresh_event_observation,same_absent_trigger_guard_cascade,PER_TASK_ALL_TEN_IMPLEMENTATION_CONFLICT,cope_benchmark/repeated_v2/task_catalog.py:264,research/repeated_v2_formal_readiness_20260906/CURRENT_PREFLIGHT.txt,78da922e4dbd1411f1aa91846b88fc5d621be4856faf76cd87ca864eeeb0348c
GAP-0209,2,KITCHEN_SCENE3_turn_on_the_stove_and_put_the_moka_pot_on_it,task 2: missing soft_preference_templates,soft_preference_templates,,,Persistent preference templates absent and unresolved,PER_TASK,T02:soft_preference_templates,T02:soft_preference_templates,G-MEASUREMENT;G-RUNTIME,SOURCE_GROUNDED_AUTHORING_THEN_VERIFY,Task-valid public preference templates with persistence scope and separately sealed scoring semantics,catalog_complete;persistent_preference_event,empty_required_semantic_field,NO_SCOPE_CHANGE_ASSUMED,cope_benchmark/repeated_v2/task_catalog.py:213,research/repeated_v2_formal_readiness_20260906/CURRENT_PREFLIGHT.txt,78da922e4dbd1411f1aa91846b88fc5d621be4856faf76cd87ca864eeeb0348c
GAP-0210,2,KITCHEN_SCENE3_turn_on_the_stove_and_put_the_moka_pot_on_it,task 2: no verified preservable milestone,structural_and_milestones,,,No structural/milestone evidence dossier; BDDL predicates are candidates only,PER_TASK,T02:structural_and_milestones,T02:structural_and_milestones,G-MEASUREMENT,AUTHOR_AND_MEASURE_NO_AUTOFILL,"Four structural decisions with evidence_refs; >=2 distinct independently verifiable milestones, >=1 preservable; task5 needs a valid second milestone or documented ineligibility",catalog_complete;structural_task_eligibility;progress_preservation,structural_checks_share_task_dossier,NO_SCOPE_CHANGE_ASSUMED,cope_benchmark/repeated_v2/task_catalog.py:241,research/repeated_v2_formal_readiness_20260906/CURRENT_PREFLIGHT.txt,78da922e4dbd1411f1aa91846b88fc5d621be4856faf76cd87ca864eeeb0348c
GAP-0211,2,KITCHEN_SCENE3_turn_on_the_stove_and_put_the_moka_pot_on_it,task 2: unresolved alternative_valid_goals,alternative_valid_goals,,,Alternative valid goals absent and unresolved,PER_TASK,T02:alternative_valid_goals,T02:alternative_valid_goals,G-MEASUREMENT;G-SCOPE,SOURCE_GROUNDED_AUTHORING_THEN_VERIFY,Feasible task-valid family/predicate/arguments/source_ref records and verifier grounding; no invented alternatives,catalog_complete;goal_replacement_semantics,collection_unresolved_marker,DEPENDS_ON_REQUIRED_REPLACEMENT_VARIANTS,cope_benchmark/repeated_v2/task_catalog.py:211,research/repeated_v2_formal_readiness_20260906/CURRENT_PREFLIGHT.txt,78da922e4dbd1411f1aa91846b88fc5d621be4856faf76cd87ca864eeeb0348c
GAP-0212,2,KITCHEN_SCENE3_turn_on_the_stove_and_put_the_moka_pot_on_it,task 2: unresolved calibration_records,calibration_records,,,Zero authentic v2 calibration records; identity-cardinality errors are empty-set cascades,PER_TASK,T02:calibration_records,T02:calibration_records,G-POLICY;G-RUNTIME,MEASURE_OR_RECOVER_AUTHENTIC_EVIDENCE,"10 clean learned/nonprivileged outcomes per task: states0..4 x seeds101,131; horizon260; terminal outcome including failures; shared policy/checkpoint/protocol; unique raw trace hashes",catalog_complete;clean_policy_calibration;task_eligibility,collection_unresolved_marker,NO_SCOPE_CHANGE_ASSUMED,cope_benchmark/repeated_v2/task_catalog.py:211,research/repeated_v2_formal_readiness_20260906/CURRENT_PREFLIGHT.txt,78da922e4dbd1411f1aa91846b88fc5d621be4856faf76cd87ca864eeeb0348c
GAP-0213,2,KITCHEN_SCENE3_turn_on_the_stove_and_put_the_moka_pot_on_it,task 2: unresolved event_feasibility,event_feasibility,,,Empty event_feasibility collection,PER_TASK,T02:event_feasibility,T02:event_feasibility:TARGET_OBJECT_DISPLACED;T02:event_feasibility:GOAL_RECEPTACLE_OR_GROUNDING_CHANGED;T02:event_feasibility:TEMPORARY_NO_GO_APPEARS;T02:event_feasibility:TEMPORARY_NO_GO_CLEARS;T02:event_feasibility:USER_ADDS_PERSISTENT_PREFERENCE;T02:event_feasibility:TOOL_OR_TARGET_TEMPORARILY_UNAVAILABLE;T02:event_feasibility:TOOL_OR_TARGET_AVAILABLE_AGAIN;T02:event_feasibility:USER_REPLACES_ACTIVE_GOAL;T02:event_feasibility:USER_CANCELS_ACTIVE_GOAL;T02:event_feasibility:USER_REISSUES_RETIRED_GOAL,G-MEASUREMENT;G-SCOPE,MEASURE_OR_RECOVER_AUTHENTIC_EVIDENCE,"Explicit passed true/false, evidence_refs and covered_state_ids0..4 for each applicable task/family under current code; real simulator/safety evidence",catalog_complete;event_feasibility;task_eligibility,collection_unresolved_marker,PER_TASK_ALL_TEN_IMPLEMENTATION_CONFLICT,cope_benchmark/repeated_v2/task_catalog.py:211,research/repeated_v2_formal_readiness_20260906/CURRENT_PREFLIGHT.txt,78da922e4dbd1411f1aa91846b88fc5d621be4856faf76cd87ca864eeeb0348c
GAP-0214,2,KITCHEN_SCENE3_turn_on_the_stove_and_put_the_moka_pot_on_it,task 2: unresolved hard_safety_constraints,hard_safety_constraints,,,Task hard requirements absent and unresolved,PER_TASK,T02:hard_safety_constraints,T02:hard_safety_constraints,G-MEASUREMENT;G-RUNTIME,SOURCE_GROUNDED_AUTHORING_THEN_VERIFY,Grounded hard requirements and verifier bindings consistent with real task geometry/interventions; no copied defaults,catalog_complete;sealed_hard_requirement_evaluation,collection_unresolved_marker,NO_SCOPE_CHANGE_ASSUMED,cope_benchmark/repeated_v2/task_catalog.py:211,research/repeated_v2_formal_readiness_20260906/CURRENT_PREFLIGHT.txt,78da922e4dbd1411f1aa91846b88fc5d621be4856faf76cd87ca864eeeb0348c
GAP-0215,2,KITCHEN_SCENE3_turn_on_the_stove_and_put_the_moka_pot_on_it,task 2: unresolved initial_state_digests,initial_state_digests,,,Five-state initial-state hash pack absent,PER_TASK,T02:initial_state_digests,T02:initial_state_digests,G-ASSETS,CONDITIONAL_AUTOMATIC_FROM_AUTHENTIC_BYTES,"Exact states0..4 and serialization/source/version binding, yielding five SHA256 receipts; authentic source-asset availability was not audited here",catalog_complete;calibration_state_binding;manifest_identity,collection_unresolved_marker,NO_SCOPE_CHANGE_ASSUMED,cope_benchmark/repeated_v2/task_catalog.py:211,research/repeated_v2_formal_readiness_20260906/CURRENT_PREFLIGHT.txt,78da922e4dbd1411f1aa91846b88fc5d621be4856faf76cd87ca864eeeb0348c
GAP-0216,2,KITCHEN_SCENE3_turn_on_the_stove_and_put_the_moka_pot_on_it,task 2: unresolved maintenance_invariants,maintenance_invariants,,,Maintenance semantics unresolved; empty list does not prove none apply,PER_TASK,T02:maintenance_invariants,T02:maintenance_invariants,G-MEASUREMENT,SOURCE_GROUNDED_AUTHORING_THEN_VERIFY,Identify unaffected achievements/continuous maintenance requirements or certify empty semantics where allowed; evidence must precede clearing unresolved marker,catalog_complete;unaffected_progress_preservation,collection_unresolved_marker,NO_SCOPE_CHANGE_ASSUMED,cope_benchmark/repeated_v2/task_catalog.py:211,research/repeated_v2_formal_readiness_20260906/CURRENT_PREFLIGHT.txt,78da922e4dbd1411f1aa91846b88fc5d621be4856faf76cd87ca864eeeb0348c
GAP-0217,2,KITCHEN_SCENE3_turn_on_the_stove_and_put_the_moka_pot_on_it,task 2: unresolved planner_compiler_metadata,planner_compiler_metadata,,,Task compiler grounding metadata absent and unresolved,PER_TASK,T02:planner_compiler_metadata,T02:planner_compiler_metadata,G-RUNTIME;G-MEASUREMENT,BIND_IMPLEMENTATION_AND_VERIFY,Explicit supported predicate/operator/skill/instruction bindings; preserve accepted omissions and corruption; no canonical-truth repair,catalog_complete;pure_common_compiler;neutral_backend,collection_unresolved_marker,NO_SCOPE_CHANGE_ASSUMED,cope_benchmark/repeated_v2/task_catalog.py:211,research/repeated_v2_formal_readiness_20260906/CURRENT_PREFLIGHT.txt,78da922e4dbd1411f1aa91846b88fc5d621be4856faf76cd87ca864eeeb0348c
GAP-0218,2,KITCHEN_SCENE3_turn_on_the_stove_and_put_the_moka_pot_on_it,task 2: unresolved replaceable_goal_families,replaceable_goal_families,,,Replaceable family map absent and unresolved,PER_TASK,T02:replaceable_goal_families,T02:replaceable_goal_families,G-MEASUREMENT;G-SCOPE,SOURCE_GROUNDED_AUTHORING_THEN_VERIFY,Explicit family IDs already present in initial goals; supported replacement/retirement/reissue semantics,catalog_complete;goal_lifecycle_semantics,collection_unresolved_marker,DEPENDS_ON_REQUIRED_REPLACEMENT_VARIANTS,cope_benchmark/repeated_v2/task_catalog.py:211,research/repeated_v2_formal_readiness_20260906/CURRENT_PREFLIGHT.txt,78da922e4dbd1411f1aa91846b88fc5d621be4856faf76cd87ca864eeeb0348c
GAP-0219,2,KITCHEN_SCENE3_turn_on_the_stove_and_put_the_moka_pot_on_it,task 2: unresolved safe_event_injection_poses,safe_event_injections,,,Empty safe-event intervention collection,PER_TASK,T02:safe_event_injections,T02:safe_event_injections:TARGET_OBJECT_DISPLACED;T02:safe_event_injections:GOAL_RECEPTACLE_OR_GROUNDING_CHANGED;T02:safe_event_injections:TEMPORARY_NO_GO_APPEARS;T02:safe_event_injections:TEMPORARY_NO_GO_CLEARS;T02:safe_event_injections:TOOL_OR_TARGET_TEMPORARILY_UNAVAILABLE;T02:safe_event_injections:TOOL_OR_TARGET_AVAILABLE_AGAIN,G-MEASUREMENT;G-SCOPE,AUTHOR_AND_MEASURE,"Alias-bound entity, explicit safe pose or region, hashed evidence; held-object rules and unaffected progress checked",catalog_complete;physical_intervention_safety,collection_unresolved_marker,PER_TASK_ALL_TEN_IMPLEMENTATION_CONFLICT,cope_benchmark/repeated_v2/task_catalog.py:211,research/repeated_v2_formal_readiness_20260906/CURRENT_PREFLIGHT.txt,78da922e4dbd1411f1aa91846b88fc5d621be4856faf76cd87ca864eeeb0348c
GAP-0220,2,KITCHEN_SCENE3_turn_on_the_stove_and_put_the_moka_pot_on_it,task 2: unresolved semantic_triggers,semantic_triggers,,,Empty semantic_triggers collection,PER_TASK,T02:semantic_triggers,T02:semantic_triggers:TARGET_OBJECT_DISPLACED;T02:semantic_triggers:GOAL_RECEPTACLE_OR_GROUNDING_CHANGED;T02:semantic_triggers:TEMPORARY_NO_GO_APPEARS;T02:semantic_triggers:TEMPORARY_NO_GO_CLEARS;T02:semantic_triggers:USER_ADDS_PERSISTENT_PREFERENCE;T02:semantic_triggers:TOOL_OR_TARGET_TEMPORARILY_UNAVAILABLE;T02:semantic_triggers:TOOL_OR_TARGET_AVAILABLE_AGAIN;T02:semantic_triggers:USER_REPLACES_ACTIVE_GOAL;T02:semantic_triggers:USER_CANCELS_ACTIVE_GOAL;T02:semantic_triggers:USER_REISSUES_RETIRED_GOAL,G-MEASUREMENT;G-SCOPE,AUTHOR_AND_VERIFY,Task-grounded predicate and feasibility guard; earliest/latest steps and spacing>=10; actual monitor/observation provenance,catalog_complete;semantic_schedule;fresh_event_observation,collection_unresolved_marker,PER_TASK_ALL_TEN_IMPLEMENTATION_CONFLICT,cope_benchmark/repeated_v2/task_catalog.py:211,research/repeated_v2_formal_readiness_20260906/CURRENT_PREFLIGHT.txt,78da922e4dbd1411f1aa91846b88fc5d621be4856faf76cd87ca864eeeb0348c
GAP-0221,2,KITCHEN_SCENE3_turn_on_the_stove_and_put_the_moka_pot_on_it,task 2: unresolved soft_preference_templates,soft_preference_templates,,,Persistent preference templates absent and unresolved,PER_TASK,T02:soft_preference_templates,T02:soft_preference_templates,G-MEASUREMENT;G-RUNTIME,SOURCE_GROUNDED_AUTHORING_THEN_VERIFY,Task-valid public preference templates with persistence scope and separately sealed scoring semantics,catalog_complete;persistent_preference_event,collection_unresolved_marker,NO_SCOPE_CHANGE_ASSUMED,cope_benchmark/repeated_v2/task_catalog.py:211,research/repeated_v2_formal_readiness_20260906/CURRENT_PREFLIGHT.txt,78da922e4dbd1411f1aa91846b88fc5d621be4856faf76cd87ca864eeeb0348c
GAP-0222,2,KITCHEN_SCENE3_turn_on_the_stove_and_put_the_moka_pot_on_it,task 2: unresolved structural_checks,structural_and_milestones,,,No structural/milestone evidence dossier; BDDL predicates are candidates only,PER_TASK,T02:structural_and_milestones,T02:structural_and_milestones,G-MEASUREMENT,AUTHOR_AND_MEASURE_NO_AUTOFILL,"Four structural decisions with evidence_refs; >=2 distinct independently verifiable milestones, >=1 preservable; task5 needs a valid second milestone or documented ineligibility",catalog_complete;structural_task_eligibility;progress_preservation,collection_unresolved_marker,NO_SCOPE_CHANGE_ASSUMED,cope_benchmark/repeated_v2/task_catalog.py:211,research/repeated_v2_formal_readiness_20260906/CURRENT_PREFLIGHT.txt,78da922e4dbd1411f1aa91846b88fc5d621be4856faf76cd87ca864eeeb0348c
GAP-0223,2,KITCHEN_SCENE3_turn_on_the_stove_and_put_the_moka_pot_on_it,task 2: unresolved supported_event_families,supported_event_families,,,No task support declaration; validator demands all ten per task,PER_TASK,T02:supported_event_families,T02:supported_event_families,G-SCOPE;G-MEASUREMENT,REQUIRES_SCOPE_DECISION_AND_EVIDENCE,Actual task-specific supported/unsupported family map; explicit review of all-ten validator conflict; never copy global library as support evidence,catalog_complete;task_eligibility;schedule_support,collection_unresolved_marker,PER_TASK_ALL_TEN_IMPLEMENTATION_CONFLICT,cope_benchmark/repeated_v2/task_catalog.py:211,research/repeated_v2_formal_readiness_20260906/CURRENT_PREFLIGHT.txt,78da922e4dbd1411f1aa91846b88fc5d621be4856faf76cd87ca864eeeb0348c
GAP-0224,2,KITCHEN_SCENE3_turn_on_the_stove_and_put_the_moka_pot_on_it,task 2: unverified event feasibility GOAL_RECEPTACLE_OR_GROUNDING_CHANGED,event_feasibility,GOAL_RECEPTACLE_OR_GROUNDING_CHANGED,,Empty event_feasibility collection,PER_TASK,T02:event_feasibility,T02:event_feasibility:GOAL_RECEPTACLE_OR_GROUNDING_CHANGED,G-MEASUREMENT;G-SCOPE,MEASURE_OR_RECOVER_AUTHENTIC_EVIDENCE,"Explicit passed true/false, evidence_refs and covered_state_ids0..4 for each applicable task/family under current code; real simulator/safety evidence",catalog_complete;event_feasibility;task_eligibility,primary_absent_family_certificate,PER_TASK_ALL_TEN_IMPLEMENTATION_CONFLICT,cope_benchmark/repeated_v2/task_catalog.py:255,research/repeated_v2_formal_readiness_20260906/CURRENT_PREFLIGHT.txt,78da922e4dbd1411f1aa91846b88fc5d621be4856faf76cd87ca864eeeb0348c
GAP-0225,2,KITCHEN_SCENE3_turn_on_the_stove_and_put_the_moka_pot_on_it,task 2: unverified event feasibility TARGET_OBJECT_DISPLACED,event_feasibility,TARGET_OBJECT_DISPLACED,,Empty event_feasibility collection,PER_TASK,T02:event_feasibility,T02:event_feasibility:TARGET_OBJECT_DISPLACED,G-MEASUREMENT;G-SCOPE,MEASURE_OR_RECOVER_AUTHENTIC_EVIDENCE,"Explicit passed true/false, evidence_refs and covered_state_ids0..4 for each applicable task/family under current code; real simulator/safety evidence",catalog_complete;event_feasibility;task_eligibility,primary_absent_family_certificate,PER_TASK_ALL_TEN_IMPLEMENTATION_CONFLICT,cope_benchmark/repeated_v2/task_catalog.py:255,research/repeated_v2_formal_readiness_20260906/CURRENT_PREFLIGHT.txt,78da922e4dbd1411f1aa91846b88fc5d621be4856faf76cd87ca864eeeb0348c
GAP-0226,2,KITCHEN_SCENE3_turn_on_the_stove_and_put_the_moka_pot_on_it,task 2: unverified event feasibility TEMPORARY_NO_GO_APPEARS,event_feasibility,TEMPORARY_NO_GO_APPEARS,,Empty event_feasibility collection,PER_TASK,T02:event_feasibility,T02:event_feasibility:TEMPORARY_NO_GO_APPEARS,G-MEASUREMENT;G-SCOPE,MEASURE_OR_RECOVER_AUTHENTIC_EVIDENCE,"Explicit passed true/false, evidence_refs and covered_state_ids0..4 for each applicable task/family under current code; real simulator/safety evidence",catalog_complete;event_feasibility;task_eligibility,primary_absent_family_certificate,PER_TASK_ALL_TEN_IMPLEMENTATION_CONFLICT,cope_benchmark/repeated_v2/task_catalog.py:255,research/repeated_v2_formal_readiness_20260906/CURRENT_PREFLIGHT.txt,78da922e4dbd1411f1aa91846b88fc5d621be4856faf76cd87ca864eeeb0348c
GAP-0227,2,KITCHEN_SCENE3_turn_on_the_stove_and_put_the_moka_pot_on_it,task 2: unverified event feasibility TEMPORARY_NO_GO_CLEARS,event_feasibility,TEMPORARY_NO_GO_CLEARS,,Empty event_feasibility collection,PER_TASK,T02:event_feasibility,T02:event_feasibility:TEMPORARY_NO_GO_CLEARS,G-MEASUREMENT;G-SCOPE,MEASURE_OR_RECOVER_AUTHENTIC_EVIDENCE,"Explicit passed true/false, evidence_refs and covered_state_ids0..4 for each applicable task/family under current code; real simulator/safety evidence",catalog_complete;event_feasibility;task_eligibility,primary_absent_family_certificate,PER_TASK_ALL_TEN_IMPLEMENTATION_CONFLICT,cope_benchmark/repeated_v2/task_catalog.py:255,research/repeated_v2_formal_readiness_20260906/CURRENT_PREFLIGHT.txt,78da922e4dbd1411f1aa91846b88fc5d621be4856faf76cd87ca864eeeb0348c
GAP-0228,2,KITCHEN_SCENE3_turn_on_the_stove_and_put_the_moka_pot_on_it,task 2: unverified event feasibility TOOL_OR_TARGET_AVAILABLE_AGAIN,event_feasibility,TOOL_OR_TARGET_AVAILABLE_AGAIN,,Empty event_feasibility collection,PER_TASK,T02:event_feasibility,T02:event_feasibility:TOOL_OR_TARGET_AVAILABLE_AGAIN,G-MEASUREMENT;G-SCOPE,MEASURE_OR_RECOVER_AUTHENTIC_EVIDENCE,"Explicit passed true/false, evidence_refs and covered_state_ids0..4 for each applicable task/family under current code; real simulator/safety evidence",catalog_complete;event_feasibility;task_eligibility,primary_absent_family_certificate,PER_TASK_ALL_TEN_IMPLEMENTATION_CONFLICT,cope_benchmark/repeated_v2/task_catalog.py:255,research/repeated_v2_formal_readiness_20260906/CURRENT_PREFLIGHT.txt,78da922e4dbd1411f1aa91846b88fc5d621be4856faf76cd87ca864eeeb0348c
GAP-0229,2,KITCHEN_SCENE3_turn_on_the_stove_and_put_the_moka_pot_on_it,task 2: unverified event feasibility TOOL_OR_TARGET_TEMPORARILY_UNAVAILABLE,event_feasibility,TOOL_OR_TARGET_TEMPORARILY_UNAVAILABLE,,Empty event_feasibility collection,PER_TASK,T02:event_feasibility,T02:event_feasibility:TOOL_OR_TARGET_TEMPORARILY_UNAVAILABLE,G-MEASUREMENT;G-SCOPE,MEASURE_OR_RECOVER_AUTHENTIC_EVIDENCE,"Explicit passed true/false, evidence_refs and covered_state_ids0..4 for each applicable task/family under current code; real simulator/safety evidence",catalog_complete;event_feasibility;task_eligibility,primary_absent_family_certificate,PER_TASK_ALL_TEN_IMPLEMENTATION_CONFLICT,cope_benchmark/repeated_v2/task_catalog.py:255,research/repeated_v2_formal_readiness_20260906/CURRENT_PREFLIGHT.txt,78da922e4dbd1411f1aa91846b88fc5d621be4856faf76cd87ca864eeeb0348c
GAP-0230,2,KITCHEN_SCENE3_turn_on_the_stove_and_put_the_moka_pot_on_it,task 2: unverified event feasibility USER_ADDS_PERSISTENT_PREFERENCE,event_feasibility,USER_ADDS_PERSISTENT_PREFERENCE,,Empty event_feasibility collection,PER_TASK,T02:event_feasibility,T02:event_feasibility:USER_ADDS_PERSISTENT_PREFERENCE,G-MEASUREMENT;G-SCOPE,MEASURE_OR_RECOVER_AUTHENTIC_EVIDENCE,"Explicit passed true/false, evidence_refs and covered_state_ids0..4 for each applicable task/family under current code; real simulator/safety evidence",catalog_complete;event_feasibility;task_eligibility,primary_absent_family_certificate,PER_TASK_ALL_TEN_IMPLEMENTATION_CONFLICT,cope_benchmark/repeated_v2/task_catalog.py:255,research/repeated_v2_formal_readiness_20260906/CURRENT_PREFLIGHT.txt,78da922e4dbd1411f1aa91846b88fc5d621be4856faf76cd87ca864eeeb0348c
GAP-0231,2,KITCHEN_SCENE3_turn_on_the_stove_and_put_the_moka_pot_on_it,task 2: unverified event feasibility USER_CANCELS_ACTIVE_GOAL,event_feasibility,USER_CANCELS_ACTIVE_GOAL,,Empty event_feasibility collection,PER_TASK,T02:event_feasibility,T02:event_feasibility:USER_CANCELS_ACTIVE_GOAL,G-MEASUREMENT;G-SCOPE,MEASURE_OR_RECOVER_AUTHENTIC_EVIDENCE,"Explicit passed true/false, evidence_refs and covered_state_ids0..4 for each applicable task/family under current code; real simulator/safety evidence",catalog_complete;event_feasibility;task_eligibility,primary_absent_family_certificate,PER_TASK_ALL_TEN_IMPLEMENTATION_CONFLICT,cope_benchmark/repeated_v2/task_catalog.py:255,research/repeated_v2_formal_readiness_20260906/CURRENT_PREFLIGHT.txt,78da922e4dbd1411f1aa91846b88fc5d621be4856faf76cd87ca864eeeb0348c
GAP-0232,2,KITCHEN_SCENE3_turn_on_the_stove_and_put_the_moka_pot_on_it,task 2: unverified event feasibility USER_REISSUES_RETIRED_GOAL,event_feasibility,USER_REISSUES_RETIRED_GOAL,,Empty event_feasibility collection,PER_TASK,T02:event_feasibility,T02:event_feasibility:USER_REISSUES_RETIRED_GOAL,G-MEASUREMENT;G-SCOPE,MEASURE_OR_RECOVER_AUTHENTIC_EVIDENCE,"Explicit passed true/false, evidence_refs and covered_state_ids0..4 for each applicable task/family under current code; real simulator/safety evidence",catalog_complete;event_feasibility;task_eligibility,primary_absent_family_certificate,PER_TASK_ALL_TEN_IMPLEMENTATION_CONFLICT,cope_benchmark/repeated_v2/task_catalog.py:255,research/repeated_v2_formal_readiness_20260906/CURRENT_PREFLIGHT.txt,78da922e4dbd1411f1aa91846b88fc5d621be4856faf76cd87ca864eeeb0348c
GAP-0233,2,KITCHEN_SCENE3_turn_on_the_stove_and_put_the_moka_pot_on_it,task 2: unverified event feasibility USER_REPLACES_ACTIVE_GOAL,event_feasibility,USER_REPLACES_ACTIVE_GOAL,,Empty event_feasibility collection,PER_TASK,T02:event_feasibility,T02:event_feasibility:USER_REPLACES_ACTIVE_GOAL,G-MEASUREMENT;G-SCOPE,MEASURE_OR_RECOVER_AUTHENTIC_EVIDENCE,"Explicit passed true/false, evidence_refs and covered_state_ids0..4 for each applicable task/family under current code; real simulator/safety evidence",catalog_complete;event_feasibility;task_eligibility,primary_absent_family_certificate,PER_TASK_ALL_TEN_IMPLEMENTATION_CONFLICT,cope_benchmark/repeated_v2/task_catalog.py:255,research/repeated_v2_formal_readiness_20260906/CURRENT_PREFLIGHT.txt,78da922e4dbd1411f1aa91846b88fc5d621be4856faf76cd87ca864eeeb0348c
GAP-0234,2,KITCHEN_SCENE3_turn_on_the_stove_and_put_the_moka_pot_on_it,task 2: unverified structural check completed_milestone_preservable,structural_and_milestones,,,No structural/milestone evidence dossier; BDDL predicates are candidates only,PER_TASK,T02:structural_and_milestones,T02:structural_and_milestones,G-MEASUREMENT,AUTHOR_AND_MEASURE_NO_AUTOFILL,"Four structural decisions with evidence_refs; >=2 distinct independently verifiable milestones, >=1 preservable; task5 needs a valid second milestone or documented ineligibility",catalog_complete;structural_task_eligibility;progress_preservation,structural_checks_share_task_dossier,NO_SCOPE_CHANGE_ASSUMED,cope_benchmark/repeated_v2/task_catalog.py:246,research/repeated_v2_formal_readiness_20260906/CURRENT_PREFLIGHT.txt,78da922e4dbd1411f1aa91846b88fc5d621be4856faf76cd87ca864eeeb0348c
GAP-0235,2,KITCHEN_SCENE3_turn_on_the_stove_and_put_the_moka_pot_on_it,task 2: unverified structural check cross_skill_requirement_or_persistent_preference,structural_and_milestones,,,No structural/milestone evidence dossier; BDDL predicates are candidates only,PER_TASK,T02:structural_and_milestones,T02:structural_and_milestones,G-MEASUREMENT,AUTHOR_AND_MEASURE_NO_AUTOFILL,"Four structural decisions with evidence_refs; >=2 distinct independently verifiable milestones, >=1 preservable; task5 needs a valid second milestone or documented ineligibility",catalog_complete;structural_task_eligibility;progress_preservation,structural_checks_share_task_dossier,NO_SCOPE_CHANGE_ASSUMED,cope_benchmark/repeated_v2/task_catalog.py:246,research/repeated_v2_formal_readiness_20260906/CURRENT_PREFLIGHT.txt,78da922e4dbd1411f1aa91846b88fc5d621be4856faf76cd87ca864eeeb0348c
GAP-0236,2,KITCHEN_SCENE3_turn_on_the_stove_and_put_the_moka_pot_on_it,task 2: unverified structural check safe_changeable_grounding,structural_and_milestones,,,No structural/milestone evidence dossier; BDDL predicates are candidates only,PER_TASK,T02:structural_and_milestones,T02:structural_and_milestones,G-MEASUREMENT,AUTHOR_AND_MEASURE_NO_AUTOFILL,"Four structural decisions with evidence_refs; >=2 distinct independently verifiable milestones, >=1 preservable; task5 needs a valid second milestone or documented ineligibility",catalog_complete;structural_task_eligibility;progress_preservation,structural_checks_share_task_dossier,NO_SCOPE_CHANGE_ASSUMED,cope_benchmark/repeated_v2/task_catalog.py:246,research/repeated_v2_formal_readiness_20260906/CURRENT_PREFLIGHT.txt,78da922e4dbd1411f1aa91846b88fc5d621be4856faf76cd87ca864eeeb0348c
GAP-0237,2,KITCHEN_SCENE3_turn_on_the_stove_and_put_the_moka_pot_on_it,task 2: unverified structural check two_independently_verifiable_milestones,structural_and_milestones,,,No structural/milestone evidence dossier; BDDL predicates are candidates only,PER_TASK,T02:structural_and_milestones,T02:structural_and_milestones,G-MEASUREMENT,AUTHOR_AND_MEASURE_NO_AUTOFILL,"Four structural decisions with evidence_refs; >=2 distinct independently verifiable milestones, >=1 preservable; task5 needs a valid second milestone or documented ineligibility",catalog_complete;structural_task_eligibility;progress_preservation,structural_checks_share_task_dossier,NO_SCOPE_CHANGE_ASSUMED,cope_benchmark/repeated_v2/task_catalog.py:246,research/repeated_v2_formal_readiness_20260906/CURRENT_PREFLIGHT.txt,78da922e4dbd1411f1aa91846b88fc5d621be4856faf76cd87ca864eeeb0348c
GAP-0238,3,KITCHEN_SCENE4_put_the_black_bowl_in_the_bottom_drawer_of_the_cabinet_and_close_it,task 3: all ten event families require explicit support/feasibility,supported_event_families,,,No task support declaration; validator demands all ten per task,PER_TASK,T03:supported_event_families,T03:supported_event_families,G-SCOPE;G-MEASUREMENT,REQUIRES_SCOPE_DECISION_AND_EVIDENCE,Actual task-specific supported/unsupported family map; explicit review of all-ten validator conflict; never copy global library as support evidence,catalog_complete;task_eligibility;schedule_support,support_declaration_and_scope_check,PER_TASK_ALL_TEN_IMPLEMENTATION_CONFLICT,cope_benchmark/repeated_v2/task_catalog.py:253,research/repeated_v2_formal_readiness_20260906/CURRENT_PREFLIGHT.txt,78da922e4dbd1411f1aa91846b88fc5d621be4856faf76cd87ca864eeeb0348c
GAP-0239,3,KITCHEN_SCENE4_put_the_black_bowl_in_the_bottom_drawer_of_the_cabinet_and_close_it,task 3: calibration must use one checkpoint_sha256,calibration_records,,,Zero authentic v2 calibration records; identity-cardinality errors are empty-set cascades,PER_TASK,T03:calibration_records,T03:calibration_records,G-POLICY;G-RUNTIME,MEASURE_OR_RECOVER_AUTHENTIC_EVIDENCE,"10 clean learned/nonprivileged outcomes per task: states0..4 x seeds101,131; horizon260; terminal outcome including failures; shared policy/checkpoint/protocol; unique raw trace hashes",catalog_complete;clean_policy_calibration;task_eligibility,empty_collection_consistency_cascade,NO_SCOPE_CHANGE_ASSUMED,cope_benchmark/repeated_v2/task_calibration.py:175,research/repeated_v2_formal_readiness_20260906/CURRENT_PREFLIGHT.txt,78da922e4dbd1411f1aa91846b88fc5d621be4856faf76cd87ca864eeeb0348c
GAP-0240,3,KITCHEN_SCENE4_put_the_black_bowl_in_the_bottom_drawer_of_the_cabinet_and_close_it,task 3: calibration must use one policy_id,calibration_records,,,Zero authentic v2 calibration records; identity-cardinality errors are empty-set cascades,PER_TASK,T03:calibration_records,T03:calibration_records,G-POLICY;G-RUNTIME,MEASURE_OR_RECOVER_AUTHENTIC_EVIDENCE,"10 clean learned/nonprivileged outcomes per task: states0..4 x seeds101,131; horizon260; terminal outcome including failures; shared policy/checkpoint/protocol; unique raw trace hashes",catalog_complete;clean_policy_calibration;task_eligibility,empty_collection_consistency_cascade,NO_SCOPE_CHANGE_ASSUMED,cope_benchmark/repeated_v2/task_calibration.py:175,research/repeated_v2_formal_readiness_20260906/CURRENT_PREFLIGHT.txt,78da922e4dbd1411f1aa91846b88fc5d621be4856faf76cd87ca864eeeb0348c
GAP-0241,3,KITCHEN_SCENE4_put_the_black_bowl_in_the_bottom_drawer_of_the_cabinet_and_close_it,task 3: calibration must use one protocol_sha256,calibration_records,,,Zero authentic v2 calibration records; identity-cardinality errors are empty-set cascades,PER_TASK,T03:calibration_records,T03:calibration_records,G-POLICY;G-RUNTIME,MEASURE_OR_RECOVER_AUTHENTIC_EVIDENCE,"10 clean learned/nonprivileged outcomes per task: states0..4 x seeds101,131; horizon260; terminal outcome including failures; shared policy/checkpoint/protocol; unique raw trace hashes",catalog_complete;clean_policy_calibration;task_eligibility,empty_collection_consistency_cascade,NO_SCOPE_CHANGE_ASSUMED,cope_benchmark/repeated_v2/task_calibration.py:175,research/repeated_v2_formal_readiness_20260906/CURRENT_PREFLIGHT.txt,78da922e4dbd1411f1aa91846b88fc5d621be4856faf76cd87ca864eeeb0348c
GAP-0242,3,KITCHEN_SCENE4_put_the_black_bowl_in_the_bottom_drawer_of_the_cabinet_and_close_it,task 3: calibration must use one provenance_kind,calibration_records,,,Zero authentic v2 calibration records; identity-cardinality errors are empty-set cascades,PER_TASK,T03:calibration_records,T03:calibration_records,G-POLICY;G-RUNTIME,MEASURE_OR_RECOVER_AUTHENTIC_EVIDENCE,"10 clean learned/nonprivileged outcomes per task: states0..4 x seeds101,131; horizon260; terminal outcome including failures; shared policy/checkpoint/protocol; unique raw trace hashes",catalog_complete;clean_policy_calibration;task_eligibility,empty_collection_consistency_cascade,NO_SCOPE_CHANGE_ASSUMED,cope_benchmark/repeated_v2/task_calibration.py:175,research/repeated_v2_formal_readiness_20260906/CURRENT_PREFLIGHT.txt,78da922e4dbd1411f1aa91846b88fc5d621be4856faf76cd87ca864eeeb0348c
GAP-0243,3,KITCHEN_SCENE4_put_the_black_bowl_in_the_bottom_drawer_of_the_cabinet_and_close_it,task 3: fewer than two independently verified distinct milestone predicates,structural_and_milestones,,,No structural/milestone evidence dossier; BDDL predicates are candidates only,PER_TASK,T03:structural_and_milestones,T03:structural_and_milestones,G-MEASUREMENT,AUTHOR_AND_MEASURE_NO_AUTOFILL,"Four structural decisions with evidence_refs; >=2 distinct independently verifiable milestones, >=1 preservable; task5 needs a valid second milestone or documented ineligibility",catalog_complete;structural_task_eligibility;progress_preservation,structural_checks_share_task_dossier,NO_SCOPE_CHANGE_ASSUMED,cope_benchmark/repeated_v2/task_catalog.py:238,research/repeated_v2_formal_readiness_20260906/CURRENT_PREFLIGHT.txt,78da922e4dbd1411f1aa91846b88fc5d621be4856faf76cd87ca864eeeb0348c
GAP-0244,3,KITCHEN_SCENE4_put_the_black_bowl_in_the_bottom_drawer_of_the_cabinet_and_close_it,"task 3: incomplete calibration grid: expected 10 cells, missing [(0, 101), (0, 131), (1, 101), (1, 131), (2, 101), (2, 131), (3, 101), (3, 131), (4, 101), (4, 131)], unexpected []",calibration_records,,,Zero authentic v2 calibration records; identity-cardinality errors are empty-set cascades,PER_TASK,T03:calibration_records,T03:calibration_records,G-POLICY;G-RUNTIME,MEASURE_OR_RECOVER_AUTHENTIC_EVIDENCE,"10 clean learned/nonprivileged outcomes per task: states0..4 x seeds101,131; horizon260; terminal outcome including failures; shared policy/checkpoint/protocol; unique raw trace hashes",catalog_complete;clean_policy_calibration;task_eligibility,primary_absent_grid,NO_SCOPE_CHANGE_ASSUMED,cope_benchmark/repeated_v2/task_calibration.py:173,research/repeated_v2_formal_readiness_20260906/CURRENT_PREFLIGHT.txt,78da922e4dbd1411f1aa91846b88fc5d621be4856faf76cd87ca864eeeb0348c
GAP-0245,3,KITCHEN_SCENE4_put_the_black_bowl_in_the_bottom_drawer_of_the_cabinet_and_close_it,"task 3: invalid semantic trigger GOAL_RECEPTACLE_OR_GROUNDING_CHANGED: BLOCKED_TASK_CATALOG_GAP: missing trigger fields ['earliest_policy_step', 'latest_policy_step', 'min_steps_since_previous_event', 'physical_feasibility_guard', 'predicate']",semantic_triggers,GOAL_RECEPTACLE_OR_GROUNDING_CHANGED,,Empty semantic_triggers collection,PER_TASK,T03:semantic_triggers,T03:semantic_triggers:GOAL_RECEPTACLE_OR_GROUNDING_CHANGED,G-MEASUREMENT;G-SCOPE,AUTHOR_AND_VERIFY,Task-grounded predicate and feasibility guard; earliest/latest steps and spacing>=10; actual monitor/observation provenance,catalog_complete;semantic_schedule;fresh_event_observation,primary_absent_trigger,PER_TASK_ALL_TEN_IMPLEMENTATION_CONFLICT,cope_benchmark/repeated_v2/task_catalog.py:259,research/repeated_v2_formal_readiness_20260906/CURRENT_PREFLIGHT.txt,78da922e4dbd1411f1aa91846b88fc5d621be4856faf76cd87ca864eeeb0348c
GAP-0246,3,KITCHEN_SCENE4_put_the_black_bowl_in_the_bottom_drawer_of_the_cabinet_and_close_it,"task 3: invalid semantic trigger TARGET_OBJECT_DISPLACED: BLOCKED_TASK_CATALOG_GAP: missing trigger fields ['earliest_policy_step', 'latest_policy_step', 'min_steps_since_previous_event', 'physical_feasibility_guard', 'predicate']",semantic_triggers,TARGET_OBJECT_DISPLACED,,Empty semantic_triggers collection,PER_TASK,T03:semantic_triggers,T03:semantic_triggers:TARGET_OBJECT_DISPLACED,G-MEASUREMENT;G-SCOPE,AUTHOR_AND_VERIFY,Task-grounded predicate and feasibility guard; earliest/latest steps and spacing>=10; actual monitor/observation provenance,catalog_complete;semantic_schedule;fresh_event_observation,primary_absent_trigger,PER_TASK_ALL_TEN_IMPLEMENTATION_CONFLICT,cope_benchmark/repeated_v2/task_catalog.py:259,research/repeated_v2_formal_readiness_20260906/CURRENT_PREFLIGHT.txt,78da922e4dbd1411f1aa91846b88fc5d621be4856faf76cd87ca864eeeb0348c
GAP-0247,3,KITCHEN_SCENE4_put_the_black_bowl_in_the_bottom_drawer_of_the_cabinet_and_close_it,"task 3: invalid semantic trigger TEMPORARY_NO_GO_APPEARS: BLOCKED_TASK_CATALOG_GAP: missing trigger fields ['earliest_policy_step', 'latest_policy_step', 'min_steps_since_previous_event', 'physical_feasibility_guard', 'predicate']",semantic_triggers,TEMPORARY_NO_GO_APPEARS,,Empty semantic_triggers collection,PER_TASK,T03:semantic_triggers,T03:semantic_triggers:TEMPORARY_NO_GO_APPEARS,G-MEASUREMENT;G-SCOPE,AUTHOR_AND_VERIFY,Task-grounded predicate and feasibility guard; earliest/latest steps and spacing>=10; actual monitor/observation provenance,catalog_complete;semantic_schedule;fresh_event_observation,primary_absent_trigger,PER_TASK_ALL_TEN_IMPLEMENTATION_CONFLICT,cope_benchmark/repeated_v2/task_catalog.py:259,research/repeated_v2_formal_readiness_20260906/CURRENT_PREFLIGHT.txt,78da922e4dbd1411f1aa91846b88fc5d621be4856faf76cd87ca864eeeb0348c
GAP-0248,3,KITCHEN_SCENE4_put_the_black_bowl_in_the_bottom_drawer_of_the_cabinet_and_close_it,"task 3: invalid semantic trigger TEMPORARY_NO_GO_CLEARS: BLOCKED_TASK_CATALOG_GAP: missing trigger fields ['earliest_policy_step', 'latest_policy_step', 'min_steps_since_previous_event', 'physical_feasibility_guard', 'predicate']",semantic_triggers,TEMPORARY_NO_GO_CLEARS,,Empty semantic_triggers collection,PER_TASK,T03:semantic_triggers,T03:semantic_triggers:TEMPORARY_NO_GO_CLEARS,G-MEASUREMENT;G-SCOPE,AUTHOR_AND_VERIFY,Task-grounded predicate and feasibility guard; earliest/latest steps and spacing>=10; actual monitor/observation provenance,catalog_complete;semantic_schedule;fresh_event_observation,primary_absent_trigger,PER_TASK_ALL_TEN_IMPLEMENTATION_CONFLICT,cope_benchmark/repeated_v2/task_catalog.py:259,research/repeated_v2_formal_readiness_20260906/CURRENT_PREFLIGHT.txt,78da922e4dbd1411f1aa91846b88fc5d621be4856faf76cd87ca864eeeb0348c
GAP-0249,3,KITCHEN_SCENE4_put_the_black_bowl_in_the_bottom_drawer_of_the_cabinet_and_close_it,"task 3: invalid semantic trigger TOOL_OR_TARGET_AVAILABLE_AGAIN: BLOCKED_TASK_CATALOG_GAP: missing trigger fields ['earliest_policy_step', 'latest_policy_step', 'min_steps_since_previous_event', 'physical_feasibility_guard', 'predicate']",semantic_triggers,TOOL_OR_TARGET_AVAILABLE_AGAIN,,Empty semantic_triggers collection,PER_TASK,T03:semantic_triggers,T03:semantic_triggers:TOOL_OR_TARGET_AVAILABLE_AGAIN,G-MEASUREMENT;G-SCOPE,AUTHOR_AND_VERIFY,Task-grounded predicate and feasibility guard; earliest/latest steps and spacing>=10; actual monitor/observation provenance,catalog_complete;semantic_schedule;fresh_event_observation,primary_absent_trigger,PER_TASK_ALL_TEN_IMPLEMENTATION_CONFLICT,cope_benchmark/repeated_v2/task_catalog.py:259,research/repeated_v2_formal_readiness_20260906/CURRENT_PREFLIGHT.txt,78da922e4dbd1411f1aa91846b88fc5d621be4856faf76cd87ca864eeeb0348c
GAP-0250,3,KITCHEN_SCENE4_put_the_black_bowl_in_the_bottom_drawer_of_the_cabinet_and_close_it,"task 3: invalid semantic trigger TOOL_OR_TARGET_TEMPORARILY_UNAVAILABLE: BLOCKED_TASK_CATALOG_GAP: missing trigger fields ['earliest_policy_step', 'latest_policy_step', 'min_steps_since_previous_event', 'physical_feasibility_guard', 'predicate']",semantic_triggers,TOOL_OR_TARGET_TEMPORARILY_UNAVAILABLE,,Empty semantic_triggers collection,PER_TASK,T03:semantic_triggers,T03:semantic_triggers:TOOL_OR_TARGET_TEMPORARILY_UNAVAILABLE,G-MEASUREMENT;G-SCOPE,AUTHOR_AND_VERIFY,Task-grounded predicate and feasibility guard; earliest/latest steps and spacing>=10; actual monitor/observation provenance,catalog_complete;semantic_schedule;fresh_event_observation,primary_absent_trigger,PER_TASK_ALL_TEN_IMPLEMENTATION_CONFLICT,cope_benchmark/repeated_v2/task_catalog.py:259,research/repeated_v2_formal_readiness_20260906/CURRENT_PREFLIGHT.txt,78da922e4dbd1411f1aa91846b88fc5d621be4856faf76cd87ca864eeeb0348c
GAP-0251,3,KITCHEN_SCENE4_put_the_black_bowl_in_the_bottom_drawer_of_the_cabinet_and_close_it,"task 3: invalid semantic trigger USER_ADDS_PERSISTENT_PREFERENCE: BLOCKED_TASK_CATALOG_GAP: missing trigger fields ['earliest_policy_step', 'latest_policy_step', 'min_steps_since_previous_event', 'physical_feasibility_guard', 'predicate']",semantic_triggers,USER_ADDS_PERSISTENT_PREFERENCE,,Empty semantic_triggers collection,PER_TASK,T03:semantic_triggers,T03:semantic_triggers:USER_ADDS_PERSISTENT_PREFERENCE,G-MEASUREMENT;G-SCOPE,AUTHOR_AND_VERIFY,Task-grounded predicate and feasibility guard; earliest/latest steps and spacing>=10; actual monitor/observation provenance,catalog_complete;semantic_schedule;fresh_event_observation,primary_absent_trigger,PER_TASK_ALL_TEN_IMPLEMENTATION_CONFLICT,cope_benchmark/repeated_v2/task_catalog.py:259,research/repeated_v2_formal_readiness_20260906/CURRENT_PREFLIGHT.txt,78da922e4dbd1411f1aa91846b88fc5d621be4856faf76cd87ca864eeeb0348c
GAP-0252,3,KITCHEN_SCENE4_put_the_black_bowl_in_the_bottom_drawer_of_the_cabinet_and_close_it,"task 3: invalid semantic trigger USER_CANCELS_ACTIVE_GOAL: BLOCKED_TASK_CATALOG_GAP: missing trigger fields ['earliest_policy_step', 'latest_policy_step', 'min_steps_since_previous_event', 'physical_feasibility_guard', 'predicate']",semantic_triggers,USER_CANCELS_ACTIVE_GOAL,,Empty semantic_triggers collection,PER_TASK,T03:semantic_triggers,T03:semantic_triggers:USER_CANCELS_ACTIVE_GOAL,G-MEASUREMENT;G-SCOPE,AUTHOR_AND_VERIFY,Task-grounded predicate and feasibility guard; earliest/latest steps and spacing>=10; actual monitor/observation provenance,catalog_complete;semantic_schedule;fresh_event_observation,primary_absent_trigger,PER_TASK_ALL_TEN_IMPLEMENTATION_CONFLICT,cope_benchmark/repeated_v2/task_catalog.py:259,research/repeated_v2_formal_readiness_20260906/CURRENT_PREFLIGHT.txt,78da922e4dbd1411f1aa91846b88fc5d621be4856faf76cd87ca864eeeb0348c
GAP-0253,3,KITCHEN_SCENE4_put_the_black_bowl_in_the_bottom_drawer_of_the_cabinet_and_close_it,"task 3: invalid semantic trigger USER_REISSUES_RETIRED_GOAL: BLOCKED_TASK_CATALOG_GAP: missing trigger fields ['earliest_policy_step', 'latest_policy_step', 'min_steps_since_previous_event', 'physical_feasibility_guard', 'predicate']",semantic_triggers,USER_REISSUES_RETIRED_GOAL,,Empty semantic_triggers collection,PER_TASK,T03:semantic_triggers,T03:semantic_triggers:USER_REISSUES_RETIRED_GOAL,G-MEASUREMENT;G-SCOPE,AUTHOR_AND_VERIFY,Task-grounded predicate and feasibility guard; earliest/latest steps and spacing>=10; actual monitor/observation provenance,catalog_complete;semantic_schedule;fresh_event_observation,primary_absent_trigger,PER_TASK_ALL_TEN_IMPLEMENTATION_CONFLICT,cope_benchmark/repeated_v2/task_catalog.py:259,research/repeated_v2_formal_readiness_20260906/CURRENT_PREFLIGHT.txt,78da922e4dbd1411f1aa91846b88fc5d621be4856faf76cd87ca864eeeb0348c
GAP-0254,3,KITCHEN_SCENE4_put_the_black_bowl_in_the_bottom_drawer_of_the_cabinet_and_close_it,"task 3: invalid semantic trigger USER_REPLACES_ACTIVE_GOAL: BLOCKED_TASK_CATALOG_GAP: missing trigger fields ['earliest_policy_step', 'latest_policy_step', 'min_steps_since_previous_event', 'physical_feasibility_guard', 'predicate']",semantic_triggers,USER_REPLACES_ACTIVE_GOAL,,Empty semantic_triggers collection,PER_TASK,T03:semantic_triggers,T03:semantic_triggers:USER_REPLACES_ACTIVE_GOAL,G-MEASUREMENT;G-SCOPE,AUTHOR_AND_VERIFY,Task-grounded predicate and feasibility guard; earliest/latest steps and spacing>=10; actual monitor/observation provenance,catalog_complete;semantic_schedule;fresh_event_observation,primary_absent_trigger,PER_TASK_ALL_TEN_IMPLEMENTATION_CONFLICT,cope_benchmark/repeated_v2/task_catalog.py:259,research/repeated_v2_formal_readiness_20260906/CURRENT_PREFLIGHT.txt,78da922e4dbd1411f1aa91846b88fc5d621be4856faf76cd87ca864eeeb0348c
GAP-0255,3,KITCHEN_SCENE4_put_the_black_bowl_in_the_bottom_drawer_of_the_cabinet_and_close_it,task 3: invalid semantic trigger window GOAL_RECEPTACLE_OR_GROUNDING_CHANGED,semantic_triggers,GOAL_RECEPTACLE_OR_GROUNDING_CHANGED,,Empty semantic_triggers collection,PER_TASK,T03:semantic_triggers,T03:semantic_triggers:GOAL_RECEPTACLE_OR_GROUNDING_CHANGED,G-MEASUREMENT;G-SCOPE,AUTHOR_AND_VERIFY,Task-grounded predicate and feasibility guard; earliest/latest steps and spacing>=10; actual monitor/observation provenance,catalog_complete;semantic_schedule;fresh_event_observation,same_absent_trigger_window_cascade,PER_TASK_ALL_TEN_IMPLEMENTATION_CONFLICT,cope_benchmark/repeated_v2/task_catalog.py:266,research/repeated_v2_formal_readiness_20260906/CURRENT_PREFLIGHT.txt,78da922e4dbd1411f1aa91846b88fc5d621be4856faf76cd87ca864eeeb0348c
GAP-0256,3,KITCHEN_SCENE4_put_the_black_bowl_in_the_bottom_drawer_of_the_cabinet_and_close_it,task 3: invalid semantic trigger window TARGET_OBJECT_DISPLACED,semantic_triggers,TARGET_OBJECT_DISPLACED,,Empty semantic_triggers collection,PER_TASK,T03:semantic_triggers,T03:semantic_triggers:TARGET_OBJECT_DISPLACED,G-MEASUREMENT;G-SCOPE,AUTHOR_AND_VERIFY,Task-grounded predicate and feasibility guard; earliest/latest steps and spacing>=10; actual monitor/observation provenance,catalog_complete;semantic_schedule;fresh_event_observation,same_absent_trigger_window_cascade,PER_TASK_ALL_TEN_IMPLEMENTATION_CONFLICT,cope_benchmark/repeated_v2/task_catalog.py:266,research/repeated_v2_formal_readiness_20260906/CURRENT_PREFLIGHT.txt,78da922e4dbd1411f1aa91846b88fc5d621be4856faf76cd87ca864eeeb0348c
GAP-0257,3,KITCHEN_SCENE4_put_the_black_bowl_in_the_bottom_drawer_of_the_cabinet_and_close_it,task 3: invalid semantic trigger window TEMPORARY_NO_GO_APPEARS,semantic_triggers,TEMPORARY_NO_GO_APPEARS,,Empty semantic_triggers collection,PER_TASK,T03:semantic_triggers,T03:semantic_triggers:TEMPORARY_NO_GO_APPEARS,G-MEASUREMENT;G-SCOPE,AUTHOR_AND_VERIFY,Task-grounded predicate and feasibility guard; earliest/latest steps and spacing>=10; actual monitor/observation provenance,catalog_complete;semantic_schedule;fresh_event_observation,same_absent_trigger_window_cascade,PER_TASK_ALL_TEN_IMPLEMENTATION_CONFLICT,cope_benchmark/repeated_v2/task_catalog.py:266,research/repeated_v2_formal_readiness_20260906/CURRENT_PREFLIGHT.txt,78da922e4dbd1411f1aa91846b88fc5d621be4856faf76cd87ca864eeeb0348c
GAP-0258,3,KITCHEN_SCENE4_put_the_black_bowl_in_the_bottom_drawer_of_the_cabinet_and_close_it,task 3: invalid semantic trigger window TEMPORARY_NO_GO_CLEARS,semantic_triggers,TEMPORARY_NO_GO_CLEARS,,Empty semantic_triggers collection,PER_TASK,T03:semantic_triggers,T03:semantic_triggers:TEMPORARY_NO_GO_CLEARS,G-MEASUREMENT;G-SCOPE,AUTHOR_AND_VERIFY,Task-grounded predicate and feasibility guard; earliest/latest steps and spacing>=10; actual monitor/observation provenance,catalog_complete;semantic_schedule;fresh_event_observation,same_absent_trigger_window_cascade,PER_TASK_ALL_TEN_IMPLEMENTATION_CONFLICT,cope_benchmark/repeated_v2/task_catalog.py:266,research/repeated_v2_formal_readiness_20260906/CURRENT_PREFLIGHT.txt,78da922e4dbd1411f1aa91846b88fc5d621be4856faf76cd87ca864eeeb0348c
GAP-0259,3,KITCHEN_SCENE4_put_the_black_bowl_in_the_bottom_drawer_of_the_cabinet_and_close_it,task 3: invalid semantic trigger window TOOL_OR_TARGET_AVAILABLE_AGAIN,semantic_triggers,TOOL_OR_TARGET_AVAILABLE_AGAIN,,Empty semantic_triggers collection,PER_TASK,T03:semantic_triggers,T03:semantic_triggers:TOOL_OR_TARGET_AVAILABLE_AGAIN,G-MEASUREMENT;G-SCOPE,AUTHOR_AND_VERIFY,Task-grounded predicate and feasibility guard; earliest/latest steps and spacing>=10; actual monitor/observation provenance,catalog_complete;semantic_schedule;fresh_event_observation,same_absent_trigger_window_cascade,PER_TASK_ALL_TEN_IMPLEMENTATION_CONFLICT,cope_benchmark/repeated_v2/task_catalog.py:266,research/repeated_v2_formal_readiness_20260906/CURRENT_PREFLIGHT.txt,78da922e4dbd1411f1aa91846b88fc5d621be4856faf76cd87ca864eeeb0348c
GAP-0260,3,KITCHEN_SCENE4_put_the_black_bowl_in_the_bottom_drawer_of_the_cabinet_and_close_it,task 3: invalid semantic trigger window TOOL_OR_TARGET_TEMPORARILY_UNAVAILABLE,semantic_triggers,TOOL_OR_TARGET_TEMPORARILY_UNAVAILABLE,,Empty semantic_triggers collection,PER_TASK,T03:semantic_triggers,T03:semantic_triggers:TOOL_OR_TARGET_TEMPORARILY_UNAVAILABLE,G-MEASUREMENT;G-SCOPE,AUTHOR_AND_VERIFY,Task-grounded predicate and feasibility guard; earliest/latest steps and spacing>=10; actual monitor/observation provenance,catalog_complete;semantic_schedule;fresh_event_observation,same_absent_trigger_window_cascade,PER_TASK_ALL_TEN_IMPLEMENTATION_CONFLICT,cope_benchmark/repeated_v2/task_catalog.py:266,research/repeated_v2_formal_readiness_20260906/CURRENT_PREFLIGHT.txt,78da922e4dbd1411f1aa91846b88fc5d621be4856faf76cd87ca864eeeb0348c
GAP-0261,3,KITCHEN_SCENE4_put_the_black_bowl_in_the_bottom_drawer_of_the_cabinet_and_close_it,task 3: invalid semantic trigger window USER_ADDS_PERSISTENT_PREFERENCE,semantic_triggers,USER_ADDS_PERSISTENT_PREFERENCE,,Empty semantic_triggers collection,PER_TASK,T03:semantic_triggers,T03:semantic_triggers:USER_ADDS_PERSISTENT_PREFERENCE,G-MEASUREMENT;G-SCOPE,AUTHOR_AND_VERIFY,Task-grounded predicate and feasibility guard; earliest/latest steps and spacing>=10; actual monitor/observation provenance,catalog_complete;semantic_schedule;fresh_event_observation,same_absent_trigger_window_cascade,PER_TASK_ALL_TEN_IMPLEMENTATION_CONFLICT,cope_benchmark/repeated_v2/task_catalog.py:266,research/repeated_v2_formal_readiness_20260906/CURRENT_PREFLIGHT.txt,78da922e4dbd1411f1aa91846b88fc5d621be4856faf76cd87ca864eeeb0348c
GAP-0262,3,KITCHEN_SCENE4_put_the_black_bowl_in_the_bottom_drawer_of_the_cabinet_and_close_it,task 3: invalid semantic trigger window USER_CANCELS_ACTIVE_GOAL,semantic_triggers,USER_CANCELS_ACTIVE_GOAL,,Empty semantic_triggers collection,PER_TASK,T03:semantic_triggers,T03:semantic_triggers:USER_CANCELS_ACTIVE_GOAL,G-MEASUREMENT;G-SCOPE,AUTHOR_AND_VERIFY,Task-grounded predicate and feasibility guard; earliest/latest steps and spacing>=10; actual monitor/observation provenance,catalog_complete;semantic_schedule;fresh_event_observation,same_absent_trigger_window_cascade,PER_TASK_ALL_TEN_IMPLEMENTATION_CONFLICT,cope_benchmark/repeated_v2/task_catalog.py:266,research/repeated_v2_formal_readiness_20260906/CURRENT_PREFLIGHT.txt,78da922e4dbd1411f1aa91846b88fc5d621be4856faf76cd87ca864eeeb0348c
GAP-0263,3,KITCHEN_SCENE4_put_the_black_bowl_in_the_bottom_drawer_of_the_cabinet_and_close_it,task 3: invalid semantic trigger window USER_REISSUES_RETIRED_GOAL,semantic_triggers,USER_REISSUES_RETIRED_GOAL,,Empty semantic_triggers collection,PER_TASK,T03:semantic_triggers,T03:semantic_triggers:USER_REISSUES_RETIRED_GOAL,G-MEASUREMENT;G-SCOPE,AUTHOR_AND_VERIFY,Task-grounded predicate and feasibility guard; earliest/latest steps and spacing>=10; actual monitor/observation provenance,catalog_complete;semantic_schedule;fresh_event_observation,same_absent_trigger_window_cascade,PER_TASK_ALL_TEN_IMPLEMENTATION_CONFLICT,cope_benchmark/repeated_v2/task_catalog.py:266,research/repeated_v2_formal_readiness_20260906/CURRENT_PREFLIGHT.txt,78da922e4dbd1411f1aa91846b88fc5d621be4856faf76cd87ca864eeeb0348c
GAP-0264,3,KITCHEN_SCENE4_put_the_black_bowl_in_the_bottom_drawer_of_the_cabinet_and_close_it,task 3: invalid semantic trigger window USER_REPLACES_ACTIVE_GOAL,semantic_triggers,USER_REPLACES_ACTIVE_GOAL,,Empty semantic_triggers collection,PER_TASK,T03:semantic_triggers,T03:semantic_triggers:USER_REPLACES_ACTIVE_GOAL,G-MEASUREMENT;G-SCOPE,AUTHOR_AND_VERIFY,Task-grounded predicate and feasibility guard; earliest/latest steps and spacing>=10; actual monitor/observation provenance,catalog_complete;semantic_schedule;fresh_event_observation,same_absent_trigger_window_cascade,PER_TASK_ALL_TEN_IMPLEMENTATION_CONFLICT,cope_benchmark/repeated_v2/task_catalog.py:266,research/repeated_v2_formal_readiness_20260906/CURRENT_PREFLIGHT.txt,78da922e4dbd1411f1aa91846b88fc5d621be4856faf76cd87ca864eeeb0348c
GAP-0265,3,KITCHEN_SCENE4_put_the_black_bowl_in_the_bottom_drawer_of_the_cabinet_and_close_it,task 3: missing alternative_valid_goals,alternative_valid_goals,,,Alternative valid goals absent and unresolved,PER_TASK,T03:alternative_valid_goals,T03:alternative_valid_goals,G-MEASUREMENT;G-SCOPE,SOURCE_GROUNDED_AUTHORING_THEN_VERIFY,Feasible task-valid family/predicate/arguments/source_ref records and verifier grounding; no invented alternatives,catalog_complete;goal_replacement_semantics,empty_required_semantic_field,DEPENDS_ON_REQUIRED_REPLACEMENT_VARIANTS,cope_benchmark/repeated_v2/task_catalog.py:213,research/repeated_v2_formal_readiness_20260906/CURRENT_PREFLIGHT.txt,78da922e4dbd1411f1aa91846b88fc5d621be4856faf76cd87ca864eeeb0348c
GAP-0266,3,KITCHEN_SCENE4_put_the_black_bowl_in_the_bottom_drawer_of_the_cabinet_and_close_it,task 3: missing certified safe event injection poses/regions GOAL_RECEPTACLE_OR_GROUNDING_CHANGED,safe_event_injections,GOAL_RECEPTACLE_OR_GROUNDING_CHANGED,,Empty safe-event intervention collection,PER_TASK,T03:safe_event_injections,T03:safe_event_injections:GOAL_RECEPTACLE_OR_GROUNDING_CHANGED,G-MEASUREMENT;G-SCOPE,AUTHOR_AND_MEASURE,"Alias-bound entity, explicit safe pose or region, hashed evidence; held-object rules and unaffected progress checked",catalog_complete;physical_intervention_safety,primary_absent_intervention_certificate,PER_TASK_ALL_TEN_IMPLEMENTATION_CONFLICT,cope_benchmark/repeated_v2/task_catalog.py:269,research/repeated_v2_formal_readiness_20260906/CURRENT_PREFLIGHT.txt,78da922e4dbd1411f1aa91846b88fc5d621be4856faf76cd87ca864eeeb0348c
GAP-0267,3,KITCHEN_SCENE4_put_the_black_bowl_in_the_bottom_drawer_of_the_cabinet_and_close_it,task 3: missing certified safe event injection poses/regions TARGET_OBJECT_DISPLACED,safe_event_injections,TARGET_OBJECT_DISPLACED,,Empty safe-event intervention collection,PER_TASK,T03:safe_event_injections,T03:safe_event_injections:TARGET_OBJECT_DISPLACED,G-MEASUREMENT;G-SCOPE,AUTHOR_AND_MEASURE,"Alias-bound entity, explicit safe pose or region, hashed evidence; held-object rules and unaffected progress checked",catalog_complete;physical_intervention_safety,primary_absent_intervention_certificate,PER_TASK_ALL_TEN_IMPLEMENTATION_CONFLICT,cope_benchmark/repeated_v2/task_catalog.py:269,research/repeated_v2_formal_readiness_20260906/CURRENT_PREFLIGHT.txt,78da922e4dbd1411f1aa91846b88fc5d621be4856faf76cd87ca864eeeb0348c
GAP-0268,3,KITCHEN_SCENE4_put_the_black_bowl_in_the_bottom_drawer_of_the_cabinet_and_close_it,task 3: missing certified safe event injection poses/regions TEMPORARY_NO_GO_APPEARS,safe_event_injections,TEMPORARY_NO_GO_APPEARS,,Empty safe-event intervention collection,PER_TASK,T03:safe_event_injections,T03:safe_event_injections:TEMPORARY_NO_GO_APPEARS,G-MEASUREMENT;G-SCOPE,AUTHOR_AND_MEASURE,"Alias-bound entity, explicit safe pose or region, hashed evidence; held-object rules and unaffected progress checked",catalog_complete;physical_intervention_safety,primary_absent_intervention_certificate,PER_TASK_ALL_TEN_IMPLEMENTATION_CONFLICT,cope_benchmark/repeated_v2/task_catalog.py:269,research/repeated_v2_formal_readiness_20260906/CURRENT_PREFLIGHT.txt,78da922e4dbd1411f1aa91846b88fc5d621be4856faf76cd87ca864eeeb0348c
GAP-0269,3,KITCHEN_SCENE4_put_the_black_bowl_in_the_bottom_drawer_of_the_cabinet_and_close_it,task 3: missing certified safe event injection poses/regions TEMPORARY_NO_GO_CLEARS,safe_event_injections,TEMPORARY_NO_GO_CLEARS,,Empty safe-event intervention collection,PER_TASK,T03:safe_event_injections,T03:safe_event_injections:TEMPORARY_NO_GO_CLEARS,G-MEASUREMENT;G-SCOPE,AUTHOR_AND_MEASURE,"Alias-bound entity, explicit safe pose or region, hashed evidence; held-object rules and unaffected progress checked",catalog_complete;physical_intervention_safety,primary_absent_intervention_certificate,PER_TASK_ALL_TEN_IMPLEMENTATION_CONFLICT,cope_benchmark/repeated_v2/task_catalog.py:269,research/repeated_v2_formal_readiness_20260906/CURRENT_PREFLIGHT.txt,78da922e4dbd1411f1aa91846b88fc5d621be4856faf76cd87ca864eeeb0348c
GAP-0270,3,KITCHEN_SCENE4_put_the_black_bowl_in_the_bottom_drawer_of_the_cabinet_and_close_it,task 3: missing certified safe event injection poses/regions TOOL_OR_TARGET_AVAILABLE_AGAIN,safe_event_injections,TOOL_OR_TARGET_AVAILABLE_AGAIN,,Empty safe-event intervention collection,PER_TASK,T03:safe_event_injections,T03:safe_event_injections:TOOL_OR_TARGET_AVAILABLE_AGAIN,G-MEASUREMENT;G-SCOPE,AUTHOR_AND_MEASURE,"Alias-bound entity, explicit safe pose or region, hashed evidence; held-object rules and unaffected progress checked",catalog_complete;physical_intervention_safety,primary_absent_intervention_certificate,PER_TASK_ALL_TEN_IMPLEMENTATION_CONFLICT,cope_benchmark/repeated_v2/task_catalog.py:269,research/repeated_v2_formal_readiness_20260906/CURRENT_PREFLIGHT.txt,78da922e4dbd1411f1aa91846b88fc5d621be4856faf76cd87ca864eeeb0348c
GAP-0271,3,KITCHEN_SCENE4_put_the_black_bowl_in_the_bottom_drawer_of_the_cabinet_and_close_it,task 3: missing certified safe event injection poses/regions TOOL_OR_TARGET_TEMPORARILY_UNAVAILABLE,safe_event_injections,TOOL_OR_TARGET_TEMPORARILY_UNAVAILABLE,,Empty safe-event intervention collection,PER_TASK,T03:safe_event_injections,T03:safe_event_injections:TOOL_OR_TARGET_TEMPORARILY_UNAVAILABLE,G-MEASUREMENT;G-SCOPE,AUTHOR_AND_MEASURE,"Alias-bound entity, explicit safe pose or region, hashed evidence; held-object rules and unaffected progress checked",catalog_complete;physical_intervention_safety,primary_absent_intervention_certificate,PER_TASK_ALL_TEN_IMPLEMENTATION_CONFLICT,cope_benchmark/repeated_v2/task_catalog.py:269,research/repeated_v2_formal_readiness_20260906/CURRENT_PREFLIGHT.txt,78da922e4dbd1411f1aa91846b88fc5d621be4856faf76cd87ca864eeeb0348c
GAP-0272,3,KITCHEN_SCENE4_put_the_black_bowl_in_the_bottom_drawer_of_the_cabinet_and_close_it,task 3: missing hard_safety_constraints,hard_safety_constraints,,,Task hard requirements absent and unresolved,PER_TASK,T03:hard_safety_constraints,T03:hard_safety_constraints,G-MEASUREMENT;G-RUNTIME,SOURCE_GROUNDED_AUTHORING_THEN_VERIFY,Grounded hard requirements and verifier bindings consistent with real task geometry/interventions; no copied defaults,catalog_complete;sealed_hard_requirement_evaluation,empty_required_semantic_field,NO_SCOPE_CHANGE_ASSUMED,cope_benchmark/repeated_v2/task_catalog.py:213,research/repeated_v2_formal_readiness_20260906/CURRENT_PREFLIGHT.txt,78da922e4dbd1411f1aa91846b88fc5d621be4856faf76cd87ca864eeeb0348c
GAP-0273,3,KITCHEN_SCENE4_put_the_black_bowl_in_the_bottom_drawer_of_the_cabinet_and_close_it,task 3: missing initial state digest 0,initial_state_digests,,0,Five-state initial-state hash pack absent,PER_TASK,T03:initial_state_digests,T03:initial_state_digests,G-ASSETS,CONDITIONAL_AUTOMATIC_FROM_AUTHENTIC_BYTES,"Exact states0..4 and serialization/source/version binding, yielding five SHA256 receipts; authentic source-asset availability was not audited here",catalog_complete;calibration_state_binding;manifest_identity,distinct_hash_receipt_in_task_pack,NO_SCOPE_CHANGE_ASSUMED,cope_benchmark/repeated_v2/task_catalog.py:250,research/repeated_v2_formal_readiness_20260906/CURRENT_PREFLIGHT.txt,78da922e4dbd1411f1aa91846b88fc5d621be4856faf76cd87ca864eeeb0348c
GAP-0274,3,KITCHEN_SCENE4_put_the_black_bowl_in_the_bottom_drawer_of_the_cabinet_and_close_it,task 3: missing initial state digest 1,initial_state_digests,,1,Five-state initial-state hash pack absent,PER_TASK,T03:initial_state_digests,T03:initial_state_digests,G-ASSETS,CONDITIONAL_AUTOMATIC_FROM_AUTHENTIC_BYTES,"Exact states0..4 and serialization/source/version binding, yielding five SHA256 receipts; authentic source-asset availability was not audited here",catalog_complete;calibration_state_binding;manifest_identity,distinct_hash_receipt_in_task_pack,NO_SCOPE_CHANGE_ASSUMED,cope_benchmark/repeated_v2/task_catalog.py:250,research/repeated_v2_formal_readiness_20260906/CURRENT_PREFLIGHT.txt,78da922e4dbd1411f1aa91846b88fc5d621be4856faf76cd87ca864eeeb0348c
GAP-0275,3,KITCHEN_SCENE4_put_the_black_bowl_in_the_bottom_drawer_of_the_cabinet_and_close_it,task 3: missing initial state digest 2,initial_state_digests,,2,Five-state initial-state hash pack absent,PER_TASK,T03:initial_state_digests,T03:initial_state_digests,G-ASSETS,CONDITIONAL_AUTOMATIC_FROM_AUTHENTIC_BYTES,"Exact states0..4 and serialization/source/version binding, yielding five SHA256 receipts; authentic source-asset availability was not audited here",catalog_complete;calibration_state_binding;manifest_identity,distinct_hash_receipt_in_task_pack,NO_SCOPE_CHANGE_ASSUMED,cope_benchmark/repeated_v2/task_catalog.py:250,research/repeated_v2_formal_readiness_20260906/CURRENT_PREFLIGHT.txt,78da922e4dbd1411f1aa91846b88fc5d621be4856faf76cd87ca864eeeb0348c
GAP-0276,3,KITCHEN_SCENE4_put_the_black_bowl_in_the_bottom_drawer_of_the_cabinet_and_close_it,task 3: missing initial state digest 3,initial_state_digests,,3,Five-state initial-state hash pack absent,PER_TASK,T03:initial_state_digests,T03:initial_state_digests,G-ASSETS,CONDITIONAL_AUTOMATIC_FROM_AUTHENTIC_BYTES,"Exact states0..4 and serialization/source/version binding, yielding five SHA256 receipts; authentic source-asset availability was not audited here",catalog_complete;calibration_state_binding;manifest_identity,distinct_hash_receipt_in_task_pack,NO_SCOPE_CHANGE_ASSUMED,cope_benchmark/repeated_v2/task_catalog.py:250,research/repeated_v2_formal_readiness_20260906/CURRENT_PREFLIGHT.txt,78da922e4dbd1411f1aa91846b88fc5d621be4856faf76cd87ca864eeeb0348c
GAP-0277,3,KITCHEN_SCENE4_put_the_black_bowl_in_the_bottom_drawer_of_the_cabinet_and_close_it,task 3: missing initial state digest 4,initial_state_digests,,4,Five-state initial-state hash pack absent,PER_TASK,T03:initial_state_digests,T03:initial_state_digests,G-ASSETS,CONDITIONAL_AUTOMATIC_FROM_AUTHENTIC_BYTES,"Exact states0..4 and serialization/source/version binding, yielding five SHA256 receipts; authentic source-asset availability was not audited here",catalog_complete;calibration_state_binding;manifest_identity,distinct_hash_receipt_in_task_pack,NO_SCOPE_CHANGE_ASSUMED,cope_benchmark/repeated_v2/task_catalog.py:250,research/repeated_v2_formal_readiness_20260906/CURRENT_PREFLIGHT.txt,78da922e4dbd1411f1aa91846b88fc5d621be4856faf76cd87ca864eeeb0348c
GAP-0278,3,KITCHEN_SCENE4_put_the_black_bowl_in_the_bottom_drawer_of_the_cabinet_and_close_it,task 3: missing planner_compiler_metadata,planner_compiler_metadata,,,Task compiler grounding metadata absent and unresolved,PER_TASK,T03:planner_compiler_metadata,T03:planner_compiler_metadata,G-RUNTIME;G-MEASUREMENT,BIND_IMPLEMENTATION_AND_VERIFY,Explicit supported predicate/operator/skill/instruction bindings; preserve accepted omissions and corruption; no canonical-truth repair,catalog_complete;pure_common_compiler;neutral_backend,empty_required_semantic_field,NO_SCOPE_CHANGE_ASSUMED,cope_benchmark/repeated_v2/task_catalog.py:213,research/repeated_v2_formal_readiness_20260906/CURRENT_PREFLIGHT.txt,78da922e4dbd1411f1aa91846b88fc5d621be4856faf76cd87ca864eeeb0348c
GAP-0279,3,KITCHEN_SCENE4_put_the_black_bowl_in_the_bottom_drawer_of_the_cabinet_and_close_it,task 3: missing replaceable_goal_families,replaceable_goal_families,,,Replaceable family map absent and unresolved,PER_TASK,T03:replaceable_goal_families,T03:replaceable_goal_families,G-MEASUREMENT;G-SCOPE,SOURCE_GROUNDED_AUTHORING_THEN_VERIFY,Explicit family IDs already present in initial goals; supported replacement/retirement/reissue semantics,catalog_complete;goal_lifecycle_semantics,empty_required_semantic_field,DEPENDS_ON_REQUIRED_REPLACEMENT_VARIANTS,cope_benchmark/repeated_v2/task_catalog.py:213,research/repeated_v2_formal_readiness_20260906/CURRENT_PREFLIGHT.txt,78da922e4dbd1411f1aa91846b88fc5d621be4856faf76cd87ca864eeeb0348c
GAP-0280,3,KITCHEN_SCENE4_put_the_black_bowl_in_the_bottom_drawer_of_the_cabinet_and_close_it,task 3: missing semantic trigger/guard GOAL_RECEPTACLE_OR_GROUNDING_CHANGED,semantic_triggers,GOAL_RECEPTACLE_OR_GROUNDING_CHANGED,,Empty semantic_triggers collection,PER_TASK,T03:semantic_triggers,T03:semantic_triggers:GOAL_RECEPTACLE_OR_GROUNDING_CHANGED,G-MEASUREMENT;G-SCOPE,AUTHOR_AND_VERIFY,Task-grounded predicate and feasibility guard; earliest/latest steps and spacing>=10; actual monitor/observation provenance,catalog_complete;semantic_schedule;fresh_event_observation,same_absent_trigger_guard_cascade,PER_TASK_ALL_TEN_IMPLEMENTATION_CONFLICT,cope_benchmark/repeated_v2/task_catalog.py:264,research/repeated_v2_formal_readiness_20260906/CURRENT_PREFLIGHT.txt,78da922e4dbd1411f1aa91846b88fc5d621be4856faf76cd87ca864eeeb0348c
GAP-0281,3,KITCHEN_SCENE4_put_the_black_bowl_in_the_bottom_drawer_of_the_cabinet_and_close_it,task 3: missing semantic trigger/guard TARGET_OBJECT_DISPLACED,semantic_triggers,TARGET_OBJECT_DISPLACED,,Empty semantic_triggers collection,PER_TASK,T03:semantic_triggers,T03:semantic_triggers:TARGET_OBJECT_DISPLACED,G-MEASUREMENT;G-SCOPE,AUTHOR_AND_VERIFY,Task-grounded predicate and feasibility guard; earliest/latest steps and spacing>=10; actual monitor/observation provenance,catalog_complete;semantic_schedule;fresh_event_observation,same_absent_trigger_guard_cascade,PER_TASK_ALL_TEN_IMPLEMENTATION_CONFLICT,cope_benchmark/repeated_v2/task_catalog.py:264,research/repeated_v2_formal_readiness_20260906/CURRENT_PREFLIGHT.txt,78da922e4dbd1411f1aa91846b88fc5d621be4856faf76cd87ca864eeeb0348c
GAP-0282,3,KITCHEN_SCENE4_put_the_black_bowl_in_the_bottom_drawer_of_the_cabinet_and_close_it,task 3: missing semantic trigger/guard TEMPORARY_NO_GO_APPEARS,semantic_triggers,TEMPORARY_NO_GO_APPEARS,,Empty semantic_triggers collection,PER_TASK,T03:semantic_triggers,T03:semantic_triggers:TEMPORARY_NO_GO_APPEARS,G-MEASUREMENT;G-SCOPE,AUTHOR_AND_VERIFY,Task-grounded predicate and feasibility guard; earliest/latest steps and spacing>=10; actual monitor/observation provenance,catalog_complete;semantic_schedule;fresh_event_observation,same_absent_trigger_guard_cascade,PER_TASK_ALL_TEN_IMPLEMENTATION_CONFLICT,cope_benchmark/repeated_v2/task_catalog.py:264,research/repeated_v2_formal_readiness_20260906/CURRENT_PREFLIGHT.txt,78da922e4dbd1411f1aa91846b88fc5d621be4856faf76cd87ca864eeeb0348c
GAP-0283,3,KITCHEN_SCENE4_put_the_black_bowl_in_the_bottom_drawer_of_the_cabinet_and_close_it,task 3: missing semantic trigger/guard TEMPORARY_NO_GO_CLEARS,semantic_triggers,TEMPORARY_NO_GO_CLEARS,,Empty semantic_triggers collection,PER_TASK,T03:semantic_triggers,T03:semantic_triggers:TEMPORARY_NO_GO_CLEARS,G-MEASUREMENT;G-SCOPE,AUTHOR_AND_VERIFY,Task-grounded predicate and feasibility guard; earliest/latest steps and spacing>=10; actual monitor/observation provenance,catalog_complete;semantic_schedule;fresh_event_observation,same_absent_trigger_guard_cascade,PER_TASK_ALL_TEN_IMPLEMENTATION_CONFLICT,cope_benchmark/repeated_v2/task_catalog.py:264,research/repeated_v2_formal_readiness_20260906/CURRENT_PREFLIGHT.txt,78da922e4dbd1411f1aa91846b88fc5d621be4856faf76cd87ca864eeeb0348c
GAP-0284,3,KITCHEN_SCENE4_put_the_black_bowl_in_the_bottom_drawer_of_the_cabinet_and_close_it,task 3: missing semantic trigger/guard TOOL_OR_TARGET_AVAILABLE_AGAIN,semantic_triggers,TOOL_OR_TARGET_AVAILABLE_AGAIN,,Empty semantic_triggers collection,PER_TASK,T03:semantic_triggers,T03:semantic_triggers:TOOL_OR_TARGET_AVAILABLE_AGAIN,G-MEASUREMENT;G-SCOPE,AUTHOR_AND_VERIFY,Task-grounded predicate and feasibility guard; earliest/latest steps and spacing>=10; actual monitor/observation provenance,catalog_complete;semantic_schedule;fresh_event_observation,same_absent_trigger_guard_cascade,PER_TASK_ALL_TEN_IMPLEMENTATION_CONFLICT,cope_benchmark/repeated_v2/task_catalog.py:264,research/repeated_v2_formal_readiness_20260906/CURRENT_PREFLIGHT.txt,78da922e4dbd1411f1aa91846b88fc5d621be4856faf76cd87ca864eeeb0348c
GAP-0285,3,KITCHEN_SCENE4_put_the_black_bowl_in_the_bottom_drawer_of_the_cabinet_and_close_it,task 3: missing semantic trigger/guard TOOL_OR_TARGET_TEMPORARILY_UNAVAILABLE,semantic_triggers,TOOL_OR_TARGET_TEMPORARILY_UNAVAILABLE,,Empty semantic_triggers collection,PER_TASK,T03:semantic_triggers,T03:semantic_triggers:TOOL_OR_TARGET_TEMPORARILY_UNAVAILABLE,G-MEASUREMENT;G-SCOPE,AUTHOR_AND_VERIFY,Task-grounded predicate and feasibility guard; earliest/latest steps and spacing>=10; actual monitor/observation provenance,catalog_complete;semantic_schedule;fresh_event_observation,same_absent_trigger_guard_cascade,PER_TASK_ALL_TEN_IMPLEMENTATION_CONFLICT,cope_benchmark/repeated_v2/task_catalog.py:264,research/repeated_v2_formal_readiness_20260906/CURRENT_PREFLIGHT.txt,78da922e4dbd1411f1aa91846b88fc5d621be4856faf76cd87ca864eeeb0348c
GAP-0286,3,KITCHEN_SCENE4_put_the_black_bowl_in_the_bottom_drawer_of_the_cabinet_and_close_it,task 3: missing semantic trigger/guard USER_ADDS_PERSISTENT_PREFERENCE,semantic_triggers,USER_ADDS_PERSISTENT_PREFERENCE,,Empty semantic_triggers collection,PER_TASK,T03:semantic_triggers,T03:semantic_triggers:USER_ADDS_PERSISTENT_PREFERENCE,G-MEASUREMENT;G-SCOPE,AUTHOR_AND_VERIFY,Task-grounded predicate and feasibility guard; earliest/latest steps and spacing>=10; actual monitor/observation provenance,catalog_complete;semantic_schedule;fresh_event_observation,same_absent_trigger_guard_cascade,PER_TASK_ALL_TEN_IMPLEMENTATION_CONFLICT,cope_benchmark/repeated_v2/task_catalog.py:264,research/repeated_v2_formal_readiness_20260906/CURRENT_PREFLIGHT.txt,78da922e4dbd1411f1aa91846b88fc5d621be4856faf76cd87ca864eeeb0348c
GAP-0287,3,KITCHEN_SCENE4_put_the_black_bowl_in_the_bottom_drawer_of_the_cabinet_and_close_it,task 3: missing semantic trigger/guard USER_CANCELS_ACTIVE_GOAL,semantic_triggers,USER_CANCELS_ACTIVE_GOAL,,Empty semantic_triggers collection,PER_TASK,T03:semantic_triggers,T03:semantic_triggers:USER_CANCELS_ACTIVE_GOAL,G-MEASUREMENT;G-SCOPE,AUTHOR_AND_VERIFY,Task-grounded predicate and feasibility guard; earliest/latest steps and spacing>=10; actual monitor/observation provenance,catalog_complete;semantic_schedule;fresh_event_observation,same_absent_trigger_guard_cascade,PER_TASK_ALL_TEN_IMPLEMENTATION_CONFLICT,cope_benchmark/repeated_v2/task_catalog.py:264,research/repeated_v2_formal_readiness_20260906/CURRENT_PREFLIGHT.txt,78da922e4dbd1411f1aa91846b88fc5d621be4856faf76cd87ca864eeeb0348c
GAP-0288,3,KITCHEN_SCENE4_put_the_black_bowl_in_the_bottom_drawer_of_the_cabinet_and_close_it,task 3: missing semantic trigger/guard USER_REISSUES_RETIRED_GOAL,semantic_triggers,USER_REISSUES_RETIRED_GOAL,,Empty semantic_triggers collection,PER_TASK,T03:semantic_triggers,T03:semantic_triggers:USER_REISSUES_RETIRED_GOAL,G-MEASUREMENT;G-SCOPE,AUTHOR_AND_VERIFY,Task-grounded predicate and feasibility guard; earliest/latest steps and spacing>=10; actual monitor/observation provenance,catalog_complete;semantic_schedule;fresh_event_observation,same_absent_trigger_guard_cascade,PER_TASK_ALL_TEN_IMPLEMENTATION_CONFLICT,cope_benchmark/repeated_v2/task_catalog.py:264,research/repeated_v2_formal_readiness_20260906/CURRENT_PREFLIGHT.txt,78da922e4dbd1411f1aa91846b88fc5d621be4856faf76cd87ca864eeeb0348c
GAP-0289,3,KITCHEN_SCENE4_put_the_black_bowl_in_the_bottom_drawer_of_the_cabinet_and_close_it,task 3: missing semantic trigger/guard USER_REPLACES_ACTIVE_GOAL,semantic_triggers,USER_REPLACES_ACTIVE_GOAL,,Empty semantic_triggers collection,PER_TASK,T03:semantic_triggers,T03:semantic_triggers:USER_REPLACES_ACTIVE_GOAL,G-MEASUREMENT;G-SCOPE,AUTHOR_AND_VERIFY,Task-grounded predicate and feasibility guard; earliest/latest steps and spacing>=10; actual monitor/observation provenance,catalog_complete;semantic_schedule;fresh_event_observation,same_absent_trigger_guard_cascade,PER_TASK_ALL_TEN_IMPLEMENTATION_CONFLICT,cope_benchmark/repeated_v2/task_catalog.py:264,research/repeated_v2_formal_readiness_20260906/CURRENT_PREFLIGHT.txt,78da922e4dbd1411f1aa91846b88fc5d621be4856faf76cd87ca864eeeb0348c
GAP-0290,3,KITCHEN_SCENE4_put_the_black_bowl_in_the_bottom_drawer_of_the_cabinet_and_close_it,task 3: missing soft_preference_templates,soft_preference_templates,,,Persistent preference templates absent and unresolved,PER_TASK,T03:soft_preference_templates,T03:soft_preference_templates,G-MEASUREMENT;G-RUNTIME,SOURCE_GROUNDED_AUTHORING_THEN_VERIFY,Task-valid public preference templates with persistence scope and separately sealed scoring semantics,catalog_complete;persistent_preference_event,empty_required_semantic_field,NO_SCOPE_CHANGE_ASSUMED,cope_benchmark/repeated_v2/task_catalog.py:213,research/repeated_v2_formal_readiness_20260906/CURRENT_PREFLIGHT.txt,78da922e4dbd1411f1aa91846b88fc5d621be4856faf76cd87ca864eeeb0348c
GAP-0291,3,KITCHEN_SCENE4_put_the_black_bowl_in_the_bottom_drawer_of_the_cabinet_and_close_it,task 3: no verified preservable milestone,structural_and_milestones,,,No structural/milestone evidence dossier; BDDL predicates are candidates only,PER_TASK,T03:structural_and_milestones,T03:structural_and_milestones,G-MEASUREMENT,AUTHOR_AND_MEASURE_NO_AUTOFILL,"Four structural decisions with evidence_refs; >=2 distinct independently verifiable milestones, >=1 preservable; task5 needs a valid second milestone or documented ineligibility",catalog_complete;structural_task_eligibility;progress_preservation,structural_checks_share_task_dossier,NO_SCOPE_CHANGE_ASSUMED,cope_benchmark/repeated_v2/task_catalog.py:241,research/repeated_v2_formal_readiness_20260906/CURRENT_PREFLIGHT.txt,78da922e4dbd1411f1aa91846b88fc5d621be4856faf76cd87ca864eeeb0348c
GAP-0292,3,KITCHEN_SCENE4_put_the_black_bowl_in_the_bottom_drawer_of_the_cabinet_and_close_it,task 3: unresolved alternative_valid_goals,alternative_valid_goals,,,Alternative valid goals absent and unresolved,PER_TASK,T03:alternative_valid_goals,T03:alternative_valid_goals,G-MEASUREMENT;G-SCOPE,SOURCE_GROUNDED_AUTHORING_THEN_VERIFY,Feasible task-valid family/predicate/arguments/source_ref records and verifier grounding; no invented alternatives,catalog_complete;goal_replacement_semantics,collection_unresolved_marker,DEPENDS_ON_REQUIRED_REPLACEMENT_VARIANTS,cope_benchmark/repeated_v2/task_catalog.py:211,research/repeated_v2_formal_readiness_20260906/CURRENT_PREFLIGHT.txt,78da922e4dbd1411f1aa91846b88fc5d621be4856faf76cd87ca864eeeb0348c
GAP-0293,3,KITCHEN_SCENE4_put_the_black_bowl_in_the_bottom_drawer_of_the_cabinet_and_close_it,task 3: unresolved calibration_records,calibration_records,,,Zero authentic v2 calibration records; identity-cardinality errors are empty-set cascades,PER_TASK,T03:calibration_records,T03:calibration_records,G-POLICY;G-RUNTIME,MEASURE_OR_RECOVER_AUTHENTIC_EVIDENCE,"10 clean learned/nonprivileged outcomes per task: states0..4 x seeds101,131; horizon260; terminal outcome including failures; shared policy/checkpoint/protocol; unique raw trace hashes",catalog_complete;clean_policy_calibration;task_eligibility,collection_unresolved_marker,NO_SCOPE_CHANGE_ASSUMED,cope_benchmark/repeated_v2/task_catalog.py:211,research/repeated_v2_formal_readiness_20260906/CURRENT_PREFLIGHT.txt,78da922e4dbd1411f1aa91846b88fc5d621be4856faf76cd87ca864eeeb0348c
GAP-0294,3,KITCHEN_SCENE4_put_the_black_bowl_in_the_bottom_drawer_of_the_cabinet_and_close_it,task 3: unresolved event_feasibility,event_feasibility,,,Empty event_feasibility collection,PER_TASK,T03:event_feasibility,T03:event_feasibility:TARGET_OBJECT_DISPLACED;T03:event_feasibility:GOAL_RECEPTACLE_OR_GROUNDING_CHANGED;T03:event_feasibility:TEMPORARY_NO_GO_APPEARS;T03:event_feasibility:TEMPORARY_NO_GO_CLEARS;T03:event_feasibility:USER_ADDS_PERSISTENT_PREFERENCE;T03:event_feasibility:TOOL_OR_TARGET_TEMPORARILY_UNAVAILABLE;T03:event_feasibility:TOOL_OR_TARGET_AVAILABLE_AGAIN;T03:event_feasibility:USER_REPLACES_ACTIVE_GOAL;T03:event_feasibility:USER_CANCELS_ACTIVE_GOAL;T03:event_feasibility:USER_REISSUES_RETIRED_GOAL,G-MEASUREMENT;G-SCOPE,MEASURE_OR_RECOVER_AUTHENTIC_EVIDENCE,"Explicit passed true/false, evidence_refs and covered_state_ids0..4 for each applicable task/family under current code; real simulator/safety evidence",catalog_complete;event_feasibility;task_eligibility,collection_unresolved_marker,PER_TASK_ALL_TEN_IMPLEMENTATION_CONFLICT,cope_benchmark/repeated_v2/task_catalog.py:211,research/repeated_v2_formal_readiness_20260906/CURRENT_PREFLIGHT.txt,78da922e4dbd1411f1aa91846b88fc5d621be4856faf76cd87ca864eeeb0348c
GAP-0295,3,KITCHEN_SCENE4_put_the_black_bowl_in_the_bottom_drawer_of_the_cabinet_and_close_it,task 3: unresolved hard_safety_constraints,hard_safety_constraints,,,Task hard requirements absent and unresolved,PER_TASK,T03:hard_safety_constraints,T03:hard_safety_constraints,G-MEASUREMENT;G-RUNTIME,SOURCE_GROUNDED_AUTHORING_THEN_VERIFY,Grounded hard requirements and verifier bindings consistent with real task geometry/interventions; no copied defaults,catalog_complete;sealed_hard_requirement_evaluation,collection_unresolved_marker,NO_SCOPE_CHANGE_ASSUMED,cope_benchmark/repeated_v2/task_catalog.py:211,research/repeated_v2_formal_readiness_20260906/CURRENT_PREFLIGHT.txt,78da922e4dbd1411f1aa91846b88fc5d621be4856faf76cd87ca864eeeb0348c
GAP-0296,3,KITCHEN_SCENE4_put_the_black_bowl_in_the_bottom_drawer_of_the_cabinet_and_close_it,task 3: unresolved initial_state_digests,initial_state_digests,,,Five-state initial-state hash pack absent,PER_TASK,T03:initial_state_digests,T03:initial_state_digests,G-ASSETS,CONDITIONAL_AUTOMATIC_FROM_AUTHENTIC_BYTES,"Exact states0..4 and serialization/source/version binding, yielding five SHA256 receipts; authentic source-asset availability was not audited here",catalog_complete;calibration_state_binding;manifest_identity,collection_unresolved_marker,NO_SCOPE_CHANGE_ASSUMED,cope_benchmark/repeated_v2/task_catalog.py:211,research/repeated_v2_formal_readiness_20260906/CURRENT_PREFLIGHT.txt,78da922e4dbd1411f1aa91846b88fc5d621be4856faf76cd87ca864eeeb0348c
GAP-0297,3,KITCHEN_SCENE4_put_the_black_bowl_in_the_bottom_drawer_of_the_cabinet_and_close_it,task 3: unresolved maintenance_invariants,maintenance_invariants,,,Maintenance semantics unresolved; empty list does not prove none apply,PER_TASK,T03:maintenance_invariants,T03:maintenance_invariants,G-MEASUREMENT,SOURCE_GROUNDED_AUTHORING_THEN_VERIFY,Identify unaffected achievements/continuous maintenance requirements or certify empty semantics where allowed; evidence must precede clearing unresolved marker,catalog_complete;unaffected_progress_preservation,collection_unresolved_marker,NO_SCOPE_CHANGE_ASSUMED,cope_benchmark/repeated_v2/task_catalog.py:211,research/repeated_v2_formal_readiness_20260906/CURRENT_PREFLIGHT.txt,78da922e4dbd1411f1aa91846b88fc5d621be4856faf76cd87ca864eeeb0348c
GAP-0298,3,KITCHEN_SCENE4_put_the_black_bowl_in_the_bottom_drawer_of_the_cabinet_and_close_it,task 3: unresolved planner_compiler_metadata,planner_compiler_metadata,,,Task compiler grounding metadata absent and unresolved,PER_TASK,T03:planner_compiler_metadata,T03:planner_compiler_metadata,G-RUNTIME;G-MEASUREMENT,BIND_IMPLEMENTATION_AND_VERIFY,Explicit supported predicate/operator/skill/instruction bindings; preserve accepted omissions and corruption; no canonical-truth repair,catalog_complete;pure_common_compiler;neutral_backend,collection_unresolved_marker,NO_SCOPE_CHANGE_ASSUMED,cope_benchmark/repeated_v2/task_catalog.py:211,research/repeated_v2_formal_readiness_20260906/CURRENT_PREFLIGHT.txt,78da922e4dbd1411f1aa91846b88fc5d621be4856faf76cd87ca864eeeb0348c
GAP-0299,3,KITCHEN_SCENE4_put_the_black_bowl_in_the_bottom_drawer_of_the_cabinet_and_close_it,task 3: unresolved replaceable_goal_families,replaceable_goal_families,,,Replaceable family map absent and unresolved,PER_TASK,T03:replaceable_goal_families,T03:replaceable_goal_families,G-MEASUREMENT;G-SCOPE,SOURCE_GROUNDED_AUTHORING_THEN_VERIFY,Explicit family IDs already present in initial goals; supported replacement/retirement/reissue semantics,catalog_complete;goal_lifecycle_semantics,collection_unresolved_marker,DEPENDS_ON_REQUIRED_REPLACEMENT_VARIANTS,cope_benchmark/repeated_v2/task_catalog.py:211,research/repeated_v2_formal_readiness_20260906/CURRENT_PREFLIGHT.txt,78da922e4dbd1411f1aa91846b88fc5d621be4856faf76cd87ca864eeeb0348c
GAP-0300,3,KITCHEN_SCENE4_put_the_black_bowl_in_the_bottom_drawer_of_the_cabinet_and_close_it,task 3: unresolved safe_event_injection_poses,safe_event_injections,,,Empty safe-event intervention collection,PER_TASK,T03:safe_event_injections,T03:safe_event_injections:TARGET_OBJECT_DISPLACED;T03:safe_event_injections:GOAL_RECEPTACLE_OR_GROUNDING_CHANGED;T03:safe_event_injections:TEMPORARY_NO_GO_APPEARS;T03:safe_event_injections:TEMPORARY_NO_GO_CLEARS;T03:safe_event_injections:TOOL_OR_TARGET_TEMPORARILY_UNAVAILABLE;T03:safe_event_injections:TOOL_OR_TARGET_AVAILABLE_AGAIN,G-MEASUREMENT;G-SCOPE,AUTHOR_AND_MEASURE,"Alias-bound entity, explicit safe pose or region, hashed evidence; held-object rules and unaffected progress checked",catalog_complete;physical_intervention_safety,collection_unresolved_marker,PER_TASK_ALL_TEN_IMPLEMENTATION_CONFLICT,cope_benchmark/repeated_v2/task_catalog.py:211,research/repeated_v2_formal_readiness_20260906/CURRENT_PREFLIGHT.txt,78da922e4dbd1411f1aa91846b88fc5d621be4856faf76cd87ca864eeeb0348c
GAP-0301,3,KITCHEN_SCENE4_put_the_black_bowl_in_the_bottom_drawer_of_the_cabinet_and_close_it,task 3: unresolved semantic_triggers,semantic_triggers,,,Empty semantic_triggers collection,PER_TASK,T03:semantic_triggers,T03:semantic_triggers:TARGET_OBJECT_DISPLACED;T03:semantic_triggers:GOAL_RECEPTACLE_OR_GROUNDING_CHANGED;T03:semantic_triggers:TEMPORARY_NO_GO_APPEARS;T03:semantic_triggers:TEMPORARY_NO_GO_CLEARS;T03:semantic_triggers:USER_ADDS_PERSISTENT_PREFERENCE;T03:semantic_triggers:TOOL_OR_TARGET_TEMPORARILY_UNAVAILABLE;T03:semantic_triggers:TOOL_OR_TARGET_AVAILABLE_AGAIN;T03:semantic_triggers:USER_REPLACES_ACTIVE_GOAL;T03:semantic_triggers:USER_CANCELS_ACTIVE_GOAL;T03:semantic_triggers:USER_REISSUES_RETIRED_GOAL,G-MEASUREMENT;G-SCOPE,AUTHOR_AND_VERIFY,Task-grounded predicate and feasibility guard; earliest/latest steps and spacing>=10; actual monitor/observation provenance,catalog_complete;semantic_schedule;fresh_event_observation,collection_unresolved_marker,PER_TASK_ALL_TEN_IMPLEMENTATION_CONFLICT,cope_benchmark/repeated_v2/task_catalog.py:211,research/repeated_v2_formal_readiness_20260906/CURRENT_PREFLIGHT.txt,78da922e4dbd1411f1aa91846b88fc5d621be4856faf76cd87ca864eeeb0348c
GAP-0302,3,KITCHEN_SCENE4_put_the_black_bowl_in_the_bottom_drawer_of_the_cabinet_and_close_it,task 3: unresolved soft_preference_templates,soft_preference_templates,,,Persistent preference templates absent and unresolved,PER_TASK,T03:soft_preference_templates,T03:soft_preference_templates,G-MEASUREMENT;G-RUNTIME,SOURCE_GROUNDED_AUTHORING_THEN_VERIFY,Task-valid public preference templates with persistence scope and separately sealed scoring semantics,catalog_complete;persistent_preference_event,collection_unresolved_marker,NO_SCOPE_CHANGE_ASSUMED,cope_benchmark/repeated_v2/task_catalog.py:211,research/repeated_v2_formal_readiness_20260906/CURRENT_PREFLIGHT.txt,78da922e4dbd1411f1aa91846b88fc5d621be4856faf76cd87ca864eeeb0348c
GAP-0303,3,KITCHEN_SCENE4_put_the_black_bowl_in_the_bottom_drawer_of_the_cabinet_and_close_it,task 3: unresolved structural_checks,structural_and_milestones,,,No structural/milestone evidence dossier; BDDL predicates are candidates only,PER_TASK,T03:structural_and_milestones,T03:structural_and_milestones,G-MEASUREMENT,AUTHOR_AND_MEASURE_NO_AUTOFILL,"Four structural decisions with evidence_refs; >=2 distinct independently verifiable milestones, >=1 preservable; task5 needs a valid second milestone or documented ineligibility",catalog_complete;structural_task_eligibility;progress_preservation,collection_unresolved_marker,NO_SCOPE_CHANGE_ASSUMED,cope_benchmark/repeated_v2/task_catalog.py:211,research/repeated_v2_formal_readiness_20260906/CURRENT_PREFLIGHT.txt,78da922e4dbd1411f1aa91846b88fc5d621be4856faf76cd87ca864eeeb0348c
GAP-0304,3,KITCHEN_SCENE4_put_the_black_bowl_in_the_bottom_drawer_of_the_cabinet_and_close_it,task 3: unresolved supported_event_families,supported_event_families,,,No task support declaration; validator demands all ten per task,PER_TASK,T03:supported_event_families,T03:supported_event_families,G-SCOPE;G-MEASUREMENT,REQUIRES_SCOPE_DECISION_AND_EVIDENCE,Actual task-specific supported/unsupported family map; explicit review of all-ten validator conflict; never copy global library as support evidence,catalog_complete;task_eligibility;schedule_support,collection_unresolved_marker,PER_TASK_ALL_TEN_IMPLEMENTATION_CONFLICT,cope_benchmark/repeated_v2/task_catalog.py:211,research/repeated_v2_formal_readiness_20260906/CURRENT_PREFLIGHT.txt,78da922e4dbd1411f1aa91846b88fc5d621be4856faf76cd87ca864eeeb0348c
GAP-0305,3,KITCHEN_SCENE4_put_the_black_bowl_in_the_bottom_drawer_of_the_cabinet_and_close_it,task 3: unverified event feasibility GOAL_RECEPTACLE_OR_GROUNDING_CHANGED,event_feasibility,GOAL_RECEPTACLE_OR_GROUNDING_CHANGED,,Empty event_feasibility collection,PER_TASK,T03:event_feasibility,T03:event_feasibility:GOAL_RECEPTACLE_OR_GROUNDING_CHANGED,G-MEASUREMENT;G-SCOPE,MEASURE_OR_RECOVER_AUTHENTIC_EVIDENCE,"Explicit passed true/false, evidence_refs and covered_state_ids0..4 for each applicable task/family under current code; real simulator/safety evidence",catalog_complete;event_feasibility;task_eligibility,primary_absent_family_certificate,PER_TASK_ALL_TEN_IMPLEMENTATION_CONFLICT,cope_benchmark/repeated_v2/task_catalog.py:255,research/repeated_v2_formal_readiness_20260906/CURRENT_PREFLIGHT.txt,78da922e4dbd1411f1aa91846b88fc5d621be4856faf76cd87ca864eeeb0348c
GAP-0306,3,KITCHEN_SCENE4_put_the_black_bowl_in_the_bottom_drawer_of_the_cabinet_and_close_it,task 3: unverified event feasibility TARGET_OBJECT_DISPLACED,event_feasibility,TARGET_OBJECT_DISPLACED,,Empty event_feasibility collection,PER_TASK,T03:event_feasibility,T03:event_feasibility:TARGET_OBJECT_DISPLACED,G-MEASUREMENT;G-SCOPE,MEASURE_OR_RECOVER_AUTHENTIC_EVIDENCE,"Explicit passed true/false, evidence_refs and covered_state_ids0..4 for each applicable task/family under current code; real simulator/safety evidence",catalog_complete;event_feasibility;task_eligibility,primary_absent_family_certificate,PER_TASK_ALL_TEN_IMPLEMENTATION_CONFLICT,cope_benchmark/repeated_v2/task_catalog.py:255,research/repeated_v2_formal_readiness_20260906/CURRENT_PREFLIGHT.txt,78da922e4dbd1411f1aa91846b88fc5d621be4856faf76cd87ca864eeeb0348c
GAP-0307,3,KITCHEN_SCENE4_put_the_black_bowl_in_the_bottom_drawer_of_the_cabinet_and_close_it,task 3: unverified event feasibility TEMPORARY_NO_GO_APPEARS,event_feasibility,TEMPORARY_NO_GO_APPEARS,,Empty event_feasibility collection,PER_TASK,T03:event_feasibility,T03:event_feasibility:TEMPORARY_NO_GO_APPEARS,G-MEASUREMENT;G-SCOPE,MEASURE_OR_RECOVER_AUTHENTIC_EVIDENCE,"Explicit passed true/false, evidence_refs and covered_state_ids0..4 for each applicable task/family under current code; real simulator/safety evidence",catalog_complete;event_feasibility;task_eligibility,primary_absent_family_certificate,PER_TASK_ALL_TEN_IMPLEMENTATION_CONFLICT,cope_benchmark/repeated_v2/task_catalog.py:255,research/repeated_v2_formal_readiness_20260906/CURRENT_PREFLIGHT.txt,78da922e4dbd1411f1aa91846b88fc5d621be4856faf76cd87ca864eeeb0348c
GAP-0308,3,KITCHEN_SCENE4_put_the_black_bowl_in_the_bottom_drawer_of_the_cabinet_and_close_it,task 3: unverified event feasibility TEMPORARY_NO_GO_CLEARS,event_feasibility,TEMPORARY_NO_GO_CLEARS,,Empty event_feasibility collection,PER_TASK,T03:event_feasibility,T03:event_feasibility:TEMPORARY_NO_GO_CLEARS,G-MEASUREMENT;G-SCOPE,MEASURE_OR_RECOVER_AUTHENTIC_EVIDENCE,"Explicit passed true/false, evidence_refs and covered_state_ids0..4 for each applicable task/family under current code; real simulator/safety evidence",catalog_complete;event_feasibility;task_eligibility,primary_absent_family_certificate,PER_TASK_ALL_TEN_IMPLEMENTATION_CONFLICT,cope_benchmark/repeated_v2/task_catalog.py:255,research/repeated_v2_formal_readiness_20260906/CURRENT_PREFLIGHT.txt,78da922e4dbd1411f1aa91846b88fc5d621be4856faf76cd87ca864eeeb0348c
GAP-0309,3,KITCHEN_SCENE4_put_the_black_bowl_in_the_bottom_drawer_of_the_cabinet_and_close_it,task 3: unverified event feasibility TOOL_OR_TARGET_AVAILABLE_AGAIN,event_feasibility,TOOL_OR_TARGET_AVAILABLE_AGAIN,,Empty event_feasibility collection,PER_TASK,T03:event_feasibility,T03:event_feasibility:TOOL_OR_TARGET_AVAILABLE_AGAIN,G-MEASUREMENT;G-SCOPE,MEASURE_OR_RECOVER_AUTHENTIC_EVIDENCE,"Explicit passed true/false, evidence_refs and covered_state_ids0..4 for each applicable task/family under current code; real simulator/safety evidence",catalog_complete;event_feasibility;task_eligibility,primary_absent_family_certificate,PER_TASK_ALL_TEN_IMPLEMENTATION_CONFLICT,cope_benchmark/repeated_v2/task_catalog.py:255,research/repeated_v2_formal_readiness_20260906/CURRENT_PREFLIGHT.txt,78da922e4dbd1411f1aa91846b88fc5d621be4856faf76cd87ca864eeeb0348c
GAP-0310,3,KITCHEN_SCENE4_put_the_black_bowl_in_the_bottom_drawer_of_the_cabinet_and_close_it,task 3: unverified event feasibility TOOL_OR_TARGET_TEMPORARILY_UNAVAILABLE,event_feasibility,TOOL_OR_TARGET_TEMPORARILY_UNAVAILABLE,,Empty event_feasibility collection,PER_TASK,T03:event_feasibility,T03:event_feasibility:TOOL_OR_TARGET_TEMPORARILY_UNAVAILABLE,G-MEASUREMENT;G-SCOPE,MEASURE_OR_RECOVER_AUTHENTIC_EVIDENCE,"Explicit passed true/false, evidence_refs and covered_state_ids0..4 for each applicable task/family under current code; real simulator/safety evidence",catalog_complete;event_feasibility;task_eligibility,primary_absent_family_certificate,PER_TASK_ALL_TEN_IMPLEMENTATION_CONFLICT,cope_benchmark/repeated_v2/task_catalog.py:255,research/repeated_v2_formal_readiness_20260906/CURRENT_PREFLIGHT.txt,78da922e4dbd1411f1aa91846b88fc5d621be4856faf76cd87ca864eeeb0348c
GAP-0311,3,KITCHEN_SCENE4_put_the_black_bowl_in_the_bottom_drawer_of_the_cabinet_and_close_it,task 3: unverified event feasibility USER_ADDS_PERSISTENT_PREFERENCE,event_feasibility,USER_ADDS_PERSISTENT_PREFERENCE,,Empty event_feasibility collection,PER_TASK,T03:event_feasibility,T03:event_feasibility:USER_ADDS_PERSISTENT_PREFERENCE,G-MEASUREMENT;G-SCOPE,MEASURE_OR_RECOVER_AUTHENTIC_EVIDENCE,"Explicit passed true/false, evidence_refs and covered_state_ids0..4 for each applicable task/family under current code; real simulator/safety evidence",catalog_complete;event_feasibility;task_eligibility,primary_absent_family_certificate,PER_TASK_ALL_TEN_IMPLEMENTATION_CONFLICT,cope_benchmark/repeated_v2/task_catalog.py:255,research/repeated_v2_formal_readiness_20260906/CURRENT_PREFLIGHT.txt,78da922e4dbd1411f1aa91846b88fc5d621be4856faf76cd87ca864eeeb0348c
GAP-0312,3,KITCHEN_SCENE4_put_the_black_bowl_in_the_bottom_drawer_of_the_cabinet_and_close_it,task 3: unverified event feasibility USER_CANCELS_ACTIVE_GOAL,event_feasibility,USER_CANCELS_ACTIVE_GOAL,,Empty event_feasibility collection,PER_TASK,T03:event_feasibility,T03:event_feasibility:USER_CANCELS_ACTIVE_GOAL,G-MEASUREMENT;G-SCOPE,MEASURE_OR_RECOVER_AUTHENTIC_EVIDENCE,"Explicit passed true/false, evidence_refs and covered_state_ids0..4 for each applicable task/family under current code; real simulator/safety evidence",catalog_complete;event_feasibility;task_eligibility,primary_absent_family_certificate,PER_TASK_ALL_TEN_IMPLEMENTATION_CONFLICT,cope_benchmark/repeated_v2/task_catalog.py:255,research/repeated_v2_formal_readiness_20260906/CURRENT_PREFLIGHT.txt,78da922e4dbd1411f1aa91846b88fc5d621be4856faf76cd87ca864eeeb0348c
GAP-0313,3,KITCHEN_SCENE4_put_the_black_bowl_in_the_bottom_drawer_of_the_cabinet_and_close_it,task 3: unverified event feasibility USER_REISSUES_RETIRED_GOAL,event_feasibility,USER_REISSUES_RETIRED_GOAL,,Empty event_feasibility collection,PER_TASK,T03:event_feasibility,T03:event_feasibility:USER_REISSUES_RETIRED_GOAL,G-MEASUREMENT;G-SCOPE,MEASURE_OR_RECOVER_AUTHENTIC_EVIDENCE,"Explicit passed true/false, evidence_refs and covered_state_ids0..4 for each applicable task/family under current code; real simulator/safety evidence",catalog_complete;event_feasibility;task_eligibility,primary_absent_family_certificate,PER_TASK_ALL_TEN_IMPLEMENTATION_CONFLICT,cope_benchmark/repeated_v2/task_catalog.py:255,research/repeated_v2_formal_readiness_20260906/CURRENT_PREFLIGHT.txt,78da922e4dbd1411f1aa91846b88fc5d621be4856faf76cd87ca864eeeb0348c
GAP-0314,3,KITCHEN_SCENE4_put_the_black_bowl_in_the_bottom_drawer_of_the_cabinet_and_close_it,task 3: unverified event feasibility USER_REPLACES_ACTIVE_GOAL,event_feasibility,USER_REPLACES_ACTIVE_GOAL,,Empty event_feasibility collection,PER_TASK,T03:event_feasibility,T03:event_feasibility:USER_REPLACES_ACTIVE_GOAL,G-MEASUREMENT;G-SCOPE,MEASURE_OR_RECOVER_AUTHENTIC_EVIDENCE,"Explicit passed true/false, evidence_refs and covered_state_ids0..4 for each applicable task/family under current code; real simulator/safety evidence",catalog_complete;event_feasibility;task_eligibility,primary_absent_family_certificate,PER_TASK_ALL_TEN_IMPLEMENTATION_CONFLICT,cope_benchmark/repeated_v2/task_catalog.py:255,research/repeated_v2_formal_readiness_20260906/CURRENT_PREFLIGHT.txt,78da922e4dbd1411f1aa91846b88fc5d621be4856faf76cd87ca864eeeb0348c
GAP-0315,3,KITCHEN_SCENE4_put_the_black_bowl_in_the_bottom_drawer_of_the_cabinet_and_close_it,task 3: unverified structural check completed_milestone_preservable,structural_and_milestones,,,No structural/milestone evidence dossier; BDDL predicates are candidates only,PER_TASK,T03:structural_and_milestones,T03:structural_and_milestones,G-MEASUREMENT,AUTHOR_AND_MEASURE_NO_AUTOFILL,"Four structural decisions with evidence_refs; >=2 distinct independently verifiable milestones, >=1 preservable; task5 needs a valid second milestone or documented ineligibility",catalog_complete;structural_task_eligibility;progress_preservation,structural_checks_share_task_dossier,NO_SCOPE_CHANGE_ASSUMED,cope_benchmark/repeated_v2/task_catalog.py:246,research/repeated_v2_formal_readiness_20260906/CURRENT_PREFLIGHT.txt,78da922e4dbd1411f1aa91846b88fc5d621be4856faf76cd87ca864eeeb0348c
GAP-0316,3,KITCHEN_SCENE4_put_the_black_bowl_in_the_bottom_drawer_of_the_cabinet_and_close_it,task 3: unverified structural check cross_skill_requirement_or_persistent_preference,structural_and_milestones,,,No structural/milestone evidence dossier; BDDL predicates are candidates only,PER_TASK,T03:structural_and_milestones,T03:structural_and_milestones,G-MEASUREMENT,AUTHOR_AND_MEASURE_NO_AUTOFILL,"Four structural decisions with evidence_refs; >=2 distinct independently verifiable milestones, >=1 preservable; task5 needs a valid second milestone or documented ineligibility",catalog_complete;structural_task_eligibility;progress_preservation,structural_checks_share_task_dossier,NO_SCOPE_CHANGE_ASSUMED,cope_benchmark/repeated_v2/task_catalog.py:246,research/repeated_v2_formal_readiness_20260906/CURRENT_PREFLIGHT.txt,78da922e4dbd1411f1aa91846b88fc5d621be4856faf76cd87ca864eeeb0348c
GAP-0317,3,KITCHEN_SCENE4_put_the_black_bowl_in_the_bottom_drawer_of_the_cabinet_and_close_it,task 3: unverified structural check safe_changeable_grounding,structural_and_milestones,,,No structural/milestone evidence dossier; BDDL predicates are candidates only,PER_TASK,T03:structural_and_milestones,T03:structural_and_milestones,G-MEASUREMENT,AUTHOR_AND_MEASURE_NO_AUTOFILL,"Four structural decisions with evidence_refs; >=2 distinct independently verifiable milestones, >=1 preservable; task5 needs a valid second milestone or documented ineligibility",catalog_complete;structural_task_eligibility;progress_preservation,structural_checks_share_task_dossier,NO_SCOPE_CHANGE_ASSUMED,cope_benchmark/repeated_v2/task_catalog.py:246,research/repeated_v2_formal_readiness_20260906/CURRENT_PREFLIGHT.txt,78da922e4dbd1411f1aa91846b88fc5d621be4856faf76cd87ca864eeeb0348c
GAP-0318,3,KITCHEN_SCENE4_put_the_black_bowl_in_the_bottom_drawer_of_the_cabinet_and_close_it,task 3: unverified structural check two_independently_verifiable_milestones,structural_and_milestones,,,No structural/milestone evidence dossier; BDDL predicates are candidates only,PER_TASK,T03:structural_and_milestones,T03:structural_and_milestones,G-MEASUREMENT,AUTHOR_AND_MEASURE_NO_AUTOFILL,"Four structural decisions with evidence_refs; >=2 distinct independently verifiable milestones, >=1 preservable; task5 needs a valid second milestone or documented ineligibility",catalog_complete;structural_task_eligibility;progress_preservation,structural_checks_share_task_dossier,NO_SCOPE_CHANGE_ASSUMED,cope_benchmark/repeated_v2/task_catalog.py:246,research/repeated_v2_formal_readiness_20260906/CURRENT_PREFLIGHT.txt,78da922e4dbd1411f1aa91846b88fc5d621be4856faf76cd87ca864eeeb0348c
GAP-0319,4,LIVING_ROOM_SCENE5_put_the_white_mug_on_the_left_plate_and_put_the_yellow_and_white_mug_on_the_right_plate,task 4: all ten event families require explicit support/feasibility,supported_event_families,,,No task support declaration; validator demands all ten per task,PER_TASK,T04:supported_event_families,T04:supported_event_families,G-SCOPE;G-MEASUREMENT,REQUIRES_SCOPE_DECISION_AND_EVIDENCE,Actual task-specific supported/unsupported family map; explicit review of all-ten validator conflict; never copy global library as support evidence,catalog_complete;task_eligibility;schedule_support,support_declaration_and_scope_check,PER_TASK_ALL_TEN_IMPLEMENTATION_CONFLICT,cope_benchmark/repeated_v2/task_catalog.py:253,research/repeated_v2_formal_readiness_20260906/CURRENT_PREFLIGHT.txt,78da922e4dbd1411f1aa91846b88fc5d621be4856faf76cd87ca864eeeb0348c
GAP-0320,4,LIVING_ROOM_SCENE5_put_the_white_mug_on_the_left_plate_and_put_the_yellow_and_white_mug_on_the_right_plate,task 4: calibration must use one checkpoint_sha256,calibration_records,,,Zero authentic v2 calibration records; identity-cardinality errors are empty-set cascades,PER_TASK,T04:calibration_records,T04:calibration_records,G-POLICY;G-RUNTIME,MEASURE_OR_RECOVER_AUTHENTIC_EVIDENCE,"10 clean learned/nonprivileged outcomes per task: states0..4 x seeds101,131; horizon260; terminal outcome including failures; shared policy/checkpoint/protocol; unique raw trace hashes",catalog_complete;clean_policy_calibration;task_eligibility,empty_collection_consistency_cascade,NO_SCOPE_CHANGE_ASSUMED,cope_benchmark/repeated_v2/task_calibration.py:175,research/repeated_v2_formal_readiness_20260906/CURRENT_PREFLIGHT.txt,78da922e4dbd1411f1aa91846b88fc5d621be4856faf76cd87ca864eeeb0348c
GAP-0321,4,LIVING_ROOM_SCENE5_put_the_white_mug_on_the_left_plate_and_put_the_yellow_and_white_mug_on_the_right_plate,task 4: calibration must use one policy_id,calibration_records,,,Zero authentic v2 calibration records; identity-cardinality errors are empty-set cascades,PER_TASK,T04:calibration_records,T04:calibration_records,G-POLICY;G-RUNTIME,MEASURE_OR_RECOVER_AUTHENTIC_EVIDENCE,"10 clean learned/nonprivileged outcomes per task: states0..4 x seeds101,131; horizon260; terminal outcome including failures; shared policy/checkpoint/protocol; unique raw trace hashes",catalog_complete;clean_policy_calibration;task_eligibility,empty_collection_consistency_cascade,NO_SCOPE_CHANGE_ASSUMED,cope_benchmark/repeated_v2/task_calibration.py:175,research/repeated_v2_formal_readiness_20260906/CURRENT_PREFLIGHT.txt,78da922e4dbd1411f1aa91846b88fc5d621be4856faf76cd87ca864eeeb0348c
GAP-0322,4,LIVING_ROOM_SCENE5_put_the_white_mug_on_the_left_plate_and_put_the_yellow_and_white_mug_on_the_right_plate,task 4: calibration must use one protocol_sha256,calibration_records,,,Zero authentic v2 calibration records; identity-cardinality errors are empty-set cascades,PER_TASK,T04:calibration_records,T04:calibration_records,G-POLICY;G-RUNTIME,MEASURE_OR_RECOVER_AUTHENTIC_EVIDENCE,"10 clean learned/nonprivileged outcomes per task: states0..4 x seeds101,131; horizon260; terminal outcome including failures; shared policy/checkpoint/protocol; unique raw trace hashes",catalog_complete;clean_policy_calibration;task_eligibility,empty_collection_consistency_cascade,NO_SCOPE_CHANGE_ASSUMED,cope_benchmark/repeated_v2/task_calibration.py:175,research/repeated_v2_formal_readiness_20260906/CURRENT_PREFLIGHT.txt,78da922e4dbd1411f1aa91846b88fc5d621be4856faf76cd87ca864eeeb0348c
GAP-0323,4,LIVING_ROOM_SCENE5_put_the_white_mug_on_the_left_plate_and_put_the_yellow_and_white_mug_on_the_right_plate,task 4: calibration must use one provenance_kind,calibration_records,,,Zero authentic v2 calibration records; identity-cardinality errors are empty-set cascades,PER_TASK,T04:calibration_records,T04:calibration_records,G-POLICY;G-RUNTIME,MEASURE_OR_RECOVER_AUTHENTIC_EVIDENCE,"10 clean learned/nonprivileged outcomes per task: states0..4 x seeds101,131; horizon260; terminal outcome including failures; shared policy/checkpoint/protocol; unique raw trace hashes",catalog_complete;clean_policy_calibration;task_eligibility,empty_collection_consistency_cascade,NO_SCOPE_CHANGE_ASSUMED,cope_benchmark/repeated_v2/task_calibration.py:175,research/repeated_v2_formal_readiness_20260906/CURRENT_PREFLIGHT.txt,78da922e4dbd1411f1aa91846b88fc5d621be4856faf76cd87ca864eeeb0348c
GAP-0324,4,LIVING_ROOM_SCENE5_put_the_white_mug_on_the_left_plate_and_put_the_yellow_and_white_mug_on_the_right_plate,task 4: fewer than two independently verified distinct milestone predicates,structural_and_milestones,,,No structural/milestone evidence dossier; BDDL predicates are candidates only,PER_TASK,T04:structural_and_milestones,T04:structural_and_milestones,G-MEASUREMENT,AUTHOR_AND_MEASURE_NO_AUTOFILL,"Four structural decisions with evidence_refs; >=2 distinct independently verifiable milestones, >=1 preservable; task5 needs a valid second milestone or documented ineligibility",catalog_complete;structural_task_eligibility;progress_preservation,structural_checks_share_task_dossier,NO_SCOPE_CHANGE_ASSUMED,cope_benchmark/repeated_v2/task_catalog.py:238,research/repeated_v2_formal_readiness_20260906/CURRENT_PREFLIGHT.txt,78da922e4dbd1411f1aa91846b88fc5d621be4856faf76cd87ca864eeeb0348c
GAP-0325,4,LIVING_ROOM_SCENE5_put_the_white_mug_on_the_left_plate_and_put_the_yellow_and_white_mug_on_the_right_plate,"task 4: incomplete calibration grid: expected 10 cells, missing [(0, 101), (0, 131), (1, 101), (1, 131), (2, 101), (2, 131), (3, 101), (3, 131), (4, 101), (4, 131)], unexpected []",calibration_records,,,Zero authentic v2 calibration records; identity-cardinality errors are empty-set cascades,PER_TASK,T04:calibration_records,T04:calibration_records,G-POLICY;G-RUNTIME,MEASURE_OR_RECOVER_AUTHENTIC_EVIDENCE,"10 clean learned/nonprivileged outcomes per task: states0..4 x seeds101,131; horizon260; terminal outcome including failures; shared policy/checkpoint/protocol; unique raw trace hashes",catalog_complete;clean_policy_calibration;task_eligibility,primary_absent_grid,NO_SCOPE_CHANGE_ASSUMED,cope_benchmark/repeated_v2/task_calibration.py:173,research/repeated_v2_formal_readiness_20260906/CURRENT_PREFLIGHT.txt,78da922e4dbd1411f1aa91846b88fc5d621be4856faf76cd87ca864eeeb0348c
GAP-0326,4,LIVING_ROOM_SCENE5_put_the_white_mug_on_the_left_plate_and_put_the_yellow_and_white_mug_on_the_right_plate,"task 4: invalid semantic trigger GOAL_RECEPTACLE_OR_GROUNDING_CHANGED: BLOCKED_TASK_CATALOG_GAP: missing trigger fields ['earliest_policy_step', 'latest_policy_step', 'min_steps_since_previous_event', 'physical_feasibility_guard', 'predicate']",semantic_triggers,GOAL_RECEPTACLE_OR_GROUNDING_CHANGED,,Empty semantic_triggers collection,PER_TASK,T04:semantic_triggers,T04:semantic_triggers:GOAL_RECEPTACLE_OR_GROUNDING_CHANGED,G-MEASUREMENT;G-SCOPE,AUTHOR_AND_VERIFY,Task-grounded predicate and feasibility guard; earliest/latest steps and spacing>=10; actual monitor/observation provenance,catalog_complete;semantic_schedule;fresh_event_observation,primary_absent_trigger,PER_TASK_ALL_TEN_IMPLEMENTATION_CONFLICT,cope_benchmark/repeated_v2/task_catalog.py:259,research/repeated_v2_formal_readiness_20260906/CURRENT_PREFLIGHT.txt,78da922e4dbd1411f1aa91846b88fc5d621be4856faf76cd87ca864eeeb0348c
GAP-0327,4,LIVING_ROOM_SCENE5_put_the_white_mug_on_the_left_plate_and_put_the_yellow_and_white_mug_on_the_right_plate,"task 4: invalid semantic trigger TARGET_OBJECT_DISPLACED: BLOCKED_TASK_CATALOG_GAP: missing trigger fields ['earliest_policy_step', 'latest_policy_step', 'min_steps_since_previous_event', 'physical_feasibility_guard', 'predicate']",semantic_triggers,TARGET_OBJECT_DISPLACED,,Empty semantic_triggers collection,PER_TASK,T04:semantic_triggers,T04:semantic_triggers:TARGET_OBJECT_DISPLACED,G-MEASUREMENT;G-SCOPE,AUTHOR_AND_VERIFY,Task-grounded predicate and feasibility guard; earliest/latest steps and spacing>=10; actual monitor/observation provenance,catalog_complete;semantic_schedule;fresh_event_observation,primary_absent_trigger,PER_TASK_ALL_TEN_IMPLEMENTATION_CONFLICT,cope_benchmark/repeated_v2/task_catalog.py:259,research/repeated_v2_formal_readiness_20260906/CURRENT_PREFLIGHT.txt,78da922e4dbd1411f1aa91846b88fc5d621be4856faf76cd87ca864eeeb0348c
GAP-0328,4,LIVING_ROOM_SCENE5_put_the_white_mug_on_the_left_plate_and_put_the_yellow_and_white_mug_on_the_right_plate,"task 4: invalid semantic trigger TEMPORARY_NO_GO_APPEARS: BLOCKED_TASK_CATALOG_GAP: missing trigger fields ['earliest_policy_step', 'latest_policy_step', 'min_steps_since_previous_event', 'physical_feasibility_guard', 'predicate']",semantic_triggers,TEMPORARY_NO_GO_APPEARS,,Empty semantic_triggers collection,PER_TASK,T04:semantic_triggers,T04:semantic_triggers:TEMPORARY_NO_GO_APPEARS,G-MEASUREMENT;G-SCOPE,AUTHOR_AND_VERIFY,Task-grounded predicate and feasibility guard; earliest/latest steps and spacing>=10; actual monitor/observation provenance,catalog_complete;semantic_schedule;fresh_event_observation,primary_absent_trigger,PER_TASK_ALL_TEN_IMPLEMENTATION_CONFLICT,cope_benchmark/repeated_v2/task_catalog.py:259,research/repeated_v2_formal_readiness_20260906/CURRENT_PREFLIGHT.txt,78da922e4dbd1411f1aa91846b88fc5d621be4856faf76cd87ca864eeeb0348c
GAP-0329,4,LIVING_ROOM_SCENE5_put_the_white_mug_on_the_left_plate_and_put_the_yellow_and_white_mug_on_the_right_plate,"task 4: invalid semantic trigger TEMPORARY_NO_GO_CLEARS: BLOCKED_TASK_CATALOG_GAP: missing trigger fields ['earliest_policy_step', 'latest_policy_step', 'min_steps_since_previous_event', 'physical_feasibility_guard', 'predicate']",semantic_triggers,TEMPORARY_NO_GO_CLEARS,,Empty semantic_triggers collection,PER_TASK,T04:semantic_triggers,T04:semantic_triggers:TEMPORARY_NO_GO_CLEARS,G-MEASUREMENT;G-SCOPE,AUTHOR_AND_VERIFY,Task-grounded predicate and feasibility guard; earliest/latest steps and spacing>=10; actual monitor/observation provenance,catalog_complete;semantic_schedule;fresh_event_observation,primary_absent_trigger,PER_TASK_ALL_TEN_IMPLEMENTATION_CONFLICT,cope_benchmark/repeated_v2/task_catalog.py:259,research/repeated_v2_formal_readiness_20260906/CURRENT_PREFLIGHT.txt,78da922e4dbd1411f1aa91846b88fc5d621be4856faf76cd87ca864eeeb0348c
GAP-0330,4,LIVING_ROOM_SCENE5_put_the_white_mug_on_the_left_plate_and_put_the_yellow_and_white_mug_on_the_right_plate,"task 4: invalid semantic trigger TOOL_OR_TARGET_AVAILABLE_AGAIN: BLOCKED_TASK_CATALOG_GAP: missing trigger fields ['earliest_policy_step', 'latest_policy_step', 'min_steps_since_previous_event', 'physical_feasibility_guard', 'predicate']",semantic_triggers,TOOL_OR_TARGET_AVAILABLE_AGAIN,,Empty semantic_triggers collection,PER_TASK,T04:semantic_triggers,T04:semantic_triggers:TOOL_OR_TARGET_AVAILABLE_AGAIN,G-MEASUREMENT;G-SCOPE,AUTHOR_AND_VERIFY,Task-grounded predicate and feasibility guard; earliest/latest steps and spacing>=10; actual monitor/observation provenance,catalog_complete;semantic_schedule;fresh_event_observation,primary_absent_trigger,PER_TASK_ALL_TEN_IMPLEMENTATION_CONFLICT,cope_benchmark/repeated_v2/task_catalog.py:259,research/repeated_v2_formal_readiness_20260906/CURRENT_PREFLIGHT.txt,78da922e4dbd1411f1aa91846b88fc5d621be4856faf76cd87ca864eeeb0348c
GAP-0331,4,LIVING_ROOM_SCENE5_put_the_white_mug_on_the_left_plate_and_put_the_yellow_and_white_mug_on_the_right_plate,"task 4: invalid semantic trigger TOOL_OR_TARGET_TEMPORARILY_UNAVAILABLE: BLOCKED_TASK_CATALOG_GAP: missing trigger fields ['earliest_policy_step', 'latest_policy_step', 'min_steps_since_previous_event', 'physical_feasibility_guard', 'predicate']",semantic_triggers,TOOL_OR_TARGET_TEMPORARILY_UNAVAILABLE,,Empty semantic_triggers collection,PER_TASK,T04:semantic_triggers,T04:semantic_triggers:TOOL_OR_TARGET_TEMPORARILY_UNAVAILABLE,G-MEASUREMENT;G-SCOPE,AUTHOR_AND_VERIFY,Task-grounded predicate and feasibility guard; earliest/latest steps and spacing>=10; actual monitor/observation provenance,catalog_complete;semantic_schedule;fresh_event_observation,primary_absent_trigger,PER_TASK_ALL_TEN_IMPLEMENTATION_CONFLICT,cope_benchmark/repeated_v2/task_catalog.py:259,research/repeated_v2_formal_readiness_20260906/CURRENT_PREFLIGHT.txt,78da922e4dbd1411f1aa91846b88fc5d621be4856faf76cd87ca864eeeb0348c
GAP-0332,4,LIVING_ROOM_SCENE5_put_the_white_mug_on_the_left_plate_and_put_the_yellow_and_white_mug_on_the_right_plate,"task 4: invalid semantic trigger USER_ADDS_PERSISTENT_PREFERENCE: BLOCKED_TASK_CATALOG_GAP: missing trigger fields ['earliest_policy_step', 'latest_policy_step', 'min_steps_since_previous_event', 'physical_feasibility_guard', 'predicate']",semantic_triggers,USER_ADDS_PERSISTENT_PREFERENCE,,Empty semantic_triggers collection,PER_TASK,T04:semantic_triggers,T04:semantic_triggers:USER_ADDS_PERSISTENT_PREFERENCE,G-MEASUREMENT;G-SCOPE,AUTHOR_AND_VERIFY,Task-grounded predicate and feasibility guard; earliest/latest steps and spacing>=10; actual monitor/observation provenance,catalog_complete;semantic_schedule;fresh_event_observation,primary_absent_trigger,PER_TASK_ALL_TEN_IMPLEMENTATION_CONFLICT,cope_benchmark/repeated_v2/task_catalog.py:259,research/repeated_v2_formal_readiness_20260906/CURRENT_PREFLIGHT.txt,78da922e4dbd1411f1aa91846b88fc5d621be4856faf76cd87ca864eeeb0348c
GAP-0333,4,LIVING_ROOM_SCENE5_put_the_white_mug_on_the_left_plate_and_put_the_yellow_and_white_mug_on_the_right_plate,"task 4: invalid semantic trigger USER_CANCELS_ACTIVE_GOAL: BLOCKED_TASK_CATALOG_GAP: missing trigger fields ['earliest_policy_step', 'latest_policy_step', 'min_steps_since_previous_event', 'physical_feasibility_guard', 'predicate']",semantic_triggers,USER_CANCELS_ACTIVE_GOAL,,Empty semantic_triggers collection,PER_TASK,T04:semantic_triggers,T04:semantic_triggers:USER_CANCELS_ACTIVE_GOAL,G-MEASUREMENT;G-SCOPE,AUTHOR_AND_VERIFY,Task-grounded predicate and feasibility guard; earliest/latest steps and spacing>=10; actual monitor/observation provenance,catalog_complete;semantic_schedule;fresh_event_observation,primary_absent_trigger,PER_TASK_ALL_TEN_IMPLEMENTATION_CONFLICT,cope_benchmark/repeated_v2/task_catalog.py:259,research/repeated_v2_formal_readiness_20260906/CURRENT_PREFLIGHT.txt,78da922e4dbd1411f1aa91846b88fc5d621be4856faf76cd87ca864eeeb0348c
GAP-0334,4,LIVING_ROOM_SCENE5_put_the_white_mug_on_the_left_plate_and_put_the_yellow_and_white_mug_on_the_right_plate,"task 4: invalid semantic trigger USER_REISSUES_RETIRED_GOAL: BLOCKED_TASK_CATALOG_GAP: missing trigger fields ['earliest_policy_step', 'latest_policy_step', 'min_steps_since_previous_event', 'physical_feasibility_guard', 'predicate']",semantic_triggers,USER_REISSUES_RETIRED_GOAL,,Empty semantic_triggers collection,PER_TASK,T04:semantic_triggers,T04:semantic_triggers:USER_REISSUES_RETIRED_GOAL,G-MEASUREMENT;G-SCOPE,AUTHOR_AND_VERIFY,Task-grounded predicate and feasibility guard; earliest/latest steps and spacing>=10; actual monitor/observation provenance,catalog_complete;semantic_schedule;fresh_event_observation,primary_absent_trigger,PER_TASK_ALL_TEN_IMPLEMENTATION_CONFLICT,cope_benchmark/repeated_v2/task_catalog.py:259,research/repeated_v2_formal_readiness_20260906/CURRENT_PREFLIGHT.txt,78da922e4dbd1411f1aa91846b88fc5d621be4856faf76cd87ca864eeeb0348c
GAP-0335,4,LIVING_ROOM_SCENE5_put_the_white_mug_on_the_left_plate_and_put_the_yellow_and_white_mug_on_the_right_plate,"task 4: invalid semantic trigger USER_REPLACES_ACTIVE_GOAL: BLOCKED_TASK_CATALOG_GAP: missing trigger fields ['earliest_policy_step', 'latest_policy_step', 'min_steps_since_previous_event', 'physical_feasibility_guard', 'predicate']",semantic_triggers,USER_REPLACES_ACTIVE_GOAL,,Empty semantic_triggers collection,PER_TASK,T04:semantic_triggers,T04:semantic_triggers:USER_REPLACES_ACTIVE_GOAL,G-MEASUREMENT;G-SCOPE,AUTHOR_AND_VERIFY,Task-grounded predicate and feasibility guard; earliest/latest steps and spacing>=10; actual monitor/observation provenance,catalog_complete;semantic_schedule;fresh_event_observation,primary_absent_trigger,PER_TASK_ALL_TEN_IMPLEMENTATION_CONFLICT,cope_benchmark/repeated_v2/task_catalog.py:259,research/repeated_v2_formal_readiness_20260906/CURRENT_PREFLIGHT.txt,78da922e4dbd1411f1aa91846b88fc5d621be4856faf76cd87ca864eeeb0348c
GAP-0336,4,LIVING_ROOM_SCENE5_put_the_white_mug_on_the_left_plate_and_put_the_yellow_and_white_mug_on_the_right_plate,task 4: invalid semantic trigger window GOAL_RECEPTACLE_OR_GROUNDING_CHANGED,semantic_triggers,GOAL_RECEPTACLE_OR_GROUNDING_CHANGED,,Empty semantic_triggers collection,PER_TASK,T04:semantic_triggers,T04:semantic_triggers:GOAL_RECEPTACLE_OR_GROUNDING_CHANGED,G-MEASUREMENT;G-SCOPE,AUTHOR_AND_VERIFY,Task-grounded predicate and feasibility guard; earliest/latest steps and spacing>=10; actual monitor/observation provenance,catalog_complete;semantic_schedule;fresh_event_observation,same_absent_trigger_window_cascade,PER_TASK_ALL_TEN_IMPLEMENTATION_CONFLICT,cope_benchmark/repeated_v2/task_catalog.py:266,research/repeated_v2_formal_readiness_20260906/CURRENT_PREFLIGHT.txt,78da922e4dbd1411f1aa91846b88fc5d621be4856faf76cd87ca864eeeb0348c
GAP-0337,4,LIVING_ROOM_SCENE5_put_the_white_mug_on_the_left_plate_and_put_the_yellow_and_white_mug_on_the_right_plate,task 4: invalid semantic trigger window TARGET_OBJECT_DISPLACED,semantic_triggers,TARGET_OBJECT_DISPLACED,,Empty semantic_triggers collection,PER_TASK,T04:semantic_triggers,T04:semantic_triggers:TARGET_OBJECT_DISPLACED,G-MEASUREMENT;G-SCOPE,AUTHOR_AND_VERIFY,Task-grounded predicate and feasibility guard; earliest/latest steps and spacing>=10; actual monitor/observation provenance,catalog_complete;semantic_schedule;fresh_event_observation,same_absent_trigger_window_cascade,PER_TASK_ALL_TEN_IMPLEMENTATION_CONFLICT,cope_benchmark/repeated_v2/task_catalog.py:266,research/repeated_v2_formal_readiness_20260906/CURRENT_PREFLIGHT.txt,78da922e4dbd1411f1aa91846b88fc5d621be4856faf76cd87ca864eeeb0348c
GAP-0338,4,LIVING_ROOM_SCENE5_put_the_white_mug_on_the_left_plate_and_put_the_yellow_and_white_mug_on_the_right_plate,task 4: invalid semantic trigger window TEMPORARY_NO_GO_APPEARS,semantic_triggers,TEMPORARY_NO_GO_APPEARS,,Empty semantic_triggers collection,PER_TASK,T04:semantic_triggers,T04:semantic_triggers:TEMPORARY_NO_GO_APPEARS,G-MEASUREMENT;G-SCOPE,AUTHOR_AND_VERIFY,Task-grounded predicate and feasibility guard; earliest/latest steps and spacing>=10; actual monitor/observation provenance,catalog_complete;semantic_schedule;fresh_event_observation,same_absent_trigger_window_cascade,PER_TASK_ALL_TEN_IMPLEMENTATION_CONFLICT,cope_benchmark/repeated_v2/task_catalog.py:266,research/repeated_v2_formal_readiness_20260906/CURRENT_PREFLIGHT.txt,78da922e4dbd1411f1aa91846b88fc5d621be4856faf76cd87ca864eeeb0348c
GAP-0339,4,LIVING_ROOM_SCENE5_put_the_white_mug_on_the_left_plate_and_put_the_yellow_and_white_mug_on_the_right_plate,task 4: invalid semantic trigger window TEMPORARY_NO_GO_CLEARS,semantic_triggers,TEMPORARY_NO_GO_CLEARS,,Empty semantic_triggers collection,PER_TASK,T04:semantic_triggers,T04:semantic_triggers:TEMPORARY_NO_GO_CLEARS,G-MEASUREMENT;G-SCOPE,AUTHOR_AND_VERIFY,Task-grounded predicate and feasibility guard; earliest/latest steps and spacing>=10; actual monitor/observation provenance,catalog_complete;semantic_schedule;fresh_event_observation,same_absent_trigger_window_cascade,PER_TASK_ALL_TEN_IMPLEMENTATION_CONFLICT,cope_benchmark/repeated_v2/task_catalog.py:266,research/repeated_v2_formal_readiness_20260906/CURRENT_PREFLIGHT.txt,78da922e4dbd1411f1aa91846b88fc5d621be4856faf76cd87ca864eeeb0348c
GAP-0340,4,LIVING_ROOM_SCENE5_put_the_white_mug_on_the_left_plate_and_put_the_yellow_and_white_mug_on_the_right_plate,task 4: invalid semantic trigger window TOOL_OR_TARGET_AVAILABLE_AGAIN,semantic_triggers,TOOL_OR_TARGET_AVAILABLE_AGAIN,,Empty semantic_triggers collection,PER_TASK,T04:semantic_triggers,T04:semantic_triggers:TOOL_OR_TARGET_AVAILABLE_AGAIN,G-MEASUREMENT;G-SCOPE,AUTHOR_AND_VERIFY,Task-grounded predicate and feasibility guard; earliest/latest steps and spacing>=10; actual monitor/observation provenance,catalog_complete;semantic_schedule;fresh_event_observation,same_absent_trigger_window_cascade,PER_TASK_ALL_TEN_IMPLEMENTATION_CONFLICT,cope_benchmark/repeated_v2/task_catalog.py:266,research/repeated_v2_formal_readiness_20260906/CURRENT_PREFLIGHT.txt,78da922e4dbd1411f1aa91846b88fc5d621be4856faf76cd87ca864eeeb0348c
GAP-0341,4,LIVING_ROOM_SCENE5_put_the_white_mug_on_the_left_plate_and_put_the_yellow_and_white_mug_on_the_right_plate,task 4: invalid semantic trigger window TOOL_OR_TARGET_TEMPORARILY_UNAVAILABLE,semantic_triggers,TOOL_OR_TARGET_TEMPORARILY_UNAVAILABLE,,Empty semantic_triggers collection,PER_TASK,T04:semantic_triggers,T04:semantic_triggers:TOOL_OR_TARGET_TEMPORARILY_UNAVAILABLE,G-MEASUREMENT;G-SCOPE,AUTHOR_AND_VERIFY,Task-grounded predicate and feasibility guard; earliest/latest steps and spacing>=10; actual monitor/observation provenance,catalog_complete;semantic_schedule;fresh_event_observation,same_absent_trigger_window_cascade,PER_TASK_ALL_TEN_IMPLEMENTATION_CONFLICT,cope_benchmark/repeated_v2/task_catalog.py:266,research/repeated_v2_formal_readiness_20260906/CURRENT_PREFLIGHT.txt,78da922e4dbd1411f1aa91846b88fc5d621be4856faf76cd87ca864eeeb0348c
GAP-0342,4,LIVING_ROOM_SCENE5_put_the_white_mug_on_the_left_plate_and_put_the_yellow_and_white_mug_on_the_right_plate,task 4: invalid semantic trigger window USER_ADDS_PERSISTENT_PREFERENCE,semantic_triggers,USER_ADDS_PERSISTENT_PREFERENCE,,Empty semantic_triggers collection,PER_TASK,T04:semantic_triggers,T04:semantic_triggers:USER_ADDS_PERSISTENT_PREFERENCE,G-MEASUREMENT;G-SCOPE,AUTHOR_AND_VERIFY,Task-grounded predicate and feasibility guard; earliest/latest steps and spacing>=10; actual monitor/observation provenance,catalog_complete;semantic_schedule;fresh_event_observation,same_absent_trigger_window_cascade,PER_TASK_ALL_TEN_IMPLEMENTATION_CONFLICT,cope_benchmark/repeated_v2/task_catalog.py:266,research/repeated_v2_formal_readiness_20260906/CURRENT_PREFLIGHT.txt,78da922e4dbd1411f1aa91846b88fc5d621be4856faf76cd87ca864eeeb0348c
GAP-0343,4,LIVING_ROOM_SCENE5_put_the_white_mug_on_the_left_plate_and_put_the_yellow_and_white_mug_on_the_right_plate,task 4: invalid semantic trigger window USER_CANCELS_ACTIVE_GOAL,semantic_triggers,USER_CANCELS_ACTIVE_GOAL,,Empty semantic_triggers collection,PER_TASK,T04:semantic_triggers,T04:semantic_triggers:USER_CANCELS_ACTIVE_GOAL,G-MEASUREMENT;G-SCOPE,AUTHOR_AND_VERIFY,Task-grounded predicate and feasibility guard; earliest/latest steps and spacing>=10; actual monitor/observation provenance,catalog_complete;semantic_schedule;fresh_event_observation,same_absent_trigger_window_cascade,PER_TASK_ALL_TEN_IMPLEMENTATION_CONFLICT,cope_benchmark/repeated_v2/task_catalog.py:266,research/repeated_v2_formal_readiness_20260906/CURRENT_PREFLIGHT.txt,78da922e4dbd1411f1aa91846b88fc5d621be4856faf76cd87ca864eeeb0348c
GAP-0344,4,LIVING_ROOM_SCENE5_put_the_white_mug_on_the_left_plate_and_put_the_yellow_and_white_mug_on_the_right_plate,task 4: invalid semantic trigger window USER_REISSUES_RETIRED_GOAL,semantic_triggers,USER_REISSUES_RETIRED_GOAL,,Empty semantic_triggers collection,PER_TASK,T04:semantic_triggers,T04:semantic_triggers:USER_REISSUES_RETIRED_GOAL,G-MEASUREMENT;G-SCOPE,AUTHOR_AND_VERIFY,Task-grounded predicate and feasibility guard; earliest/latest steps and spacing>=10; actual monitor/observation provenance,catalog_complete;semantic_schedule;fresh_event_observation,same_absent_trigger_window_cascade,PER_TASK_ALL_TEN_IMPLEMENTATION_CONFLICT,cope_benchmark/repeated_v2/task_catalog.py:266,research/repeated_v2_formal_readiness_20260906/CURRENT_PREFLIGHT.txt,78da922e4dbd1411f1aa91846b88fc5d621be4856faf76cd87ca864eeeb0348c
GAP-0345,4,LIVING_ROOM_SCENE5_put_the_white_mug_on_the_left_plate_and_put_the_yellow_and_white_mug_on_the_right_plate,task 4: invalid semantic trigger window USER_REPLACES_ACTIVE_GOAL,semantic_triggers,USER_REPLACES_ACTIVE_GOAL,,Empty semantic_triggers collection,PER_TASK,T04:semantic_triggers,T04:semantic_triggers:USER_REPLACES_ACTIVE_GOAL,G-MEASUREMENT;G-SCOPE,AUTHOR_AND_VERIFY,Task-grounded predicate and feasibility guard; earliest/latest steps and spacing>=10; actual monitor/observation provenance,catalog_complete;semantic_schedule;fresh_event_observation,same_absent_trigger_window_cascade,PER_TASK_ALL_TEN_IMPLEMENTATION_CONFLICT,cope_benchmark/repeated_v2/task_catalog.py:266,research/repeated_v2_formal_readiness_20260906/CURRENT_PREFLIGHT.txt,78da922e4dbd1411f1aa91846b88fc5d621be4856faf76cd87ca864eeeb0348c
GAP-0346,4,LIVING_ROOM_SCENE5_put_the_white_mug_on_the_left_plate_and_put_the_yellow_and_white_mug_on_the_right_plate,task 4: missing alternative_valid_goals,alternative_valid_goals,,,Alternative valid goals absent and unresolved,PER_TASK,T04:alternative_valid_goals,T04:alternative_valid_goals,G-MEASUREMENT;G-SCOPE,SOURCE_GROUNDED_AUTHORING_THEN_VERIFY,Feasible task-valid family/predicate/arguments/source_ref records and verifier grounding; no invented alternatives,catalog_complete;goal_replacement_semantics,empty_required_semantic_field,DEPENDS_ON_REQUIRED_REPLACEMENT_VARIANTS,cope_benchmark/repeated_v2/task_catalog.py:213,research/repeated_v2_formal_readiness_20260906/CURRENT_PREFLIGHT.txt,78da922e4dbd1411f1aa91846b88fc5d621be4856faf76cd87ca864eeeb0348c
GAP-0347,4,LIVING_ROOM_SCENE5_put_the_white_mug_on_the_left_plate_and_put_the_yellow_and_white_mug_on_the_right_plate,task 4: missing certified safe event injection poses/regions GOAL_RECEPTACLE_OR_GROUNDING_CHANGED,safe_event_injections,GOAL_RECEPTACLE_OR_GROUNDING_CHANGED,,Empty safe-event intervention collection,PER_TASK,T04:safe_event_injections,T04:safe_event_injections:GOAL_RECEPTACLE_OR_GROUNDING_CHANGED,G-MEASUREMENT;G-SCOPE,AUTHOR_AND_MEASURE,"Alias-bound entity, explicit safe pose or region, hashed evidence; held-object rules and unaffected progress checked",catalog_complete;physical_intervention_safety,primary_absent_intervention_certificate,PER_TASK_ALL_TEN_IMPLEMENTATION_CONFLICT,cope_benchmark/repeated_v2/task_catalog.py:269,research/repeated_v2_formal_readiness_20260906/CURRENT_PREFLIGHT.txt,78da922e4dbd1411f1aa91846b88fc5d621be4856faf76cd87ca864eeeb0348c
GAP-0348,4,LIVING_ROOM_SCENE5_put_the_white_mug_on_the_left_plate_and_put_the_yellow_and_white_mug_on_the_right_plate,task 4: missing certified safe event injection poses/regions TARGET_OBJECT_DISPLACED,safe_event_injections,TARGET_OBJECT_DISPLACED,,Empty safe-event intervention collection,PER_TASK,T04:safe_event_injections,T04:safe_event_injections:TARGET_OBJECT_DISPLACED,G-MEASUREMENT;G-SCOPE,AUTHOR_AND_MEASURE,"Alias-bound entity, explicit safe pose or region, hashed evidence; held-object rules and unaffected progress checked",catalog_complete;physical_intervention_safety,primary_absent_intervention_certificate,PER_TASK_ALL_TEN_IMPLEMENTATION_CONFLICT,cope_benchmark/repeated_v2/task_catalog.py:269,research/repeated_v2_formal_readiness_20260906/CURRENT_PREFLIGHT.txt,78da922e4dbd1411f1aa91846b88fc5d621be4856faf76cd87ca864eeeb0348c
GAP-0349,4,LIVING_ROOM_SCENE5_put_the_white_mug_on_the_left_plate_and_put_the_yellow_and_white_mug_on_the_right_plate,task 4: missing certified safe event injection poses/regions TEMPORARY_NO_GO_APPEARS,safe_event_injections,TEMPORARY_NO_GO_APPEARS,,Empty safe-event intervention collection,PER_TASK,T04:safe_event_injections,T04:safe_event_injections:TEMPORARY_NO_GO_APPEARS,G-MEASUREMENT;G-SCOPE,AUTHOR_AND_MEASURE,"Alias-bound entity, explicit safe pose or region, hashed evidence; held-object rules and unaffected progress checked",catalog_complete;physical_intervention_safety,primary_absent_intervention_certificate,PER_TASK_ALL_TEN_IMPLEMENTATION_CONFLICT,cope_benchmark/repeated_v2/task_catalog.py:269,research/repeated_v2_formal_readiness_20260906/CURRENT_PREFLIGHT.txt,78da922e4dbd1411f1aa91846b88fc5d621be4856faf76cd87ca864eeeb0348c
GAP-0350,4,LIVING_ROOM_SCENE5_put_the_white_mug_on_the_left_plate_and_put_the_yellow_and_white_mug_on_the_right_plate,task 4: missing certified safe event injection poses/regions TEMPORARY_NO_GO_CLEARS,safe_event_injections,TEMPORARY_NO_GO_CLEARS,,Empty safe-event intervention collection,PER_TASK,T04:safe_event_injections,T04:safe_event_injections:TEMPORARY_NO_GO_CLEARS,G-MEASUREMENT;G-SCOPE,AUTHOR_AND_MEASURE,"Alias-bound entity, explicit safe pose or region, hashed evidence; held-object rules and unaffected progress checked",catalog_complete;physical_intervention_safety,primary_absent_intervention_certificate,PER_TASK_ALL_TEN_IMPLEMENTATION_CONFLICT,cope_benchmark/repeated_v2/task_catalog.py:269,research/repeated_v2_formal_readiness_20260906/CURRENT_PREFLIGHT.txt,78da922e4dbd1411f1aa91846b88fc5d621be4856faf76cd87ca864eeeb0348c
GAP-0351,4,LIVING_ROOM_SCENE5_put_the_white_mug_on_the_left_plate_and_put_the_yellow_and_white_mug_on_the_right_plate,task 4: missing certified safe event injection poses/regions TOOL_OR_TARGET_AVAILABLE_AGAIN,safe_event_injections,TOOL_OR_TARGET_AVAILABLE_AGAIN,,Empty safe-event intervention collection,PER_TASK,T04:safe_event_injections,T04:safe_event_injections:TOOL_OR_TARGET_AVAILABLE_AGAIN,G-MEASUREMENT;G-SCOPE,AUTHOR_AND_MEASURE,"Alias-bound entity, explicit safe pose or region, hashed evidence; held-object rules and unaffected progress checked",catalog_complete;physical_intervention_safety,primary_absent_intervention_certificate,PER_TASK_ALL_TEN_IMPLEMENTATION_CONFLICT,cope_benchmark/repeated_v2/task_catalog.py:269,research/repeated_v2_formal_readiness_20260906/CURRENT_PREFLIGHT.txt,78da922e4dbd1411f1aa91846b88fc5d621be4856faf76cd87ca864eeeb0348c
GAP-0352,4,LIVING_ROOM_SCENE5_put_the_white_mug_on_the_left_plate_and_put_the_yellow_and_white_mug_on_the_right_plate,task 4: missing certified safe event injection poses/regions TOOL_OR_TARGET_TEMPORARILY_UNAVAILABLE,safe_event_injections,TOOL_OR_TARGET_TEMPORARILY_UNAVAILABLE,,Empty safe-event intervention collection,PER_TASK,T04:safe_event_injections,T04:safe_event_injections:TOOL_OR_TARGET_TEMPORARILY_UNAVAILABLE,G-MEASUREMENT;G-SCOPE,AUTHOR_AND_MEASURE,"Alias-bound entity, explicit safe pose or region, hashed evidence; held-object rules and unaffected progress checked",catalog_complete;physical_intervention_safety,primary_absent_intervention_certificate,PER_TASK_ALL_TEN_IMPLEMENTATION_CONFLICT,cope_benchmark/repeated_v2/task_catalog.py:269,research/repeated_v2_formal_readiness_20260906/CURRENT_PREFLIGHT.txt,78da922e4dbd1411f1aa91846b88fc5d621be4856faf76cd87ca864eeeb0348c
GAP-0353,4,LIVING_ROOM_SCENE5_put_the_white_mug_on_the_left_plate_and_put_the_yellow_and_white_mug_on_the_right_plate,task 4: missing hard_safety_constraints,hard_safety_constraints,,,Task hard requirements absent and unresolved,PER_TASK,T04:hard_safety_constraints,T04:hard_safety_constraints,G-MEASUREMENT;G-RUNTIME,SOURCE_GROUNDED_AUTHORING_THEN_VERIFY,Grounded hard requirements and verifier bindings consistent with real task geometry/interventions; no copied defaults,catalog_complete;sealed_hard_requirement_evaluation,empty_required_semantic_field,NO_SCOPE_CHANGE_ASSUMED,cope_benchmark/repeated_v2/task_catalog.py:213,research/repeated_v2_formal_readiness_20260906/CURRENT_PREFLIGHT.txt,78da922e4dbd1411f1aa91846b88fc5d621be4856faf76cd87ca864eeeb0348c
GAP-0354,4,LIVING_ROOM_SCENE5_put_the_white_mug_on_the_left_plate_and_put_the_yellow_and_white_mug_on_the_right_plate,task 4: missing initial state digest 0,initial_state_digests,,0,Five-state initial-state hash pack absent,PER_TASK,T04:initial_state_digests,T04:initial_state_digests,G-ASSETS,CONDITIONAL_AUTOMATIC_FROM_AUTHENTIC_BYTES,"Exact states0..4 and serialization/source/version binding, yielding five SHA256 receipts; authentic source-asset availability was not audited here",catalog_complete;calibration_state_binding;manifest_identity,distinct_hash_receipt_in_task_pack,NO_SCOPE_CHANGE_ASSUMED,cope_benchmark/repeated_v2/task_catalog.py:250,research/repeated_v2_formal_readiness_20260906/CURRENT_PREFLIGHT.txt,78da922e4dbd1411f1aa91846b88fc5d621be4856faf76cd87ca864eeeb0348c
GAP-0355,4,LIVING_ROOM_SCENE5_put_the_white_mug_on_the_left_plate_and_put_the_yellow_and_white_mug_on_the_right_plate,task 4: missing initial state digest 1,initial_state_digests,,1,Five-state initial-state hash pack absent,PER_TASK,T04:initial_state_digests,T04:initial_state_digests,G-ASSETS,CONDITIONAL_AUTOMATIC_FROM_AUTHENTIC_BYTES,"Exact states0..4 and serialization/source/version binding, yielding five SHA256 receipts; authentic source-asset availability was not audited here",catalog_complete;calibration_state_binding;manifest_identity,distinct_hash_receipt_in_task_pack,NO_SCOPE_CHANGE_ASSUMED,cope_benchmark/repeated_v2/task_catalog.py:250,research/repeated_v2_formal_readiness_20260906/CURRENT_PREFLIGHT.txt,78da922e4dbd1411f1aa91846b88fc5d621be4856faf76cd87ca864eeeb0348c
GAP-0356,4,LIVING_ROOM_SCENE5_put_the_white_mug_on_the_left_plate_and_put_the_yellow_and_white_mug_on_the_right_plate,task 4: missing initial state digest 2,initial_state_digests,,2,Five-state initial-state hash pack absent,PER_TASK,T04:initial_state_digests,T04:initial_state_digests,G-ASSETS,CONDITIONAL_AUTOMATIC_FROM_AUTHENTIC_BYTES,"Exact states0..4 and serialization/source/version binding, yielding five SHA256 receipts; authentic source-asset availability was not audited here",catalog_complete;calibration_state_binding;manifest_identity,distinct_hash_receipt_in_task_pack,NO_SCOPE_CHANGE_ASSUMED,cope_benchmark/repeated_v2/task_catalog.py:250,research/repeated_v2_formal_readiness_20260906/CURRENT_PREFLIGHT.txt,78da922e4dbd1411f1aa91846b88fc5d621be4856faf76cd87ca864eeeb0348c
GAP-0357,4,LIVING_ROOM_SCENE5_put_the_white_mug_on_the_left_plate_and_put_the_yellow_and_white_mug_on_the_right_plate,task 4: missing initial state digest 3,initial_state_digests,,3,Five-state initial-state hash pack absent,PER_TASK,T04:initial_state_digests,T04:initial_state_digests,G-ASSETS,CONDITIONAL_AUTOMATIC_FROM_AUTHENTIC_BYTES,"Exact states0..4 and serialization/source/version binding, yielding five SHA256 receipts; authentic source-asset availability was not audited here",catalog_complete;calibration_state_binding;manifest_identity,distinct_hash_receipt_in_task_pack,NO_SCOPE_CHANGE_ASSUMED,cope_benchmark/repeated_v2/task_catalog.py:250,research/repeated_v2_formal_readiness_20260906/CURRENT_PREFLIGHT.txt,78da922e4dbd1411f1aa91846b88fc5d621be4856faf76cd87ca864eeeb0348c
GAP-0358,4,LIVING_ROOM_SCENE5_put_the_white_mug_on_the_left_plate_and_put_the_yellow_and_white_mug_on_the_right_plate,task 4: missing initial state digest 4,initial_state_digests,,4,Five-state initial-state hash pack absent,PER_TASK,T04:initial_state_digests,T04:initial_state_digests,G-ASSETS,CONDITIONAL_AUTOMATIC_FROM_AUTHENTIC_BYTES,"Exact states0..4 and serialization/source/version binding, yielding five SHA256 receipts; authentic source-asset availability was not audited here",catalog_complete;calibration_state_binding;manifest_identity,distinct_hash_receipt_in_task_pack,NO_SCOPE_CHANGE_ASSUMED,cope_benchmark/repeated_v2/task_catalog.py:250,research/repeated_v2_formal_readiness_20260906/CURRENT_PREFLIGHT.txt,78da922e4dbd1411f1aa91846b88fc5d621be4856faf76cd87ca864eeeb0348c
GAP-0359,4,LIVING_ROOM_SCENE5_put_the_white_mug_on_the_left_plate_and_put_the_yellow_and_white_mug_on_the_right_plate,task 4: missing planner_compiler_metadata,planner_compiler_metadata,,,Task compiler grounding metadata absent and unresolved,PER_TASK,T04:planner_compiler_metadata,T04:planner_compiler_metadata,G-RUNTIME;G-MEASUREMENT,BIND_IMPLEMENTATION_AND_VERIFY,Explicit supported predicate/operator/skill/instruction bindings; preserve accepted omissions and corruption; no canonical-truth repair,catalog_complete;pure_common_compiler;neutral_backend,empty_required_semantic_field,NO_SCOPE_CHANGE_ASSUMED,cope_benchmark/repeated_v2/task_catalog.py:213,research/repeated_v2_formal_readiness_20260906/CURRENT_PREFLIGHT.txt,78da922e4dbd1411f1aa91846b88fc5d621be4856faf76cd87ca864eeeb0348c
GAP-0360,4,LIVING_ROOM_SCENE5_put_the_white_mug_on_the_left_plate_and_put_the_yellow_and_white_mug_on_the_right_plate,task 4: missing replaceable_goal_families,replaceable_goal_families,,,Replaceable family map absent and unresolved,PER_TASK,T04:replaceable_goal_families,T04:replaceable_goal_families,G-MEASUREMENT;G-SCOPE,SOURCE_GROUNDED_AUTHORING_THEN_VERIFY,Explicit family IDs already present in initial goals; supported replacement/retirement/reissue semantics,catalog_complete;goal_lifecycle_semantics,empty_required_semantic_field,DEPENDS_ON_REQUIRED_REPLACEMENT_VARIANTS,cope_benchmark/repeated_v2/task_catalog.py:213,research/repeated_v2_formal_readiness_20260906/CURRENT_PREFLIGHT.txt,78da922e4dbd1411f1aa91846b88fc5d621be4856faf76cd87ca864eeeb0348c
GAP-0361,4,LIVING_ROOM_SCENE5_put_the_white_mug_on_the_left_plate_and_put_the_yellow_and_white_mug_on_the_right_plate,task 4: missing semantic trigger/guard GOAL_RECEPTACLE_OR_GROUNDING_CHANGED,semantic_triggers,GOAL_RECEPTACLE_OR_GROUNDING_CHANGED,,Empty semantic_triggers collection,PER_TASK,T04:semantic_triggers,T04:semantic_triggers:GOAL_RECEPTACLE_OR_GROUNDING_CHANGED,G-MEASUREMENT;G-SCOPE,AUTHOR_AND_VERIFY,Task-grounded predicate and feasibility guard; earliest/latest steps and spacing>=10; actual monitor/observation provenance,catalog_complete;semantic_schedule;fresh_event_observation,same_absent_trigger_guard_cascade,PER_TASK_ALL_TEN_IMPLEMENTATION_CONFLICT,cope_benchmark/repeated_v2/task_catalog.py:264,research/repeated_v2_formal_readiness_20260906/CURRENT_PREFLIGHT.txt,78da922e4dbd1411f1aa91846b88fc5d621be4856faf76cd87ca864eeeb0348c
GAP-0362,4,LIVING_ROOM_SCENE5_put_the_white_mug_on_the_left_plate_and_put_the_yellow_and_white_mug_on_the_right_plate,task 4: missing semantic trigger/guard TARGET_OBJECT_DISPLACED,semantic_triggers,TARGET_OBJECT_DISPLACED,,Empty semantic_triggers collection,PER_TASK,T04:semantic_triggers,T04:semantic_triggers:TARGET_OBJECT_DISPLACED,G-MEASUREMENT;G-SCOPE,AUTHOR_AND_VERIFY,Task-grounded predicate and feasibility guard; earliest/latest steps and spacing>=10; actual monitor/observation provenance,catalog_complete;semantic_schedule;fresh_event_observation,same_absent_trigger_guard_cascade,PER_TASK_ALL_TEN_IMPLEMENTATION_CONFLICT,cope_benchmark/repeated_v2/task_catalog.py:264,research/repeated_v2_formal_readiness_20260906/CURRENT_PREFLIGHT.txt,78da922e4dbd1411f1aa91846b88fc5d621be4856faf76cd87ca864eeeb0348c
GAP-0363,4,LIVING_ROOM_SCENE5_put_the_white_mug_on_the_left_plate_and_put_the_yellow_and_white_mug_on_the_right_plate,task 4: missing semantic trigger/guard TEMPORARY_NO_GO_APPEARS,semantic_triggers,TEMPORARY_NO_GO_APPEARS,,Empty semantic_triggers collection,PER_TASK,T04:semantic_triggers,T04:semantic_triggers:TEMPORARY_NO_GO_APPEARS,G-MEASUREMENT;G-SCOPE,AUTHOR_AND_VERIFY,Task-grounded predicate and feasibility guard; earliest/latest steps and spacing>=10; actual monitor/observation provenance,catalog_complete;semantic_schedule;fresh_event_observation,same_absent_trigger_guard_cascade,PER_TASK_ALL_TEN_IMPLEMENTATION_CONFLICT,cope_benchmark/repeated_v2/task_catalog.py:264,research/repeated_v2_formal_readiness_20260906/CURRENT_PREFLIGHT.txt,78da922e4dbd1411f1aa91846b88fc5d621be4856faf76cd87ca864eeeb0348c
GAP-0364,4,LIVING_ROOM_SCENE5_put_the_white_mug_on_the_left_plate_and_put_the_yellow_and_white_mug_on_the_right_plate,task 4: missing semantic trigger/guard TEMPORARY_NO_GO_CLEARS,semantic_triggers,TEMPORARY_NO_GO_CLEARS,,Empty semantic_triggers collection,PER_TASK,T04:semantic_triggers,T04:semantic_triggers:TEMPORARY_NO_GO_CLEARS,G-MEASUREMENT;G-SCOPE,AUTHOR_AND_VERIFY,Task-grounded predicate and feasibility guard; earliest/latest steps and spacing>=10; actual monitor/observation provenance,catalog_complete;semantic_schedule;fresh_event_observation,same_absent_trigger_guard_cascade,PER_TASK_ALL_TEN_IMPLEMENTATION_CONFLICT,cope_benchmark/repeated_v2/task_catalog.py:264,research/repeated_v2_formal_readiness_20260906/CURRENT_PREFLIGHT.txt,78da922e4dbd1411f1aa91846b88fc5d621be4856faf76cd87ca864eeeb0348c
GAP-0365,4,LIVING_ROOM_SCENE5_put_the_white_mug_on_the_left_plate_and_put_the_yellow_and_white_mug_on_the_right_plate,task 4: missing semantic trigger/guard TOOL_OR_TARGET_AVAILABLE_AGAIN,semantic_triggers,TOOL_OR_TARGET_AVAILABLE_AGAIN,,Empty semantic_triggers collection,PER_TASK,T04:semantic_triggers,T04:semantic_triggers:TOOL_OR_TARGET_AVAILABLE_AGAIN,G-MEASUREMENT;G-SCOPE,AUTHOR_AND_VERIFY,Task-grounded predicate and feasibility guard; earliest/latest steps and spacing>=10; actual monitor/observation provenance,catalog_complete;semantic_schedule;fresh_event_observation,same_absent_trigger_guard_cascade,PER_TASK_ALL_TEN_IMPLEMENTATION_CONFLICT,cope_benchmark/repeated_v2/task_catalog.py:264,research/repeated_v2_formal_readiness_20260906/CURRENT_PREFLIGHT.txt,78da922e4dbd1411f1aa91846b88fc5d621be4856faf76cd87ca864eeeb0348c
GAP-0366,4,LIVING_ROOM_SCENE5_put_the_white_mug_on_the_left_plate_and_put_the_yellow_and_white_mug_on_the_right_plate,task 4: missing semantic trigger/guard TOOL_OR_TARGET_TEMPORARILY_UNAVAILABLE,semantic_triggers,TOOL_OR_TARGET_TEMPORARILY_UNAVAILABLE,,Empty semantic_triggers collection,PER_TASK,T04:semantic_triggers,T04:semantic_triggers:TOOL_OR_TARGET_TEMPORARILY_UNAVAILABLE,G-MEASUREMENT;G-SCOPE,AUTHOR_AND_VERIFY,Task-grounded predicate and feasibility guard; earliest/latest steps and spacing>=10; actual monitor/observation provenance,catalog_complete;semantic_schedule;fresh_event_observation,same_absent_trigger_guard_cascade,PER_TASK_ALL_TEN_IMPLEMENTATION_CONFLICT,cope_benchmark/repeated_v2/task_catalog.py:264,research/repeated_v2_formal_readiness_20260906/CURRENT_PREFLIGHT.txt,78da922e4dbd1411f1aa91846b88fc5d621be4856faf76cd87ca864eeeb0348c
GAP-0367,4,LIVING_ROOM_SCENE5_put_the_white_mug_on_the_left_plate_and_put_the_yellow_and_white_mug_on_the_right_plate,task 4: missing semantic trigger/guard USER_ADDS_PERSISTENT_PREFERENCE,semantic_triggers,USER_ADDS_PERSISTENT_PREFERENCE,,Empty semantic_triggers collection,PER_TASK,T04:semantic_triggers,T04:semantic_triggers:USER_ADDS_PERSISTENT_PREFERENCE,G-MEASUREMENT;G-SCOPE,AUTHOR_AND_VERIFY,Task-grounded predicate and feasibility guard; earliest/latest steps and spacing>=10; actual monitor/observation provenance,catalog_complete;semantic_schedule;fresh_event_observation,same_absent_trigger_guard_cascade,PER_TASK_ALL_TEN_IMPLEMENTATION_CONFLICT,cope_benchmark/repeated_v2/task_catalog.py:264,research/repeated_v2_formal_readiness_20260906/CURRENT_PREFLIGHT.txt,78da922e4dbd1411f1aa91846b88fc5d621be4856faf76cd87ca864eeeb0348c
GAP-0368,4,LIVING_ROOM_SCENE5_put_the_white_mug_on_the_left_plate_and_put_the_yellow_and_white_mug_on_the_right_plate,task 4: missing semantic trigger/guard USER_CANCELS_ACTIVE_GOAL,semantic_triggers,USER_CANCELS_ACTIVE_GOAL,,Empty semantic_triggers collection,PER_TASK,T04:semantic_triggers,T04:semantic_triggers:USER_CANCELS_ACTIVE_GOAL,G-MEASUREMENT;G-SCOPE,AUTHOR_AND_VERIFY,Task-grounded predicate and feasibility guard; earliest/latest steps and spacing>=10; actual monitor/observation provenance,catalog_complete;semantic_schedule;fresh_event_observation,same_absent_trigger_guard_cascade,PER_TASK_ALL_TEN_IMPLEMENTATION_CONFLICT,cope_benchmark/repeated_v2/task_catalog.py:264,research/repeated_v2_formal_readiness_20260906/CURRENT_PREFLIGHT.txt,78da922e4dbd1411f1aa91846b88fc5d621be4856faf76cd87ca864eeeb0348c
GAP-0369,4,LIVING_ROOM_SCENE5_put_the_white_mug_on_the_left_plate_and_put_the_yellow_and_white_mug_on_the_right_plate,task 4: missing semantic trigger/guard USER_REISSUES_RETIRED_GOAL,semantic_triggers,USER_REISSUES_RETIRED_GOAL,,Empty semantic_triggers collection,PER_TASK,T04:semantic_triggers,T04:semantic_triggers:USER_REISSUES_RETIRED_GOAL,G-MEASUREMENT;G-SCOPE,AUTHOR_AND_VERIFY,Task-grounded predicate and feasibility guard; earliest/latest steps and spacing>=10; actual monitor/observation provenance,catalog_complete;semantic_schedule;fresh_event_observation,same_absent_trigger_guard_cascade,PER_TASK_ALL_TEN_IMPLEMENTATION_CONFLICT,cope_benchmark/repeated_v2/task_catalog.py:264,research/repeated_v2_formal_readiness_20260906/CURRENT_PREFLIGHT.txt,78da922e4dbd1411f1aa91846b88fc5d621be4856faf76cd87ca864eeeb0348c
GAP-0370,4,LIVING_ROOM_SCENE5_put_the_white_mug_on_the_left_plate_and_put_the_yellow_and_white_mug_on_the_right_plate,task 4: missing semantic trigger/guard USER_REPLACES_ACTIVE_GOAL,semantic_triggers,USER_REPLACES_ACTIVE_GOAL,,Empty semantic_triggers collection,PER_TASK,T04:semantic_triggers,T04:semantic_triggers:USER_REPLACES_ACTIVE_GOAL,G-MEASUREMENT;G-SCOPE,AUTHOR_AND_VERIFY,Task-grounded predicate and feasibility guard; earliest/latest steps and spacing>=10; actual monitor/observation provenance,catalog_complete;semantic_schedule;fresh_event_observation,same_absent_trigger_guard_cascade,PER_TASK_ALL_TEN_IMPLEMENTATION_CONFLICT,cope_benchmark/repeated_v2/task_catalog.py:264,research/repeated_v2_formal_readiness_20260906/CURRENT_PREFLIGHT.txt,78da922e4dbd1411f1aa91846b88fc5d621be4856faf76cd87ca864eeeb0348c
GAP-0371,4,LIVING_ROOM_SCENE5_put_the_white_mug_on_the_left_plate_and_put_the_yellow_and_white_mug_on_the_right_plate,task 4: missing soft_preference_templates,soft_preference_templates,,,Persistent preference templates absent and unresolved,PER_TASK,T04:soft_preference_templates,T04:soft_preference_templates,G-MEASUREMENT;G-RUNTIME,SOURCE_GROUNDED_AUTHORING_THEN_VERIFY,Task-valid public preference templates with persistence scope and separately sealed scoring semantics,catalog_complete;persistent_preference_event,empty_required_semantic_field,NO_SCOPE_CHANGE_ASSUMED,cope_benchmark/repeated_v2/task_catalog.py:213,research/repeated_v2_formal_readiness_20260906/CURRENT_PREFLIGHT.txt,78da922e4dbd1411f1aa91846b88fc5d621be4856faf76cd87ca864eeeb0348c
GAP-0372,4,LIVING_ROOM_SCENE5_put_the_white_mug_on_the_left_plate_and_put_the_yellow_and_white_mug_on_the_right_plate,task 4: no verified preservable milestone,structural_and_milestones,,,No structural/milestone evidence dossier; BDDL predicates are candidates only,PER_TASK,T04:structural_and_milestones,T04:structural_and_milestones,G-MEASUREMENT,AUTHOR_AND_MEASURE_NO_AUTOFILL,"Four structural decisions with evidence_refs; >=2 distinct independently verifiable milestones, >=1 preservable; task5 needs a valid second milestone or documented ineligibility",catalog_complete;structural_task_eligibility;progress_preservation,structural_checks_share_task_dossier,NO_SCOPE_CHANGE_ASSUMED,cope_benchmark/repeated_v2/task_catalog.py:241,research/repeated_v2_formal_readiness_20260906/CURRENT_PREFLIGHT.txt,78da922e4dbd1411f1aa91846b88fc5d621be4856faf76cd87ca864eeeb0348c
GAP-0373,4,LIVING_ROOM_SCENE5_put_the_white_mug_on_the_left_plate_and_put_the_yellow_and_white_mug_on_the_right_plate,task 4: unresolved alternative_valid_goals,alternative_valid_goals,,,Alternative valid goals absent and unresolved,PER_TASK,T04:alternative_valid_goals,T04:alternative_valid_goals,G-MEASUREMENT;G-SCOPE,SOURCE_GROUNDED_AUTHORING_THEN_VERIFY,Feasible task-valid family/predicate/arguments/source_ref records and verifier grounding; no invented alternatives,catalog_complete;goal_replacement_semantics,collection_unresolved_marker,DEPENDS_ON_REQUIRED_REPLACEMENT_VARIANTS,cope_benchmark/repeated_v2/task_catalog.py:211,research/repeated_v2_formal_readiness_20260906/CURRENT_PREFLIGHT.txt,78da922e4dbd1411f1aa91846b88fc5d621be4856faf76cd87ca864eeeb0348c
GAP-0374,4,LIVING_ROOM_SCENE5_put_the_white_mug_on_the_left_plate_and_put_the_yellow_and_white_mug_on_the_right_plate,task 4: unresolved calibration_records,calibration_records,,,Zero authentic v2 calibration records; identity-cardinality errors are empty-set cascades,PER_TASK,T04:calibration_records,T04:calibration_records,G-POLICY;G-RUNTIME,MEASURE_OR_RECOVER_AUTHENTIC_EVIDENCE,"10 clean learned/nonprivileged outcomes per task: states0..4 x seeds101,131; horizon260; terminal outcome including failures; shared policy/checkpoint/protocol; unique raw trace hashes",catalog_complete;clean_policy_calibration;task_eligibility,collection_unresolved_marker,NO_SCOPE_CHANGE_ASSUMED,cope_benchmark/repeated_v2/task_catalog.py:211,research/repeated_v2_formal_readiness_20260906/CURRENT_PREFLIGHT.txt,78da922e4dbd1411f1aa91846b88fc5d621be4856faf76cd87ca864eeeb0348c
GAP-0375,4,LIVING_ROOM_SCENE5_put_the_white_mug_on_the_left_plate_and_put_the_yellow_and_white_mug_on_the_right_plate,task 4: unresolved event_feasibility,event_feasibility,,,Empty event_feasibility collection,PER_TASK,T04:event_feasibility,T04:event_feasibility:TARGET_OBJECT_DISPLACED;T04:event_feasibility:GOAL_RECEPTACLE_OR_GROUNDING_CHANGED;T04:event_feasibility:TEMPORARY_NO_GO_APPEARS;T04:event_feasibility:TEMPORARY_NO_GO_CLEARS;T04:event_feasibility:USER_ADDS_PERSISTENT_PREFERENCE;T04:event_feasibility:TOOL_OR_TARGET_TEMPORARILY_UNAVAILABLE;T04:event_feasibility:TOOL_OR_TARGET_AVAILABLE_AGAIN;T04:event_feasibility:USER_REPLACES_ACTIVE_GOAL;T04:event_feasibility:USER_CANCELS_ACTIVE_GOAL;T04:event_feasibility:USER_REISSUES_RETIRED_GOAL,G-MEASUREMENT;G-SCOPE,MEASURE_OR_RECOVER_AUTHENTIC_EVIDENCE,"Explicit passed true/false, evidence_refs and covered_state_ids0..4 for each applicable task/family under current code; real simulator/safety evidence",catalog_complete;event_feasibility;task_eligibility,collection_unresolved_marker,PER_TASK_ALL_TEN_IMPLEMENTATION_CONFLICT,cope_benchmark/repeated_v2/task_catalog.py:211,research/repeated_v2_formal_readiness_20260906/CURRENT_PREFLIGHT.txt,78da922e4dbd1411f1aa91846b88fc5d621be4856faf76cd87ca864eeeb0348c
GAP-0376,4,LIVING_ROOM_SCENE5_put_the_white_mug_on_the_left_plate_and_put_the_yellow_and_white_mug_on_the_right_plate,task 4: unresolved hard_safety_constraints,hard_safety_constraints,,,Task hard requirements absent and unresolved,PER_TASK,T04:hard_safety_constraints,T04:hard_safety_constraints,G-MEASUREMENT;G-RUNTIME,SOURCE_GROUNDED_AUTHORING_THEN_VERIFY,Grounded hard requirements and verifier bindings consistent with real task geometry/interventions; no copied defaults,catalog_complete;sealed_hard_requirement_evaluation,collection_unresolved_marker,NO_SCOPE_CHANGE_ASSUMED,cope_benchmark/repeated_v2/task_catalog.py:211,research/repeated_v2_formal_readiness_20260906/CURRENT_PREFLIGHT.txt,78da922e4dbd1411f1aa91846b88fc5d621be4856faf76cd87ca864eeeb0348c
GAP-0377,4,LIVING_ROOM_SCENE5_put_the_white_mug_on_the_left_plate_and_put_the_yellow_and_white_mug_on_the_right_plate,task 4: unresolved initial_state_digests,initial_state_digests,,,Five-state initial-state hash pack absent,PER_TASK,T04:initial_state_digests,T04:initial_state_digests,G-ASSETS,CONDITIONAL_AUTOMATIC_FROM_AUTHENTIC_BYTES,"Exact states0..4 and serialization/source/version binding, yielding five SHA256 receipts; authentic source-asset availability was not audited here",catalog_complete;calibration_state_binding;manifest_identity,collection_unresolved_marker,NO_SCOPE_CHANGE_ASSUMED,cope_benchmark/repeated_v2/task_catalog.py:211,research/repeated_v2_formal_readiness_20260906/CURRENT_PREFLIGHT.txt,78da922e4dbd1411f1aa91846b88fc5d621be4856faf76cd87ca864eeeb0348c
GAP-0378,4,LIVING_ROOM_SCENE5_put_the_white_mug_on_the_left_plate_and_put_the_yellow_and_white_mug_on_the_right_plate,task 4: unresolved maintenance_invariants,maintenance_invariants,,,Maintenance semantics unresolved; empty list does not prove none apply,PER_TASK,T04:maintenance_invariants,T04:maintenance_invariants,G-MEASUREMENT,SOURCE_GROUNDED_AUTHORING_THEN_VERIFY,Identify unaffected achievements/continuous maintenance requirements or certify empty semantics where allowed; evidence must precede clearing unresolved marker,catalog_complete;unaffected_progress_preservation,collection_unresolved_marker,NO_SCOPE_CHANGE_ASSUMED,cope_benchmark/repeated_v2/task_catalog.py:211,research/repeated_v2_formal_readiness_20260906/CURRENT_PREFLIGHT.txt,78da922e4dbd1411f1aa91846b88fc5d621be4856faf76cd87ca864eeeb0348c
GAP-0379,4,LIVING_ROOM_SCENE5_put_the_white_mug_on_the_left_plate_and_put_the_yellow_and_white_mug_on_the_right_plate,task 4: unresolved planner_compiler_metadata,planner_compiler_metadata,,,Task compiler grounding metadata absent and unresolved,PER_TASK,T04:planner_compiler_metadata,T04:planner_compiler_metadata,G-RUNTIME;G-MEASUREMENT,BIND_IMPLEMENTATION_AND_VERIFY,Explicit supported predicate/operator/skill/instruction bindings; preserve accepted omissions and corruption; no canonical-truth repair,catalog_complete;pure_common_compiler;neutral_backend,collection_unresolved_marker,NO_SCOPE_CHANGE_ASSUMED,cope_benchmark/repeated_v2/task_catalog.py:211,research/repeated_v2_formal_readiness_20260906/CURRENT_PREFLIGHT.txt,78da922e4dbd1411f1aa91846b88fc5d621be4856faf76cd87ca864eeeb0348c
GAP-0380,4,LIVING_ROOM_SCENE5_put_the_white_mug_on_the_left_plate_and_put_the_yellow_and_white_mug_on_the_right_plate,task 4: unresolved replaceable_goal_families,replaceable_goal_families,,,Replaceable family map absent and unresolved,PER_TASK,T04:replaceable_goal_families,T04:replaceable_goal_families,G-MEASUREMENT;G-SCOPE,SOURCE_GROUNDED_AUTHORING_THEN_VERIFY,Explicit family IDs already present in initial goals; supported replacement/retirement/reissue semantics,catalog_complete;goal_lifecycle_semantics,collection_unresolved_marker,DEPENDS_ON_REQUIRED_REPLACEMENT_VARIANTS,cope_benchmark/repeated_v2/task_catalog.py:211,research/repeated_v2_formal_readiness_20260906/CURRENT_PREFLIGHT.txt,78da922e4dbd1411f1aa91846b88fc5d621be4856faf76cd87ca864eeeb0348c
GAP-0381,4,LIVING_ROOM_SCENE5_put_the_white_mug_on_the_left_plate_and_put_the_yellow_and_white_mug_on_the_right_plate,task 4: unresolved safe_event_injection_poses,safe_event_injections,,,Empty safe-event intervention collection,PER_TASK,T04:safe_event_injections,T04:safe_event_injections:TARGET_OBJECT_DISPLACED;T04:safe_event_injections:GOAL_RECEPTACLE_OR_GROUNDING_CHANGED;T04:safe_event_injections:TEMPORARY_NO_GO_APPEARS;T04:safe_event_injections:TEMPORARY_NO_GO_CLEARS;T04:safe_event_injections:TOOL_OR_TARGET_TEMPORARILY_UNAVAILABLE;T04:safe_event_injections:TOOL_OR_TARGET_AVAILABLE_AGAIN,G-MEASUREMENT;G-SCOPE,AUTHOR_AND_MEASURE,"Alias-bound entity, explicit safe pose or region, hashed evidence; held-object rules and unaffected progress checked",catalog_complete;physical_intervention_safety,collection_unresolved_marker,PER_TASK_ALL_TEN_IMPLEMENTATION_CONFLICT,cope_benchmark/repeated_v2/task_catalog.py:211,research/repeated_v2_formal_readiness_20260906/CURRENT_PREFLIGHT.txt,78da922e4dbd1411f1aa91846b88fc5d621be4856faf76cd87ca864eeeb0348c
GAP-0382,4,LIVING_ROOM_SCENE5_put_the_white_mug_on_the_left_plate_and_put_the_yellow_and_white_mug_on_the_right_plate,task 4: unresolved semantic_triggers,semantic_triggers,,,Empty semantic_triggers collection,PER_TASK,T04:semantic_triggers,T04:semantic_triggers:TARGET_OBJECT_DISPLACED;T04:semantic_triggers:GOAL_RECEPTACLE_OR_GROUNDING_CHANGED;T04:semantic_triggers:TEMPORARY_NO_GO_APPEARS;T04:semantic_triggers:TEMPORARY_NO_GO_CLEARS;T04:semantic_triggers:USER_ADDS_PERSISTENT_PREFERENCE;T04:semantic_triggers:TOOL_OR_TARGET_TEMPORARILY_UNAVAILABLE;T04:semantic_triggers:TOOL_OR_TARGET_AVAILABLE_AGAIN;T04:semantic_triggers:USER_REPLACES_ACTIVE_GOAL;T04:semantic_triggers:USER_CANCELS_ACTIVE_GOAL;T04:semantic_triggers:USER_REISSUES_RETIRED_GOAL,G-MEASUREMENT;G-SCOPE,AUTHOR_AND_VERIFY,Task-grounded predicate and feasibility guard; earliest/latest steps and spacing>=10; actual monitor/observation provenance,catalog_complete;semantic_schedule;fresh_event_observation,collection_unresolved_marker,PER_TASK_ALL_TEN_IMPLEMENTATION_CONFLICT,cope_benchmark/repeated_v2/task_catalog.py:211,research/repeated_v2_formal_readiness_20260906/CURRENT_PREFLIGHT.txt,78da922e4dbd1411f1aa91846b88fc5d621be4856faf76cd87ca864eeeb0348c
GAP-0383,4,LIVING_ROOM_SCENE5_put_the_white_mug_on_the_left_plate_and_put_the_yellow_and_white_mug_on_the_right_plate,task 4: unresolved soft_preference_templates,soft_preference_templates,,,Persistent preference templates absent and unresolved,PER_TASK,T04:soft_preference_templates,T04:soft_preference_templates,G-MEASUREMENT;G-RUNTIME,SOURCE_GROUNDED_AUTHORING_THEN_VERIFY,Task-valid public preference templates with persistence scope and separately sealed scoring semantics,catalog_complete;persistent_preference_event,collection_unresolved_marker,NO_SCOPE_CHANGE_ASSUMED,cope_benchmark/repeated_v2/task_catalog.py:211,research/repeated_v2_formal_readiness_20260906/CURRENT_PREFLIGHT.txt,78da922e4dbd1411f1aa91846b88fc5d621be4856faf76cd87ca864eeeb0348c
GAP-0384,4,LIVING_ROOM_SCENE5_put_the_white_mug_on_the_left_plate_and_put_the_yellow_and_white_mug_on_the_right_plate,task 4: unresolved structural_checks,structural_and_milestones,,,No structural/milestone evidence dossier; BDDL predicates are candidates only,PER_TASK,T04:structural_and_milestones,T04:structural_and_milestones,G-MEASUREMENT,AUTHOR_AND_MEASURE_NO_AUTOFILL,"Four structural decisions with evidence_refs; >=2 distinct independently verifiable milestones, >=1 preservable; task5 needs a valid second milestone or documented ineligibility",catalog_complete;structural_task_eligibility;progress_preservation,collection_unresolved_marker,NO_SCOPE_CHANGE_ASSUMED,cope_benchmark/repeated_v2/task_catalog.py:211,research/repeated_v2_formal_readiness_20260906/CURRENT_PREFLIGHT.txt,78da922e4dbd1411f1aa91846b88fc5d621be4856faf76cd87ca864eeeb0348c
GAP-0385,4,LIVING_ROOM_SCENE5_put_the_white_mug_on_the_left_plate_and_put_the_yellow_and_white_mug_on_the_right_plate,task 4: unresolved supported_event_families,supported_event_families,,,No task support declaration; validator demands all ten per task,PER_TASK,T04:supported_event_families,T04:supported_event_families,G-SCOPE;G-MEASUREMENT,REQUIRES_SCOPE_DECISION_AND_EVIDENCE,Actual task-specific supported/unsupported family map; explicit review of all-ten validator conflict; never copy global library as support evidence,catalog_complete;task_eligibility;schedule_support,collection_unresolved_marker,PER_TASK_ALL_TEN_IMPLEMENTATION_CONFLICT,cope_benchmark/repeated_v2/task_catalog.py:211,research/repeated_v2_formal_readiness_20260906/CURRENT_PREFLIGHT.txt,78da922e4dbd1411f1aa91846b88fc5d621be4856faf76cd87ca864eeeb0348c
GAP-0386,4,LIVING_ROOM_SCENE5_put_the_white_mug_on_the_left_plate_and_put_the_yellow_and_white_mug_on_the_right_plate,task 4: unverified event feasibility GOAL_RECEPTACLE_OR_GROUNDING_CHANGED,event_feasibility,GOAL_RECEPTACLE_OR_GROUNDING_CHANGED,,Empty event_feasibility collection,PER_TASK,T04:event_feasibility,T04:event_feasibility:GOAL_RECEPTACLE_OR_GROUNDING_CHANGED,G-MEASUREMENT;G-SCOPE,MEASURE_OR_RECOVER_AUTHENTIC_EVIDENCE,"Explicit passed true/false, evidence_refs and covered_state_ids0..4 for each applicable task/family under current code; real simulator/safety evidence",catalog_complete;event_feasibility;task_eligibility,primary_absent_family_certificate,PER_TASK_ALL_TEN_IMPLEMENTATION_CONFLICT,cope_benchmark/repeated_v2/task_catalog.py:255,research/repeated_v2_formal_readiness_20260906/CURRENT_PREFLIGHT.txt,78da922e4dbd1411f1aa91846b88fc5d621be4856faf76cd87ca864eeeb0348c
GAP-0387,4,LIVING_ROOM_SCENE5_put_the_white_mug_on_the_left_plate_and_put_the_yellow_and_white_mug_on_the_right_plate,task 4: unverified event feasibility TARGET_OBJECT_DISPLACED,event_feasibility,TARGET_OBJECT_DISPLACED,,Empty event_feasibility collection,PER_TASK,T04:event_feasibility,T04:event_feasibility:TARGET_OBJECT_DISPLACED,G-MEASUREMENT;G-SCOPE,MEASURE_OR_RECOVER_AUTHENTIC_EVIDENCE,"Explicit passed true/false, evidence_refs and covered_state_ids0..4 for each applicable task/family under current code; real simulator/safety evidence",catalog_complete;event_feasibility;task_eligibility,primary_absent_family_certificate,PER_TASK_ALL_TEN_IMPLEMENTATION_CONFLICT,cope_benchmark/repeated_v2/task_catalog.py:255,research/repeated_v2_formal_readiness_20260906/CURRENT_PREFLIGHT.txt,78da922e4dbd1411f1aa91846b88fc5d621be4856faf76cd87ca864eeeb0348c
GAP-0388,4,LIVING_ROOM_SCENE5_put_the_white_mug_on_the_left_plate_and_put_the_yellow_and_white_mug_on_the_right_plate,task 4: unverified event feasibility TEMPORARY_NO_GO_APPEARS,event_feasibility,TEMPORARY_NO_GO_APPEARS,,Empty event_feasibility collection,PER_TASK,T04:event_feasibility,T04:event_feasibility:TEMPORARY_NO_GO_APPEARS,G-MEASUREMENT;G-SCOPE,MEASURE_OR_RECOVER_AUTHENTIC_EVIDENCE,"Explicit passed true/false, evidence_refs and covered_state_ids0..4 for each applicable task/family under current code; real simulator/safety evidence",catalog_complete;event_feasibility;task_eligibility,primary_absent_family_certificate,PER_TASK_ALL_TEN_IMPLEMENTATION_CONFLICT,cope_benchmark/repeated_v2/task_catalog.py:255,research/repeated_v2_formal_readiness_20260906/CURRENT_PREFLIGHT.txt,78da922e4dbd1411f1aa91846b88fc5d621be4856faf76cd87ca864eeeb0348c
GAP-0389,4,LIVING_ROOM_SCENE5_put_the_white_mug_on_the_left_plate_and_put_the_yellow_and_white_mug_on_the_right_plate,task 4: unverified event feasibility TEMPORARY_NO_GO_CLEARS,event_feasibility,TEMPORARY_NO_GO_CLEARS,,Empty event_feasibility collection,PER_TASK,T04:event_feasibility,T04:event_feasibility:TEMPORARY_NO_GO_CLEARS,G-MEASUREMENT;G-SCOPE,MEASURE_OR_RECOVER_AUTHENTIC_EVIDENCE,"Explicit passed true/false, evidence_refs and covered_state_ids0..4 for each applicable task/family under current code; real simulator/safety evidence",catalog_complete;event_feasibility;task_eligibility,primary_absent_family_certificate,PER_TASK_ALL_TEN_IMPLEMENTATION_CONFLICT,cope_benchmark/repeated_v2/task_catalog.py:255,research/repeated_v2_formal_readiness_20260906/CURRENT_PREFLIGHT.txt,78da922e4dbd1411f1aa91846b88fc5d621be4856faf76cd87ca864eeeb0348c
GAP-0390,4,LIVING_ROOM_SCENE5_put_the_white_mug_on_the_left_plate_and_put_the_yellow_and_white_mug_on_the_right_plate,task 4: unverified event feasibility TOOL_OR_TARGET_AVAILABLE_AGAIN,event_feasibility,TOOL_OR_TARGET_AVAILABLE_AGAIN,,Empty event_feasibility collection,PER_TASK,T04:event_feasibility,T04:event_feasibility:TOOL_OR_TARGET_AVAILABLE_AGAIN,G-MEASUREMENT;G-SCOPE,MEASURE_OR_RECOVER_AUTHENTIC_EVIDENCE,"Explicit passed true/false, evidence_refs and covered_state_ids0..4 for each applicable task/family under current code; real simulator/safety evidence",catalog_complete;event_feasibility;task_eligibility,primary_absent_family_certificate,PER_TASK_ALL_TEN_IMPLEMENTATION_CONFLICT,cope_benchmark/repeated_v2/task_catalog.py:255,research/repeated_v2_formal_readiness_20260906/CURRENT_PREFLIGHT.txt,78da922e4dbd1411f1aa91846b88fc5d621be4856faf76cd87ca864eeeb0348c
GAP-0391,4,LIVING_ROOM_SCENE5_put_the_white_mug_on_the_left_plate_and_put_the_yellow_and_white_mug_on_the_right_plate,task 4: unverified event feasibility TOOL_OR_TARGET_TEMPORARILY_UNAVAILABLE,event_feasibility,TOOL_OR_TARGET_TEMPORARILY_UNAVAILABLE,,Empty event_feasibility collection,PER_TASK,T04:event_feasibility,T04:event_feasibility:TOOL_OR_TARGET_TEMPORARILY_UNAVAILABLE,G-MEASUREMENT;G-SCOPE,MEASURE_OR_RECOVER_AUTHENTIC_EVIDENCE,"Explicit passed true/false, evidence_refs and covered_state_ids0..4 for each applicable task/family under current code; real simulator/safety evidence",catalog_complete;event_feasibility;task_eligibility,primary_absent_family_certificate,PER_TASK_ALL_TEN_IMPLEMENTATION_CONFLICT,cope_benchmark/repeated_v2/task_catalog.py:255,research/repeated_v2_formal_readiness_20260906/CURRENT_PREFLIGHT.txt,78da922e4dbd1411f1aa91846b88fc5d621be4856faf76cd87ca864eeeb0348c
GAP-0392,4,LIVING_ROOM_SCENE5_put_the_white_mug_on_the_left_plate_and_put_the_yellow_and_white_mug_on_the_right_plate,task 4: unverified event feasibility USER_ADDS_PERSISTENT_PREFERENCE,event_feasibility,USER_ADDS_PERSISTENT_PREFERENCE,,Empty event_feasibility collection,PER_TASK,T04:event_feasibility,T04:event_feasibility:USER_ADDS_PERSISTENT_PREFERENCE,G-MEASUREMENT;G-SCOPE,MEASURE_OR_RECOVER_AUTHENTIC_EVIDENCE,"Explicit passed true/false, evidence_refs and covered_state_ids0..4 for each applicable task/family under current code; real simulator/safety evidence",catalog_complete;event_feasibility;task_eligibility,primary_absent_family_certificate,PER_TASK_ALL_TEN_IMPLEMENTATION_CONFLICT,cope_benchmark/repeated_v2/task_catalog.py:255,research/repeated_v2_formal_readiness_20260906/CURRENT_PREFLIGHT.txt,78da922e4dbd1411f1aa91846b88fc5d621be4856faf76cd87ca864eeeb0348c
GAP-0393,4,LIVING_ROOM_SCENE5_put_the_white_mug_on_the_left_plate_and_put_the_yellow_and_white_mug_on_the_right_plate,task 4: unverified event feasibility USER_CANCELS_ACTIVE_GOAL,event_feasibility,USER_CANCELS_ACTIVE_GOAL,,Empty event_feasibility collection,PER_TASK,T04:event_feasibility,T04:event_feasibility:USER_CANCELS_ACTIVE_GOAL,G-MEASUREMENT;G-SCOPE,MEASURE_OR_RECOVER_AUTHENTIC_EVIDENCE,"Explicit passed true/false, evidence_refs and covered_state_ids0..4 for each applicable task/family under current code; real simulator/safety evidence",catalog_complete;event_feasibility;task_eligibility,primary_absent_family_certificate,PER_TASK_ALL_TEN_IMPLEMENTATION_CONFLICT,cope_benchmark/repeated_v2/task_catalog.py:255,research/repeated_v2_formal_readiness_20260906/CURRENT_PREFLIGHT.txt,78da922e4dbd1411f1aa91846b88fc5d621be4856faf76cd87ca864eeeb0348c
GAP-0394,4,LIVING_ROOM_SCENE5_put_the_white_mug_on_the_left_plate_and_put_the_yellow_and_white_mug_on_the_right_plate,task 4: unverified event feasibility USER_REISSUES_RETIRED_GOAL,event_feasibility,USER_REISSUES_RETIRED_GOAL,,Empty event_feasibility collection,PER_TASK,T04:event_feasibility,T04:event_feasibility:USER_REISSUES_RETIRED_GOAL,G-MEASUREMENT;G-SCOPE,MEASURE_OR_RECOVER_AUTHENTIC_EVIDENCE,"Explicit passed true/false, evidence_refs and covered_state_ids0..4 for each applicable task/family under current code; real simulator/safety evidence",catalog_complete;event_feasibility;task_eligibility,primary_absent_family_certificate,PER_TASK_ALL_TEN_IMPLEMENTATION_CONFLICT,cope_benchmark/repeated_v2/task_catalog.py:255,research/repeated_v2_formal_readiness_20260906/CURRENT_PREFLIGHT.txt,78da922e4dbd1411f1aa91846b88fc5d621be4856faf76cd87ca864eeeb0348c
GAP-0395,4,LIVING_ROOM_SCENE5_put_the_white_mug_on_the_left_plate_and_put_the_yellow_and_white_mug_on_the_right_plate,task 4: unverified event feasibility USER_REPLACES_ACTIVE_GOAL,event_feasibility,USER_REPLACES_ACTIVE_GOAL,,Empty event_feasibility collection,PER_TASK,T04:event_feasibility,T04:event_feasibility:USER_REPLACES_ACTIVE_GOAL,G-MEASUREMENT;G-SCOPE,MEASURE_OR_RECOVER_AUTHENTIC_EVIDENCE,"Explicit passed true/false, evidence_refs and covered_state_ids0..4 for each applicable task/family under current code; real simulator/safety evidence",catalog_complete;event_feasibility;task_eligibility,primary_absent_family_certificate,PER_TASK_ALL_TEN_IMPLEMENTATION_CONFLICT,cope_benchmark/repeated_v2/task_catalog.py:255,research/repeated_v2_formal_readiness_20260906/CURRENT_PREFLIGHT.txt,78da922e4dbd1411f1aa91846b88fc5d621be4856faf76cd87ca864eeeb0348c
GAP-0396,4,LIVING_ROOM_SCENE5_put_the_white_mug_on_the_left_plate_and_put_the_yellow_and_white_mug_on_the_right_plate,task 4: unverified structural check completed_milestone_preservable,structural_and_milestones,,,No structural/milestone evidence dossier; BDDL predicates are candidates only,PER_TASK,T04:structural_and_milestones,T04:structural_and_milestones,G-MEASUREMENT,AUTHOR_AND_MEASURE_NO_AUTOFILL,"Four structural decisions with evidence_refs; >=2 distinct independently verifiable milestones, >=1 preservable; task5 needs a valid second milestone or documented ineligibility",catalog_complete;structural_task_eligibility;progress_preservation,structural_checks_share_task_dossier,NO_SCOPE_CHANGE_ASSUMED,cope_benchmark/repeated_v2/task_catalog.py:246,research/repeated_v2_formal_readiness_20260906/CURRENT_PREFLIGHT.txt,78da922e4dbd1411f1aa91846b88fc5d621be4856faf76cd87ca864eeeb0348c
GAP-0397,4,LIVING_ROOM_SCENE5_put_the_white_mug_on_the_left_plate_and_put_the_yellow_and_white_mug_on_the_right_plate,task 4: unverified structural check cross_skill_requirement_or_persistent_preference,structural_and_milestones,,,No structural/milestone evidence dossier; BDDL predicates are candidates only,PER_TASK,T04:structural_and_milestones,T04:structural_and_milestones,G-MEASUREMENT,AUTHOR_AND_MEASURE_NO_AUTOFILL,"Four structural decisions with evidence_refs; >=2 distinct independently verifiable milestones, >=1 preservable; task5 needs a valid second milestone or documented ineligibility",catalog_complete;structural_task_eligibility;progress_preservation,structural_checks_share_task_dossier,NO_SCOPE_CHANGE_ASSUMED,cope_benchmark/repeated_v2/task_catalog.py:246,research/repeated_v2_formal_readiness_20260906/CURRENT_PREFLIGHT.txt,78da922e4dbd1411f1aa91846b88fc5d621be4856faf76cd87ca864eeeb0348c
GAP-0398,4,LIVING_ROOM_SCENE5_put_the_white_mug_on_the_left_plate_and_put_the_yellow_and_white_mug_on_the_right_plate,task 4: unverified structural check safe_changeable_grounding,structural_and_milestones,,,No structural/milestone evidence dossier; BDDL predicates are candidates only,PER_TASK,T04:structural_and_milestones,T04:structural_and_milestones,G-MEASUREMENT,AUTHOR_AND_MEASURE_NO_AUTOFILL,"Four structural decisions with evidence_refs; >=2 distinct independently verifiable milestones, >=1 preservable; task5 needs a valid second milestone or documented ineligibility",catalog_complete;structural_task_eligibility;progress_preservation,structural_checks_share_task_dossier,NO_SCOPE_CHANGE_ASSUMED,cope_benchmark/repeated_v2/task_catalog.py:246,research/repeated_v2_formal_readiness_20260906/CURRENT_PREFLIGHT.txt,78da922e4dbd1411f1aa91846b88fc5d621be4856faf76cd87ca864eeeb0348c
GAP-0399,4,LIVING_ROOM_SCENE5_put_the_white_mug_on_the_left_plate_and_put_the_yellow_and_white_mug_on_the_right_plate,task 4: unverified structural check two_independently_verifiable_milestones,structural_and_milestones,,,No structural/milestone evidence dossier; BDDL predicates are candidates only,PER_TASK,T04:structural_and_milestones,T04:structural_and_milestones,G-MEASUREMENT,AUTHOR_AND_MEASURE_NO_AUTOFILL,"Four structural decisions with evidence_refs; >=2 distinct independently verifiable milestones, >=1 preservable; task5 needs a valid second milestone or documented ineligibility",catalog_complete;structural_task_eligibility;progress_preservation,structural_checks_share_task_dossier,NO_SCOPE_CHANGE_ASSUMED,cope_benchmark/repeated_v2/task_catalog.py:246,research/repeated_v2_formal_readiness_20260906/CURRENT_PREFLIGHT.txt,78da922e4dbd1411f1aa91846b88fc5d621be4856faf76cd87ca864eeeb0348c
GAP-0400,5,STUDY_SCENE1_pick_up_the_book_and_place_it_in_the_back_compartment_of_the_caddy,task 5: all ten event families require explicit support/feasibility,supported_event_families,,,No task support declaration; validator demands all ten per task,PER_TASK,T05:supported_event_families,T05:supported_event_families,G-SCOPE;G-MEASUREMENT,REQUIRES_SCOPE_DECISION_AND_EVIDENCE,Actual task-specific supported/unsupported family map; explicit review of all-ten validator conflict; never copy global library as support evidence,catalog_complete;task_eligibility;schedule_support,support_declaration_and_scope_check,PER_TASK_ALL_TEN_IMPLEMENTATION_CONFLICT,cope_benchmark/repeated_v2/task_catalog.py:253,research/repeated_v2_formal_readiness_20260906/CURRENT_PREFLIGHT.txt,78da922e4dbd1411f1aa91846b88fc5d621be4856faf76cd87ca864eeeb0348c
GAP-0401,5,STUDY_SCENE1_pick_up_the_book_and_place_it_in_the_back_compartment_of_the_caddy,task 5: calibration must use one checkpoint_sha256,calibration_records,,,Zero authentic v2 calibration records; identity-cardinality errors are empty-set cascades,PER_TASK,T05:calibration_records,T05:calibration_records,G-POLICY;G-RUNTIME,MEASURE_OR_RECOVER_AUTHENTIC_EVIDENCE,"10 clean learned/nonprivileged outcomes per task: states0..4 x seeds101,131; horizon260; terminal outcome including failures; shared policy/checkpoint/protocol; unique raw trace hashes",catalog_complete;clean_policy_calibration;task_eligibility,empty_collection_consistency_cascade,NO_SCOPE_CHANGE_ASSUMED,cope_benchmark/repeated_v2/task_calibration.py:175,research/repeated_v2_formal_readiness_20260906/CURRENT_PREFLIGHT.txt,78da922e4dbd1411f1aa91846b88fc5d621be4856faf76cd87ca864eeeb0348c
GAP-0402,5,STUDY_SCENE1_pick_up_the_book_and_place_it_in_the_back_compartment_of_the_caddy,task 5: calibration must use one policy_id,calibration_records,,,Zero authentic v2 calibration records; identity-cardinality errors are empty-set cascades,PER_TASK,T05:calibration_records,T05:calibration_records,G-POLICY;G-RUNTIME,MEASURE_OR_RECOVER_AUTHENTIC_EVIDENCE,"10 clean learned/nonprivileged outcomes per task: states0..4 x seeds101,131; horizon260; terminal outcome including failures; shared policy/checkpoint/protocol; unique raw trace hashes",catalog_complete;clean_policy_calibration;task_eligibility,empty_collection_consistency_cascade,NO_SCOPE_CHANGE_ASSUMED,cope_benchmark/repeated_v2/task_calibration.py:175,research/repeated_v2_formal_readiness_20260906/CURRENT_PREFLIGHT.txt,78da922e4dbd1411f1aa91846b88fc5d621be4856faf76cd87ca864eeeb0348c
GAP-0403,5,STUDY_SCENE1_pick_up_the_book_and_place_it_in_the_back_compartment_of_the_caddy,task 5: calibration must use one protocol_sha256,calibration_records,,,Zero authentic v2 calibration records; identity-cardinality errors are empty-set cascades,PER_TASK,T05:calibration_records,T05:calibration_records,G-POLICY;G-RUNTIME,MEASURE_OR_RECOVER_AUTHENTIC_EVIDENCE,"10 clean learned/nonprivileged outcomes per task: states0..4 x seeds101,131; horizon260; terminal outcome including failures; shared policy/checkpoint/protocol; unique raw trace hashes",catalog_complete;clean_policy_calibration;task_eligibility,empty_collection_consistency_cascade,NO_SCOPE_CHANGE_ASSUMED,cope_benchmark/repeated_v2/task_calibration.py:175,research/repeated_v2_formal_readiness_20260906/CURRENT_PREFLIGHT.txt,78da922e4dbd1411f1aa91846b88fc5d621be4856faf76cd87ca864eeeb0348c
GAP-0404,5,STUDY_SCENE1_pick_up_the_book_and_place_it_in_the_back_compartment_of_the_caddy,task 5: calibration must use one provenance_kind,calibration_records,,,Zero authentic v2 calibration records; identity-cardinality errors are empty-set cascades,PER_TASK,T05:calibration_records,T05:calibration_records,G-POLICY;G-RUNTIME,MEASURE_OR_RECOVER_AUTHENTIC_EVIDENCE,"10 clean learned/nonprivileged outcomes per task: states0..4 x seeds101,131; horizon260; terminal outcome including failures; shared policy/checkpoint/protocol; unique raw trace hashes",catalog_complete;clean_policy_calibration;task_eligibility,empty_collection_consistency_cascade,NO_SCOPE_CHANGE_ASSUMED,cope_benchmark/repeated_v2/task_calibration.py:175,research/repeated_v2_formal_readiness_20260906/CURRENT_PREFLIGHT.txt,78da922e4dbd1411f1aa91846b88fc5d621be4856faf76cd87ca864eeeb0348c
GAP-0405,5,STUDY_SCENE1_pick_up_the_book_and_place_it_in_the_back_compartment_of_the_caddy,task 5: fewer than two independently verified distinct milestone predicates,structural_and_milestones,,,No structural/milestone evidence dossier; BDDL predicates are candidates only; current task5 catalog has only one source goal predicate,PER_TASK,T05:structural_and_milestones,T05:structural_and_milestones,G-MEASUREMENT,AUTHOR_AND_MEASURE_NO_AUTOFILL,"Four structural decisions with evidence_refs; >=2 distinct independently verifiable milestones, >=1 preservable; task5 needs a valid second milestone or documented ineligibility",catalog_complete;structural_task_eligibility;progress_preservation,structural_checks_share_task_dossier,NO_SCOPE_CHANGE_ASSUMED,cope_benchmark/repeated_v2/task_catalog.py:238,research/repeated_v2_formal_readiness_20260906/CURRENT_PREFLIGHT.txt,78da922e4dbd1411f1aa91846b88fc5d621be4856faf76cd87ca864eeeb0348c
GAP-0406,5,STUDY_SCENE1_pick_up_the_book_and_place_it_in_the_back_compartment_of_the_caddy,task 5: fewer than two verified milestone definitions,structural_and_milestones,,,No structural/milestone evidence dossier; BDDL predicates are candidates only; current task5 catalog has only one source goal predicate,PER_TASK,T05:structural_and_milestones,T05:structural_and_milestones,G-MEASUREMENT,AUTHOR_AND_MEASURE_NO_AUTOFILL,"Four structural decisions with evidence_refs; >=2 distinct independently verifiable milestones, >=1 preservable; task5 needs a valid second milestone or documented ineligibility",catalog_complete;structural_task_eligibility;progress_preservation,structural_checks_share_task_dossier,NO_SCOPE_CHANGE_ASSUMED,cope_benchmark/repeated_v2/task_catalog.py:230,research/repeated_v2_formal_readiness_20260906/CURRENT_PREFLIGHT.txt,78da922e4dbd1411f1aa91846b88fc5d621be4856faf76cd87ca864eeeb0348c
GAP-0407,5,STUDY_SCENE1_pick_up_the_book_and_place_it_in_the_back_compartment_of_the_caddy,"task 5: incomplete calibration grid: expected 10 cells, missing [(0, 101), (0, 131), (1, 101), (1, 131), (2, 101), (2, 131), (3, 101), (3, 131), (4, 101), (4, 131)], unexpected []",calibration_records,,,Zero authentic v2 calibration records; identity-cardinality errors are empty-set cascades,PER_TASK,T05:calibration_records,T05:calibration_records,G-POLICY;G-RUNTIME,MEASURE_OR_RECOVER_AUTHENTIC_EVIDENCE,"10 clean learned/nonprivileged outcomes per task: states0..4 x seeds101,131; horizon260; terminal outcome including failures; shared policy/checkpoint/protocol; unique raw trace hashes",catalog_complete;clean_policy_calibration;task_eligibility,primary_absent_grid,NO_SCOPE_CHANGE_ASSUMED,cope_benchmark/repeated_v2/task_calibration.py:173,research/repeated_v2_formal_readiness_20260906/CURRENT_PREFLIGHT.txt,78da922e4dbd1411f1aa91846b88fc5d621be4856faf76cd87ca864eeeb0348c
GAP-0408,5,STUDY_SCENE1_pick_up_the_book_and_place_it_in_the_back_compartment_of_the_caddy,"task 5: invalid semantic trigger GOAL_RECEPTACLE_OR_GROUNDING_CHANGED: BLOCKED_TASK_CATALOG_GAP: missing trigger fields ['earliest_policy_step', 'latest_policy_step', 'min_steps_since_previous_event', 'physical_feasibility_guard', 'predicate']",semantic_triggers,GOAL_RECEPTACLE_OR_GROUNDING_CHANGED,,Empty semantic_triggers collection,PER_TASK,T05:semantic_triggers,T05:semantic_triggers:GOAL_RECEPTACLE_OR_GROUNDING_CHANGED,G-MEASUREMENT;G-SCOPE,AUTHOR_AND_VERIFY,Task-grounded predicate and feasibility guard; earliest/latest steps and spacing>=10; actual monitor/observation provenance,catalog_complete;semantic_schedule;fresh_event_observation,primary_absent_trigger,PER_TASK_ALL_TEN_IMPLEMENTATION_CONFLICT,cope_benchmark/repeated_v2/task_catalog.py:259,research/repeated_v2_formal_readiness_20260906/CURRENT_PREFLIGHT.txt,78da922e4dbd1411f1aa91846b88fc5d621be4856faf76cd87ca864eeeb0348c
GAP-0409,5,STUDY_SCENE1_pick_up_the_book_and_place_it_in_the_back_compartment_of_the_caddy,"task 5: invalid semantic trigger TARGET_OBJECT_DISPLACED: BLOCKED_TASK_CATALOG_GAP: missing trigger fields ['earliest_policy_step', 'latest_policy_step', 'min_steps_since_previous_event', 'physical_feasibility_guard', 'predicate']",semantic_triggers,TARGET_OBJECT_DISPLACED,,Empty semantic_triggers collection,PER_TASK,T05:semantic_triggers,T05:semantic_triggers:TARGET_OBJECT_DISPLACED,G-MEASUREMENT;G-SCOPE,AUTHOR_AND_VERIFY,Task-grounded predicate and feasibility guard; earliest/latest steps and spacing>=10; actual monitor/observation provenance,catalog_complete;semantic_schedule;fresh_event_observation,primary_absent_trigger,PER_TASK_ALL_TEN_IMPLEMENTATION_CONFLICT,cope_benchmark/repeated_v2/task_catalog.py:259,research/repeated_v2_formal_readiness_20260906/CURRENT_PREFLIGHT.txt,78da922e4dbd1411f1aa91846b88fc5d621be4856faf76cd87ca864eeeb0348c
GAP-0410,5,STUDY_SCENE1_pick_up_the_book_and_place_it_in_the_back_compartment_of_the_caddy,"task 5: invalid semantic trigger TEMPORARY_NO_GO_APPEARS: BLOCKED_TASK_CATALOG_GAP: missing trigger fields ['earliest_policy_step', 'latest_policy_step', 'min_steps_since_previous_event', 'physical_feasibility_guard', 'predicate']",semantic_triggers,TEMPORARY_NO_GO_APPEARS,,Empty semantic_triggers collection,PER_TASK,T05:semantic_triggers,T05:semantic_triggers:TEMPORARY_NO_GO_APPEARS,G-MEASUREMENT;G-SCOPE,AUTHOR_AND_VERIFY,Task-grounded predicate and feasibility guard; earliest/latest steps and spacing>=10; actual monitor/observation provenance,catalog_complete;semantic_schedule;fresh_event_observation,primary_absent_trigger,PER_TASK_ALL_TEN_IMPLEMENTATION_CONFLICT,cope_benchmark/repeated_v2/task_catalog.py:259,research/repeated_v2_formal_readiness_20260906/CURRENT_PREFLIGHT.txt,78da922e4dbd1411f1aa91846b88fc5d621be4856faf76cd87ca864eeeb0348c
GAP-0411,5,STUDY_SCENE1_pick_up_the_book_and_place_it_in_the_back_compartment_of_the_caddy,"task 5: invalid semantic trigger TEMPORARY_NO_GO_CLEARS: BLOCKED_TASK_CATALOG_GAP: missing trigger fields ['earliest_policy_step', 'latest_policy_step', 'min_steps_since_previous_event', 'physical_feasibility_guard', 'predicate']",semantic_triggers,TEMPORARY_NO_GO_CLEARS,,Empty semantic_triggers collection,PER_TASK,T05:semantic_triggers,T05:semantic_triggers:TEMPORARY_NO_GO_CLEARS,G-MEASUREMENT;G-SCOPE,AUTHOR_AND_VERIFY,Task-grounded predicate and feasibility guard; earliest/latest steps and spacing>=10; actual monitor/observation provenance,catalog_complete;semantic_schedule;fresh_event_observation,primary_absent_trigger,PER_TASK_ALL_TEN_IMPLEMENTATION_CONFLICT,cope_benchmark/repeated_v2/task_catalog.py:259,research/repeated_v2_formal_readiness_20260906/CURRENT_PREFLIGHT.txt,78da922e4dbd1411f1aa91846b88fc5d621be4856faf76cd87ca864eeeb0348c
GAP-0412,5,STUDY_SCENE1_pick_up_the_book_and_place_it_in_the_back_compartment_of_the_caddy,"task 5: invalid semantic trigger TOOL_OR_TARGET_AVAILABLE_AGAIN: BLOCKED_TASK_CATALOG_GAP: missing trigger fields ['earliest_policy_step', 'latest_policy_step', 'min_steps_since_previous_event', 'physical_feasibility_guard', 'predicate']",semantic_triggers,TOOL_OR_TARGET_AVAILABLE_AGAIN,,Empty semantic_triggers collection,PER_TASK,T05:semantic_triggers,T05:semantic_triggers:TOOL_OR_TARGET_AVAILABLE_AGAIN,G-MEASUREMENT;G-SCOPE,AUTHOR_AND_VERIFY,Task-grounded predicate and feasibility guard; earliest/latest steps and spacing>=10; actual monitor/observation provenance,catalog_complete;semantic_schedule;fresh_event_observation,primary_absent_trigger,PER_TASK_ALL_TEN_IMPLEMENTATION_CONFLICT,cope_benchmark/repeated_v2/task_catalog.py:259,research/repeated_v2_formal_readiness_20260906/CURRENT_PREFLIGHT.txt,78da922e4dbd1411f1aa91846b88fc5d621be4856faf76cd87ca864eeeb0348c
GAP-0413,5,STUDY_SCENE1_pick_up_the_book_and_place_it_in_the_back_compartment_of_the_caddy,"task 5: invalid semantic trigger TOOL_OR_TARGET_TEMPORARILY_UNAVAILABLE: BLOCKED_TASK_CATALOG_GAP: missing trigger fields ['earliest_policy_step', 'latest_policy_step', 'min_steps_since_previous_event', 'physical_feasibility_guard', 'predicate']",semantic_triggers,TOOL_OR_TARGET_TEMPORARILY_UNAVAILABLE,,Empty semantic_triggers collection,PER_TASK,T05:semantic_triggers,T05:semantic_triggers:TOOL_OR_TARGET_TEMPORARILY_UNAVAILABLE,G-MEASUREMENT;G-SCOPE,AUTHOR_AND_VERIFY,Task-grounded predicate and feasibility guard; earliest/latest steps and spacing>=10; actual monitor/observation provenance,catalog_complete;semantic_schedule;fresh_event_observation,primary_absent_trigger,PER_TASK_ALL_TEN_IMPLEMENTATION_CONFLICT,cope_benchmark/repeated_v2/task_catalog.py:259,research/repeated_v2_formal_readiness_20260906/CURRENT_PREFLIGHT.txt,78da922e4dbd1411f1aa91846b88fc5d621be4856faf76cd87ca864eeeb0348c
GAP-0414,5,STUDY_SCENE1_pick_up_the_book_and_place_it_in_the_back_compartment_of_the_caddy,"task 5: invalid semantic trigger USER_ADDS_PERSISTENT_PREFERENCE: BLOCKED_TASK_CATALOG_GAP: missing trigger fields ['earliest_policy_step', 'latest_policy_step', 'min_steps_since_previous_event', 'physical_feasibility_guard', 'predicate']",semantic_triggers,USER_ADDS_PERSISTENT_PREFERENCE,,Empty semantic_triggers collection,PER_TASK,T05:semantic_triggers,T05:semantic_triggers:USER_ADDS_PERSISTENT_PREFERENCE,G-MEASUREMENT;G-SCOPE,AUTHOR_AND_VERIFY,Task-grounded predicate and feasibility guard; earliest/latest steps and spacing>=10; actual monitor/observation provenance,catalog_complete;semantic_schedule;fresh_event_observation,primary_absent_trigger,PER_TASK_ALL_TEN_IMPLEMENTATION_CONFLICT,cope_benchmark/repeated_v2/task_catalog.py:259,research/repeated_v2_formal_readiness_20260906/CURRENT_PREFLIGHT.txt,78da922e4dbd1411f1aa91846b88fc5d621be4856faf76cd87ca864eeeb0348c
GAP-0415,5,STUDY_SCENE1_pick_up_the_book_and_place_it_in_the_back_compartment_of_the_caddy,"task 5: invalid semantic trigger USER_CANCELS_ACTIVE_GOAL: BLOCKED_TASK_CATALOG_GAP: missing trigger fields ['earliest_policy_step', 'latest_policy_step', 'min_steps_since_previous_event', 'physical_feasibility_guard', 'predicate']",semantic_triggers,USER_CANCELS_ACTIVE_GOAL,,Empty semantic_triggers collection,PER_TASK,T05:semantic_triggers,T05:semantic_triggers:USER_CANCELS_ACTIVE_GOAL,G-MEASUREMENT;G-SCOPE,AUTHOR_AND_VERIFY,Task-grounded predicate and feasibility guard; earliest/latest steps and spacing>=10; actual monitor/observation provenance,catalog_complete;semantic_schedule;fresh_event_observation,primary_absent_trigger,PER_TASK_ALL_TEN_IMPLEMENTATION_CONFLICT,cope_benchmark/repeated_v2/task_catalog.py:259,research/repeated_v2_formal_readiness_20260906/CURRENT_PREFLIGHT.txt,78da922e4dbd1411f1aa91846b88fc5d621be4856faf76cd87ca864eeeb0348c
GAP-0416,5,STUDY_SCENE1_pick_up_the_book_and_place_it_in_the_back_compartment_of_the_caddy,"task 5: invalid semantic trigger USER_REISSUES_RETIRED_GOAL: BLOCKED_TASK_CATALOG_GAP: missing trigger fields ['earliest_policy_step', 'latest_policy_step', 'min_steps_since_previous_event', 'physical_feasibility_guard', 'predicate']",semantic_triggers,USER_REISSUES_RETIRED_GOAL,,Empty semantic_triggers collection,PER_TASK,T05:semantic_triggers,T05:semantic_triggers:USER_REISSUES_RETIRED_GOAL,G-MEASUREMENT;G-SCOPE,AUTHOR_AND_VERIFY,Task-grounded predicate and feasibility guard; earliest/latest steps and spacing>=10; actual monitor/observation provenance,catalog_complete;semantic_schedule;fresh_event_observation,primary_absent_trigger,PER_TASK_ALL_TEN_IMPLEMENTATION_CONFLICT,cope_benchmark/repeated_v2/task_catalog.py:259,research/repeated_v2_formal_readiness_20260906/CURRENT_PREFLIGHT.txt,78da922e4dbd1411f1aa91846b88fc5d621be4856faf76cd87ca864eeeb0348c
GAP-0417,5,STUDY_SCENE1_pick_up_the_book_and_place_it_in_the_back_compartment_of_the_caddy,"task 5: invalid semantic trigger USER_REPLACES_ACTIVE_GOAL: BLOCKED_TASK_CATALOG_GAP: missing trigger fields ['earliest_policy_step', 'latest_policy_step', 'min_steps_since_previous_event', 'physical_feasibility_guard', 'predicate']",semantic_triggers,USER_REPLACES_ACTIVE_GOAL,,Empty semantic_triggers collection,PER_TASK,T05:semantic_triggers,T05:semantic_triggers:USER_REPLACES_ACTIVE_GOAL,G-MEASUREMENT;G-SCOPE,AUTHOR_AND_VERIFY,Task-grounded predicate and feasibility guard; earliest/latest steps and spacing>=10; actual monitor/observation provenance,catalog_complete;semantic_schedule;fresh_event_observation,primary_absent_trigger,PER_TASK_ALL_TEN_IMPLEMENTATION_CONFLICT,cope_benchmark/repeated_v2/task_catalog.py:259,research/repeated_v2_formal_readiness_20260906/CURRENT_PREFLIGHT.txt,78da922e4dbd1411f1aa91846b88fc5d621be4856faf76cd87ca864eeeb0348c
GAP-0418,5,STUDY_SCENE1_pick_up_the_book_and_place_it_in_the_back_compartment_of_the_caddy,task 5: invalid semantic trigger window GOAL_RECEPTACLE_OR_GROUNDING_CHANGED,semantic_triggers,GOAL_RECEPTACLE_OR_GROUNDING_CHANGED,,Empty semantic_triggers collection,PER_TASK,T05:semantic_triggers,T05:semantic_triggers:GOAL_RECEPTACLE_OR_GROUNDING_CHANGED,G-MEASUREMENT;G-SCOPE,AUTHOR_AND_VERIFY,Task-grounded predicate and feasibility guard; earliest/latest steps and spacing>=10; actual monitor/observation provenance,catalog_complete;semantic_schedule;fresh_event_observation,same_absent_trigger_window_cascade,PER_TASK_ALL_TEN_IMPLEMENTATION_CONFLICT,cope_benchmark/repeated_v2/task_catalog.py:266,research/repeated_v2_formal_readiness_20260906/CURRENT_PREFLIGHT.txt,78da922e4dbd1411f1aa91846b88fc5d621be4856faf76cd87ca864eeeb0348c
GAP-0419,5,STUDY_SCENE1_pick_up_the_book_and_place_it_in_the_back_compartment_of_the_caddy,task 5: invalid semantic trigger window TARGET_OBJECT_DISPLACED,semantic_triggers,TARGET_OBJECT_DISPLACED,,Empty semantic_triggers collection,PER_TASK,T05:semantic_triggers,T05:semantic_triggers:TARGET_OBJECT_DISPLACED,G-MEASUREMENT;G-SCOPE,AUTHOR_AND_VERIFY,Task-grounded predicate and feasibility guard; earliest/latest steps and spacing>=10; actual monitor/observation provenance,catalog_complete;semantic_schedule;fresh_event_observation,same_absent_trigger_window_cascade,PER_TASK_ALL_TEN_IMPLEMENTATION_CONFLICT,cope_benchmark/repeated_v2/task_catalog.py:266,research/repeated_v2_formal_readiness_20260906/CURRENT_PREFLIGHT.txt,78da922e4dbd1411f1aa91846b88fc5d621be4856faf76cd87ca864eeeb0348c
GAP-0420,5,STUDY_SCENE1_pick_up_the_book_and_place_it_in_the_back_compartment_of_the_caddy,task 5: invalid semantic trigger window TEMPORARY_NO_GO_APPEARS,semantic_triggers,TEMPORARY_NO_GO_APPEARS,,Empty semantic_triggers collection,PER_TASK,T05:semantic_triggers,T05:semantic_triggers:TEMPORARY_NO_GO_APPEARS,G-MEASUREMENT;G-SCOPE,AUTHOR_AND_VERIFY,Task-grounded predicate and feasibility guard; earliest/latest steps and spacing>=10; actual monitor/observation provenance,catalog_complete;semantic_schedule;fresh_event_observation,same_absent_trigger_window_cascade,PER_TASK_ALL_TEN_IMPLEMENTATION_CONFLICT,cope_benchmark/repeated_v2/task_catalog.py:266,research/repeated_v2_formal_readiness_20260906/CURRENT_PREFLIGHT.txt,78da922e4dbd1411f1aa91846b88fc5d621be4856faf76cd87ca864eeeb0348c
GAP-0421,5,STUDY_SCENE1_pick_up_the_book_and_place_it_in_the_back_compartment_of_the_caddy,task 5: invalid semantic trigger window TEMPORARY_NO_GO_CLEARS,semantic_triggers,TEMPORARY_NO_GO_CLEARS,,Empty semantic_triggers collection,PER_TASK,T05:semantic_triggers,T05:semantic_triggers:TEMPORARY_NO_GO_CLEARS,G-MEASUREMENT;G-SCOPE,AUTHOR_AND_VERIFY,Task-grounded predicate and feasibility guard; earliest/latest steps and spacing>=10; actual monitor/observation provenance,catalog_complete;semantic_schedule;fresh_event_observation,same_absent_trigger_window_cascade,PER_TASK_ALL_TEN_IMPLEMENTATION_CONFLICT,cope_benchmark/repeated_v2/task_catalog.py:266,research/repeated_v2_formal_readiness_20260906/CURRENT_PREFLIGHT.txt,78da922e4dbd1411f1aa91846b88fc5d621be4856faf76cd87ca864eeeb0348c
GAP-0422,5,STUDY_SCENE1_pick_up_the_book_and_place_it_in_the_back_compartment_of_the_caddy,task 5: invalid semantic trigger window TOOL_OR_TARGET_AVAILABLE_AGAIN,semantic_triggers,TOOL_OR_TARGET_AVAILABLE_AGAIN,,Empty semantic_triggers collection,PER_TASK,T05:semantic_triggers,T05:semantic_triggers:TOOL_OR_TARGET_AVAILABLE_AGAIN,G-MEASUREMENT;G-SCOPE,AUTHOR_AND_VERIFY,Task-grounded predicate and feasibility guard; earliest/latest steps and spacing>=10; actual monitor/observation provenance,catalog_complete;semantic_schedule;fresh_event_observation,same_absent_trigger_window_cascade,PER_TASK_ALL_TEN_IMPLEMENTATION_CONFLICT,cope_benchmark/repeated_v2/task_catalog.py:266,research/repeated_v2_formal_readiness_20260906/CURRENT_PREFLIGHT.txt,78da922e4dbd1411f1aa91846b88fc5d621be4856faf76cd87ca864eeeb0348c
GAP-0423,5,STUDY_SCENE1_pick_up_the_book_and_place_it_in_the_back_compartment_of_the_caddy,task 5: invalid semantic trigger window TOOL_OR_TARGET_TEMPORARILY_UNAVAILABLE,semantic_triggers,TOOL_OR_TARGET_TEMPORARILY_UNAVAILABLE,,Empty semantic_triggers collection,PER_TASK,T05:semantic_triggers,T05:semantic_triggers:TOOL_OR_TARGET_TEMPORARILY_UNAVAILABLE,G-MEASUREMENT;G-SCOPE,AUTHOR_AND_VERIFY,Task-grounded predicate and feasibility guard; earliest/latest steps and spacing>=10; actual monitor/observation provenance,catalog_complete;semantic_schedule;fresh_event_observation,same_absent_trigger_window_cascade,PER_TASK_ALL_TEN_IMPLEMENTATION_CONFLICT,cope_benchmark/repeated_v2/task_catalog.py:266,research/repeated_v2_formal_readiness_20260906/CURRENT_PREFLIGHT.txt,78da922e4dbd1411f1aa91846b88fc5d621be4856faf76cd87ca864eeeb0348c
GAP-0424,5,STUDY_SCENE1_pick_up_the_book_and_place_it_in_the_back_compartment_of_the_caddy,task 5: invalid semantic trigger window USER_ADDS_PERSISTENT_PREFERENCE,semantic_triggers,USER_ADDS_PERSISTENT_PREFERENCE,,Empty semantic_triggers collection,PER_TASK,T05:semantic_triggers,T05:semantic_triggers:USER_ADDS_PERSISTENT_PREFERENCE,G-MEASUREMENT;G-SCOPE,AUTHOR_AND_VERIFY,Task-grounded predicate and feasibility guard; earliest/latest steps and spacing>=10; actual monitor/observation provenance,catalog_complete;semantic_schedule;fresh_event_observation,same_absent_trigger_window_cascade,PER_TASK_ALL_TEN_IMPLEMENTATION_CONFLICT,cope_benchmark/repeated_v2/task_catalog.py:266,research/repeated_v2_formal_readiness_20260906/CURRENT_PREFLIGHT.txt,78da922e4dbd1411f1aa91846b88fc5d621be4856faf76cd87ca864eeeb0348c
GAP-0425,5,STUDY_SCENE1_pick_up_the_book_and_place_it_in_the_back_compartment_of_the_caddy,task 5: invalid semantic trigger window USER_CANCELS_ACTIVE_GOAL,semantic_triggers,USER_CANCELS_ACTIVE_GOAL,,Empty semantic_triggers collection,PER_TASK,T05:semantic_triggers,T05:semantic_triggers:USER_CANCELS_ACTIVE_GOAL,G-MEASUREMENT;G-SCOPE,AUTHOR_AND_VERIFY,Task-grounded predicate and feasibility guard; earliest/latest steps and spacing>=10; actual monitor/observation provenance,catalog_complete;semantic_schedule;fresh_event_observation,same_absent_trigger_window_cascade,PER_TASK_ALL_TEN_IMPLEMENTATION_CONFLICT,cope_benchmark/repeated_v2/task_catalog.py:266,research/repeated_v2_formal_readiness_20260906/CURRENT_PREFLIGHT.txt,78da922e4dbd1411f1aa91846b88fc5d621be4856faf76cd87ca864eeeb0348c
GAP-0426,5,STUDY_SCENE1_pick_up_the_book_and_place_it_in_the_back_compartment_of_the_caddy,task 5: invalid semantic trigger window USER_REISSUES_RETIRED_GOAL,semantic_triggers,USER_REISSUES_RETIRED_GOAL,,Empty semantic_triggers collection,PER_TASK,T05:semantic_triggers,T05:semantic_triggers:USER_REISSUES_RETIRED_GOAL,G-MEASUREMENT;G-SCOPE,AUTHOR_AND_VERIFY,Task-grounded predicate and feasibility guard; earliest/latest steps and spacing>=10; actual monitor/observation provenance,catalog_complete;semantic_schedule;fresh_event_observation,same_absent_trigger_window_cascade,PER_TASK_ALL_TEN_IMPLEMENTATION_CONFLICT,cope_benchmark/repeated_v2/task_catalog.py:266,research/repeated_v2_formal_readiness_20260906/CURRENT_PREFLIGHT.txt,78da922e4dbd1411f1aa91846b88fc5d621be4856faf76cd87ca864eeeb0348c
GAP-0427,5,STUDY_SCENE1_pick_up_the_book_and_place_it_in_the_back_compartment_of_the_caddy,task 5: invalid semantic trigger window USER_REPLACES_ACTIVE_GOAL,semantic_triggers,USER_REPLACES_ACTIVE_GOAL,,Empty semantic_triggers collection,PER_TASK,T05:semantic_triggers,T05:semantic_triggers:USER_REPLACES_ACTIVE_GOAL,G-MEASUREMENT;G-SCOPE,AUTHOR_AND_VERIFY,Task-grounded predicate and feasibility guard; earliest/latest steps and spacing>=10; actual monitor/observation provenance,catalog_complete;semantic_schedule;fresh_event_observation,same_absent_trigger_window_cascade,PER_TASK_ALL_TEN_IMPLEMENTATION_CONFLICT,cope_benchmark/repeated_v2/task_catalog.py:266,research/repeated_v2_formal_readiness_20260906/CURRENT_PREFLIGHT.txt,78da922e4dbd1411f1aa91846b88fc5d621be4856faf76cd87ca864eeeb0348c
GAP-0428,5,STUDY_SCENE1_pick_up_the_book_and_place_it_in_the_back_compartment_of_the_caddy,task 5: missing alternative_valid_goals,alternative_valid_goals,,,Alternative valid goals absent and unresolved,PER_TASK,T05:alternative_valid_goals,T05:alternative_valid_goals,G-MEASUREMENT;G-SCOPE,SOURCE_GROUNDED_AUTHORING_THEN_VERIFY,Feasible task-valid family/predicate/arguments/source_ref records and verifier grounding; no invented alternatives,catalog_complete;goal_replacement_semantics,empty_required_semantic_field,DEPENDS_ON_REQUIRED_REPLACEMENT_VARIANTS,cope_benchmark/repeated_v2/task_catalog.py:213,research/repeated_v2_formal_readiness_20260906/CURRENT_PREFLIGHT.txt,78da922e4dbd1411f1aa91846b88fc5d621be4856faf76cd87ca864eeeb0348c
GAP-0429,5,STUDY_SCENE1_pick_up_the_book_and_place_it_in_the_back_compartment_of_the_caddy,task 5: missing certified safe event injection poses/regions GOAL_RECEPTACLE_OR_GROUNDING_CHANGED,safe_event_injections,GOAL_RECEPTACLE_OR_GROUNDING_CHANGED,,Empty safe-event intervention collection,PER_TASK,T05:safe_event_injections,T05:safe_event_injections:GOAL_RECEPTACLE_OR_GROUNDING_CHANGED,G-MEASUREMENT;G-SCOPE,AUTHOR_AND_MEASURE,"Alias-bound entity, explicit safe pose or region, hashed evidence; held-object rules and unaffected progress checked",catalog_complete;physical_intervention_safety,primary_absent_intervention_certificate,PER_TASK_ALL_TEN_IMPLEMENTATION_CONFLICT,cope_benchmark/repeated_v2/task_catalog.py:269,research/repeated_v2_formal_readiness_20260906/CURRENT_PREFLIGHT.txt,78da922e4dbd1411f1aa91846b88fc5d621be4856faf76cd87ca864eeeb0348c
GAP-0430,5,STUDY_SCENE1_pick_up_the_book_and_place_it_in_the_back_compartment_of_the_caddy,task 5: missing certified safe event injection poses/regions TARGET_OBJECT_DISPLACED,safe_event_injections,TARGET_OBJECT_DISPLACED,,Empty safe-event intervention collection,PER_TASK,T05:safe_event_injections,T05:safe_event_injections:TARGET_OBJECT_DISPLACED,G-MEASUREMENT;G-SCOPE,AUTHOR_AND_MEASURE,"Alias-bound entity, explicit safe pose or region, hashed evidence; held-object rules and unaffected progress checked",catalog_complete;physical_intervention_safety,primary_absent_intervention_certificate,PER_TASK_ALL_TEN_IMPLEMENTATION_CONFLICT,cope_benchmark/repeated_v2/task_catalog.py:269,research/repeated_v2_formal_readiness_20260906/CURRENT_PREFLIGHT.txt,78da922e4dbd1411f1aa91846b88fc5d621be4856faf76cd87ca864eeeb0348c
GAP-0431,5,STUDY_SCENE1_pick_up_the_book_and_place_it_in_the_back_compartment_of_the_caddy,task 5: missing certified safe event injection poses/regions TEMPORARY_NO_GO_APPEARS,safe_event_injections,TEMPORARY_NO_GO_APPEARS,,Empty safe-event intervention collection,PER_TASK,T05:safe_event_injections,T05:safe_event_injections:TEMPORARY_NO_GO_APPEARS,G-MEASUREMENT;G-SCOPE,AUTHOR_AND_MEASURE,"Alias-bound entity, explicit safe pose or region, hashed evidence; held-object rules and unaffected progress checked",catalog_complete;physical_intervention_safety,primary_absent_intervention_certificate,PER_TASK_ALL_TEN_IMPLEMENTATION_CONFLICT,cope_benchmark/repeated_v2/task_catalog.py:269,research/repeated_v2_formal_readiness_20260906/CURRENT_PREFLIGHT.txt,78da922e4dbd1411f1aa91846b88fc5d621be4856faf76cd87ca864eeeb0348c
GAP-0432,5,STUDY_SCENE1_pick_up_the_book_and_place_it_in_the_back_compartment_of_the_caddy,task 5: missing certified safe event injection poses/regions TEMPORARY_NO_GO_CLEARS,safe_event_injections,TEMPORARY_NO_GO_CLEARS,,Empty safe-event intervention collection,PER_TASK,T05:safe_event_injections,T05:safe_event_injections:TEMPORARY_NO_GO_CLEARS,G-MEASUREMENT;G-SCOPE,AUTHOR_AND_MEASURE,"Alias-bound entity, explicit safe pose or region, hashed evidence; held-object rules and unaffected progress checked",catalog_complete;physical_intervention_safety,primary_absent_intervention_certificate,PER_TASK_ALL_TEN_IMPLEMENTATION_CONFLICT,cope_benchmark/repeated_v2/task_catalog.py:269,research/repeated_v2_formal_readiness_20260906/CURRENT_PREFLIGHT.txt,78da922e4dbd1411f1aa91846b88fc5d621be4856faf76cd87ca864eeeb0348c
GAP-0433,5,STUDY_SCENE1_pick_up_the_book_and_place_it_in_the_back_compartment_of_the_caddy,task 5: missing certified safe event injection poses/regions TOOL_OR_TARGET_AVAILABLE_AGAIN,safe_event_injections,TOOL_OR_TARGET_AVAILABLE_AGAIN,,Empty safe-event intervention collection,PER_TASK,T05:safe_event_injections,T05:safe_event_injections:TOOL_OR_TARGET_AVAILABLE_AGAIN,G-MEASUREMENT;G-SCOPE,AUTHOR_AND_MEASURE,"Alias-bound entity, explicit safe pose or region, hashed evidence; held-object rules and unaffected progress checked",catalog_complete;physical_intervention_safety,primary_absent_intervention_certificate,PER_TASK_ALL_TEN_IMPLEMENTATION_CONFLICT,cope_benchmark/repeated_v2/task_catalog.py:269,research/repeated_v2_formal_readiness_20260906/CURRENT_PREFLIGHT.txt,78da922e4dbd1411f1aa91846b88fc5d621be4856faf76cd87ca864eeeb0348c
GAP-0434,5,STUDY_SCENE1_pick_up_the_book_and_place_it_in_the_back_compartment_of_the_caddy,task 5: missing certified safe event injection poses/regions TOOL_OR_TARGET_TEMPORARILY_UNAVAILABLE,safe_event_injections,TOOL_OR_TARGET_TEMPORARILY_UNAVAILABLE,,Empty safe-event intervention collection,PER_TASK,T05:safe_event_injections,T05:safe_event_injections:TOOL_OR_TARGET_TEMPORARILY_UNAVAILABLE,G-MEASUREMENT;G-SCOPE,AUTHOR_AND_MEASURE,"Alias-bound entity, explicit safe pose or region, hashed evidence; held-object rules and unaffected progress checked",catalog_complete;physical_intervention_safety,primary_absent_intervention_certificate,PER_TASK_ALL_TEN_IMPLEMENTATION_CONFLICT,cope_benchmark/repeated_v2/task_catalog.py:269,research/repeated_v2_formal_readiness_20260906/CURRENT_PREFLIGHT.txt,78da922e4dbd1411f1aa91846b88fc5d621be4856faf76cd87ca864eeeb0348c
GAP-0435,5,STUDY_SCENE1_pick_up_the_book_and_place_it_in_the_back_compartment_of_the_caddy,task 5: missing hard_safety_constraints,hard_safety_constraints,,,Task hard requirements absent and unresolved,PER_TASK,T05:hard_safety_constraints,T05:hard_safety_constraints,G-MEASUREMENT;G-RUNTIME,SOURCE_GROUNDED_AUTHORING_THEN_VERIFY,Grounded hard requirements and verifier bindings consistent with real task geometry/interventions; no copied defaults,catalog_complete;sealed_hard_requirement_evaluation,empty_required_semantic_field,NO_SCOPE_CHANGE_ASSUMED,cope_benchmark/repeated_v2/task_catalog.py:213,research/repeated_v2_formal_readiness_20260906/CURRENT_PREFLIGHT.txt,78da922e4dbd1411f1aa91846b88fc5d621be4856faf76cd87ca864eeeb0348c
GAP-0436,5,STUDY_SCENE1_pick_up_the_book_and_place_it_in_the_back_compartment_of_the_caddy,task 5: missing planner_compiler_metadata,planner_compiler_metadata,,,Task compiler grounding metadata absent and unresolved,PER_TASK,T05:planner_compiler_metadata,T05:planner_compiler_metadata,G-RUNTIME;G-MEASUREMENT,BIND_IMPLEMENTATION_AND_VERIFY,Explicit supported predicate/operator/skill/instruction bindings; preserve accepted omissions and corruption; no canonical-truth repair,catalog_complete;pure_common_compiler;neutral_backend,empty_required_semantic_field,NO_SCOPE_CHANGE_ASSUMED,cope_benchmark/repeated_v2/task_catalog.py:213,research/repeated_v2_formal_readiness_20260906/CURRENT_PREFLIGHT.txt,78da922e4dbd1411f1aa91846b88fc5d621be4856faf76cd87ca864eeeb0348c
GAP-0437,5,STUDY_SCENE1_pick_up_the_book_and_place_it_in_the_back_compartment_of_the_caddy,task 5: missing replaceable_goal_families,replaceable_goal_families,,,Replaceable family map absent and unresolved,PER_TASK,T05:replaceable_goal_families,T05:replaceable_goal_families,G-MEASUREMENT;G-SCOPE,SOURCE_GROUNDED_AUTHORING_THEN_VERIFY,Explicit family IDs already present in initial goals; supported replacement/retirement/reissue semantics,catalog_complete;goal_lifecycle_semantics,empty_required_semantic_field,DEPENDS_ON_REQUIRED_REPLACEMENT_VARIANTS,cope_benchmark/repeated_v2/task_catalog.py:213,research/repeated_v2_formal_readiness_20260906/CURRENT_PREFLIGHT.txt,78da922e4dbd1411f1aa91846b88fc5d621be4856faf76cd87ca864eeeb0348c
GAP-0438,5,STUDY_SCENE1_pick_up_the_book_and_place_it_in_the_back_compartment_of_the_caddy,task 5: missing semantic trigger/guard GOAL_RECEPTACLE_OR_GROUNDING_CHANGED,semantic_triggers,GOAL_RECEPTACLE_OR_GROUNDING_CHANGED,,Empty semantic_triggers collection,PER_TASK,T05:semantic_triggers,T05:semantic_triggers:GOAL_RECEPTACLE_OR_GROUNDING_CHANGED,G-MEASUREMENT;G-SCOPE,AUTHOR_AND_VERIFY,Task-grounded predicate and feasibility guard; earliest/latest steps and spacing>=10; actual monitor/observation provenance,catalog_complete;semantic_schedule;fresh_event_observation,same_absent_trigger_guard_cascade,PER_TASK_ALL_TEN_IMPLEMENTATION_CONFLICT,cope_benchmark/repeated_v2/task_catalog.py:264,research/repeated_v2_formal_readiness_20260906/CURRENT_PREFLIGHT.txt,78da922e4dbd1411f1aa91846b88fc5d621be4856faf76cd87ca864eeeb0348c
GAP-0439,5,STUDY_SCENE1_pick_up_the_book_and_place_it_in_the_back_compartment_of_the_caddy,task 5: missing semantic trigger/guard TARGET_OBJECT_DISPLACED,semantic_triggers,TARGET_OBJECT_DISPLACED,,Empty semantic_triggers collection,PER_TASK,T05:semantic_triggers,T05:semantic_triggers:TARGET_OBJECT_DISPLACED,G-MEASUREMENT;G-SCOPE,AUTHOR_AND_VERIFY,Task-grounded predicate and feasibility guard; earliest/latest steps and spacing>=10; actual monitor/observation provenance,catalog_complete;semantic_schedule;fresh_event_observation,same_absent_trigger_guard_cascade,PER_TASK_ALL_TEN_IMPLEMENTATION_CONFLICT,cope_benchmark/repeated_v2/task_catalog.py:264,research/repeated_v2_formal_readiness_20260906/CURRENT_PREFLIGHT.txt,78da922e4dbd1411f1aa91846b88fc5d621be4856faf76cd87ca864eeeb0348c
GAP-0440,5,STUDY_SCENE1_pick_up_the_book_and_place_it_in_the_back_compartment_of_the_caddy,task 5: missing semantic trigger/guard TEMPORARY_NO_GO_APPEARS,semantic_triggers,TEMPORARY_NO_GO_APPEARS,,Empty semantic_triggers collection,PER_TASK,T05:semantic_triggers,T05:semantic_triggers:TEMPORARY_NO_GO_APPEARS,G-MEASUREMENT;G-SCOPE,AUTHOR_AND_VERIFY,Task-grounded predicate and feasibility guard; earliest/latest steps and spacing>=10; actual monitor/observation provenance,catalog_complete;semantic_schedule;fresh_event_observation,same_absent_trigger_guard_cascade,PER_TASK_ALL_TEN_IMPLEMENTATION_CONFLICT,cope_benchmark/repeated_v2/task_catalog.py:264,research/repeated_v2_formal_readiness_20260906/CURRENT_PREFLIGHT.txt,78da922e4dbd1411f1aa91846b88fc5d621be4856faf76cd87ca864eeeb0348c
GAP-0441,5,STUDY_SCENE1_pick_up_the_book_and_place_it_in_the_back_compartment_of_the_caddy,task 5: missing semantic trigger/guard TEMPORARY_NO_GO_CLEARS,semantic_triggers,TEMPORARY_NO_GO_CLEARS,,Empty semantic_triggers collection,PER_TASK,T05:semantic_triggers,T05:semantic_triggers:TEMPORARY_NO_GO_CLEARS,G-MEASUREMENT;G-SCOPE,AUTHOR_AND_VERIFY,Task-grounded predicate and feasibility guard; earliest/latest steps and spacing>=10; actual monitor/observation provenance,catalog_complete;semantic_schedule;fresh_event_observation,same_absent_trigger_guard_cascade,PER_TASK_ALL_TEN_IMPLEMENTATION_CONFLICT,cope_benchmark/repeated_v2/task_catalog.py:264,research/repeated_v2_formal_readiness_20260906/CURRENT_PREFLIGHT.txt,78da922e4dbd1411f1aa91846b88fc5d621be4856faf76cd87ca864eeeb0348c
GAP-0442,5,STUDY_SCENE1_pick_up_the_book_and_place_it_in_the_back_compartment_of_the_caddy,task 5: missing semantic trigger/guard TOOL_OR_TARGET_AVAILABLE_AGAIN,semantic_triggers,TOOL_OR_TARGET_AVAILABLE_AGAIN,,Empty semantic_triggers collection,PER_TASK,T05:semantic_triggers,T05:semantic_triggers:TOOL_OR_TARGET_AVAILABLE_AGAIN,G-MEASUREMENT;G-SCOPE,AUTHOR_AND_VERIFY,Task-grounded predicate and feasibility guard; earliest/latest steps and spacing>=10; actual monitor/observation provenance,catalog_complete;semantic_schedule;fresh_event_observation,same_absent_trigger_guard_cascade,PER_TASK_ALL_TEN_IMPLEMENTATION_CONFLICT,cope_benchmark/repeated_v2/task_catalog.py:264,research/repeated_v2_formal_readiness_20260906/CURRENT_PREFLIGHT.txt,78da922e4dbd1411f1aa91846b88fc5d621be4856faf76cd87ca864eeeb0348c
GAP-0443,5,STUDY_SCENE1_pick_up_the_book_and_place_it_in_the_back_compartment_of_the_caddy,task 5: missing semantic trigger/guard TOOL_OR_TARGET_TEMPORARILY_UNAVAILABLE,semantic_triggers,TOOL_OR_TARGET_TEMPORARILY_UNAVAILABLE,,Empty semantic_triggers collection,PER_TASK,T05:semantic_triggers,T05:semantic_triggers:TOOL_OR_TARGET_TEMPORARILY_UNAVAILABLE,G-MEASUREMENT;G-SCOPE,AUTHOR_AND_VERIFY,Task-grounded predicate and feasibility guard; earliest/latest steps and spacing>=10; actual monitor/observation provenance,catalog_complete;semantic_schedule;fresh_event_observation,same_absent_trigger_guard_cascade,PER_TASK_ALL_TEN_IMPLEMENTATION_CONFLICT,cope_benchmark/repeated_v2/task_catalog.py:264,research/repeated_v2_formal_readiness_20260906/CURRENT_PREFLIGHT.txt,78da922e4dbd1411f1aa91846b88fc5d621be4856faf76cd87ca864eeeb0348c
GAP-0444,5,STUDY_SCENE1_pick_up_the_book_and_place_it_in_the_back_compartment_of_the_caddy,task 5: missing semantic trigger/guard USER_ADDS_PERSISTENT_PREFERENCE,semantic_triggers,USER_ADDS_PERSISTENT_PREFERENCE,,Empty semantic_triggers collection,PER_TASK,T05:semantic_triggers,T05:semantic_triggers:USER_ADDS_PERSISTENT_PREFERENCE,G-MEASUREMENT;G-SCOPE,AUTHOR_AND_VERIFY,Task-grounded predicate and feasibility guard; earliest/latest steps and spacing>=10; actual monitor/observation provenance,catalog_complete;semantic_schedule;fresh_event_observation,same_absent_trigger_guard_cascade,PER_TASK_ALL_TEN_IMPLEMENTATION_CONFLICT,cope_benchmark/repeated_v2/task_catalog.py:264,research/repeated_v2_formal_readiness_20260906/CURRENT_PREFLIGHT.txt,78da922e4dbd1411f1aa91846b88fc5d621be4856faf76cd87ca864eeeb0348c
GAP-0445,5,STUDY_SCENE1_pick_up_the_book_and_place_it_in_the_back_compartment_of_the_caddy,task 5: missing semantic trigger/guard USER_CANCELS_ACTIVE_GOAL,semantic_triggers,USER_CANCELS_ACTIVE_GOAL,,Empty semantic_triggers collection,PER_TASK,T05:semantic_triggers,T05:semantic_triggers:USER_CANCELS_ACTIVE_GOAL,G-MEASUREMENT;G-SCOPE,AUTHOR_AND_VERIFY,Task-grounded predicate and feasibility guard; earliest/latest steps and spacing>=10; actual monitor/observation provenance,catalog_complete;semantic_schedule;fresh_event_observation,same_absent_trigger_guard_cascade,PER_TASK_ALL_TEN_IMPLEMENTATION_CONFLICT,cope_benchmark/repeated_v2/task_catalog.py:264,research/repeated_v2_formal_readiness_20260906/CURRENT_PREFLIGHT.txt,78da922e4dbd1411f1aa91846b88fc5d621be4856faf76cd87ca864eeeb0348c
GAP-0446,5,STUDY_SCENE1_pick_up_the_book_and_place_it_in_the_back_compartment_of_the_caddy,task 5: missing semantic trigger/guard USER_REISSUES_RETIRED_GOAL,semantic_triggers,USER_REISSUES_RETIRED_GOAL,,Empty semantic_triggers collection,PER_TASK,T05:semantic_triggers,T05:semantic_triggers:USER_REISSUES_RETIRED_GOAL,G-MEASUREMENT;G-SCOPE,AUTHOR_AND_VERIFY,Task-grounded predicate and feasibility guard; earliest/latest steps and spacing>=10; actual monitor/observation provenance,catalog_complete;semantic_schedule;fresh_event_observation,same_absent_trigger_guard_cascade,PER_TASK_ALL_TEN_IMPLEMENTATION_CONFLICT,cope_benchmark/repeated_v2/task_catalog.py:264,research/repeated_v2_formal_readiness_20260906/CURRENT_PREFLIGHT.txt,78da922e4dbd1411f1aa91846b88fc5d621be4856faf76cd87ca864eeeb0348c
GAP-0447,5,STUDY_SCENE1_pick_up_the_book_and_place_it_in_the_back_compartment_of_the_caddy,task 5: missing semantic trigger/guard USER_REPLACES_ACTIVE_GOAL,semantic_triggers,USER_REPLACES_ACTIVE_GOAL,,Empty semantic_triggers collection,PER_TASK,T05:semantic_triggers,T05:semantic_triggers:USER_REPLACES_ACTIVE_GOAL,G-MEASUREMENT;G-SCOPE,AUTHOR_AND_VERIFY,Task-grounded predicate and feasibility guard; earliest/latest steps and spacing>=10; actual monitor/observation provenance,catalog_complete;semantic_schedule;fresh_event_observation,same_absent_trigger_guard_cascade,PER_TASK_ALL_TEN_IMPLEMENTATION_CONFLICT,cope_benchmark/repeated_v2/task_catalog.py:264,research/repeated_v2_formal_readiness_20260906/CURRENT_PREFLIGHT.txt,78da922e4dbd1411f1aa91846b88fc5d621be4856faf76cd87ca864eeeb0348c
GAP-0448,5,STUDY_SCENE1_pick_up_the_book_and_place_it_in_the_back_compartment_of_the_caddy,task 5: missing soft_preference_templates,soft_preference_templates,,,Persistent preference templates absent and unresolved,PER_TASK,T05:soft_preference_templates,T05:soft_preference_templates,G-MEASUREMENT;G-RUNTIME,SOURCE_GROUNDED_AUTHORING_THEN_VERIFY,Task-valid public preference templates with persistence scope and separately sealed scoring semantics,catalog_complete;persistent_preference_event,empty_required_semantic_field,NO_SCOPE_CHANGE_ASSUMED,cope_benchmark/repeated_v2/task_catalog.py:213,research/repeated_v2_formal_readiness_20260906/CURRENT_PREFLIGHT.txt,78da922e4dbd1411f1aa91846b88fc5d621be4856faf76cd87ca864eeeb0348c
GAP-0449,5,STUDY_SCENE1_pick_up_the_book_and_place_it_in_the_back_compartment_of_the_caddy,task 5: no verified preservable milestone,structural_and_milestones,,,No structural/milestone evidence dossier; BDDL predicates are candidates only; current task5 catalog has only one source goal predicate,PER_TASK,T05:structural_and_milestones,T05:structural_and_milestones,G-MEASUREMENT,AUTHOR_AND_MEASURE_NO_AUTOFILL,"Four structural decisions with evidence_refs; >=2 distinct independently verifiable milestones, >=1 preservable; task5 needs a valid second milestone or documented ineligibility",catalog_complete;structural_task_eligibility;progress_preservation,structural_checks_share_task_dossier,NO_SCOPE_CHANGE_ASSUMED,cope_benchmark/repeated_v2/task_catalog.py:241,research/repeated_v2_formal_readiness_20260906/CURRENT_PREFLIGHT.txt,78da922e4dbd1411f1aa91846b88fc5d621be4856faf76cd87ca864eeeb0348c
GAP-0450,5,STUDY_SCENE1_pick_up_the_book_and_place_it_in_the_back_compartment_of_the_caddy,task 5: unresolved alternative_valid_goals,alternative_valid_goals,,,Alternative valid goals absent and unresolved,PER_TASK,T05:alternative_valid_goals,T05:alternative_valid_goals,G-MEASUREMENT;G-SCOPE,SOURCE_GROUNDED_AUTHORING_THEN_VERIFY,Feasible task-valid family/predicate/arguments/source_ref records and verifier grounding; no invented alternatives,catalog_complete;goal_replacement_semantics,collection_unresolved_marker,DEPENDS_ON_REQUIRED_REPLACEMENT_VARIANTS,cope_benchmark/repeated_v2/task_catalog.py:211,research/repeated_v2_formal_readiness_20260906/CURRENT_PREFLIGHT.txt,78da922e4dbd1411f1aa91846b88fc5d621be4856faf76cd87ca864eeeb0348c
GAP-0451,5,STUDY_SCENE1_pick_up_the_book_and_place_it_in_the_back_compartment_of_the_caddy,task 5: unresolved calibration_records,calibration_records,,,Zero authentic v2 calibration records; identity-cardinality errors are empty-set cascades,PER_TASK,T05:calibration_records,T05:calibration_records,G-POLICY;G-RUNTIME,MEASURE_OR_RECOVER_AUTHENTIC_EVIDENCE,"10 clean learned/nonprivileged outcomes per task: states0..4 x seeds101,131; horizon260; terminal outcome including failures; shared policy/checkpoint/protocol; unique raw trace hashes",catalog_complete;clean_policy_calibration;task_eligibility,collection_unresolved_marker,NO_SCOPE_CHANGE_ASSUMED,cope_benchmark/repeated_v2/task_catalog.py:211,research/repeated_v2_formal_readiness_20260906/CURRENT_PREFLIGHT.txt,78da922e4dbd1411f1aa91846b88fc5d621be4856faf76cd87ca864eeeb0348c
GAP-0452,5,STUDY_SCENE1_pick_up_the_book_and_place_it_in_the_back_compartment_of_the_caddy,task 5: unresolved event_feasibility,event_feasibility,,,Empty event_feasibility collection,PER_TASK,T05:event_feasibility,T05:event_feasibility:TARGET_OBJECT_DISPLACED;T05:event_feasibility:GOAL_RECEPTACLE_OR_GROUNDING_CHANGED;T05:event_feasibility:TEMPORARY_NO_GO_APPEARS;T05:event_feasibility:TEMPORARY_NO_GO_CLEARS;T05:event_feasibility:USER_ADDS_PERSISTENT_PREFERENCE;T05:event_feasibility:TOOL_OR_TARGET_TEMPORARILY_UNAVAILABLE;T05:event_feasibility:TOOL_OR_TARGET_AVAILABLE_AGAIN;T05:event_feasibility:USER_REPLACES_ACTIVE_GOAL;T05:event_feasibility:USER_CANCELS_ACTIVE_GOAL;T05:event_feasibility:USER_REISSUES_RETIRED_GOAL,G-MEASUREMENT;G-SCOPE,MEASURE_OR_RECOVER_AUTHENTIC_EVIDENCE,"Explicit passed true/false, evidence_refs and covered_state_ids0..4 for each applicable task/family under current code; real simulator/safety evidence",catalog_complete;event_feasibility;task_eligibility,collection_unresolved_marker,PER_TASK_ALL_TEN_IMPLEMENTATION_CONFLICT,cope_benchmark/repeated_v2/task_catalog.py:211,research/repeated_v2_formal_readiness_20260906/CURRENT_PREFLIGHT.txt,78da922e4dbd1411f1aa91846b88fc5d621be4856faf76cd87ca864eeeb0348c
GAP-0453,5,STUDY_SCENE1_pick_up_the_book_and_place_it_in_the_back_compartment_of_the_caddy,task 5: unresolved hard_safety_constraints,hard_safety_constraints,,,Task hard requirements absent and unresolved,PER_TASK,T05:hard_safety_constraints,T05:hard_safety_constraints,G-MEASUREMENT;G-RUNTIME,SOURCE_GROUNDED_AUTHORING_THEN_VERIFY,Grounded hard requirements and verifier bindings consistent with real task geometry/interventions; no copied defaults,catalog_complete;sealed_hard_requirement_evaluation,collection_unresolved_marker,NO_SCOPE_CHANGE_ASSUMED,cope_benchmark/repeated_v2/task_catalog.py:211,research/repeated_v2_formal_readiness_20260906/CURRENT_PREFLIGHT.txt,78da922e4dbd1411f1aa91846b88fc5d621be4856faf76cd87ca864eeeb0348c
GAP-0454,5,STUDY_SCENE1_pick_up_the_book_and_place_it_in_the_back_compartment_of_the_caddy,task 5: unresolved maintenance_invariants,maintenance_invariants,,,Maintenance semantics unresolved; empty list does not prove none apply,PER_TASK,T05:maintenance_invariants,T05:maintenance_invariants,G-MEASUREMENT,SOURCE_GROUNDED_AUTHORING_THEN_VERIFY,Identify unaffected achievements/continuous maintenance requirements or certify empty semantics where allowed; evidence must precede clearing unresolved marker,catalog_complete;unaffected_progress_preservation,collection_unresolved_marker,NO_SCOPE_CHANGE_ASSUMED,cope_benchmark/repeated_v2/task_catalog.py:211,research/repeated_v2_formal_readiness_20260906/CURRENT_PREFLIGHT.txt,78da922e4dbd1411f1aa91846b88fc5d621be4856faf76cd87ca864eeeb0348c
GAP-0455,5,STUDY_SCENE1_pick_up_the_book_and_place_it_in_the_back_compartment_of_the_caddy,task 5: unresolved planner_compiler_metadata,planner_compiler_metadata,,,Task compiler grounding metadata absent and unresolved,PER_TASK,T05:planner_compiler_metadata,T05:planner_compiler_metadata,G-RUNTIME;G-MEASUREMENT,BIND_IMPLEMENTATION_AND_VERIFY,Explicit supported predicate/operator/skill/instruction bindings; preserve accepted omissions and corruption; no canonical-truth repair,catalog_complete;pure_common_compiler;neutral_backend,collection_unresolved_marker,NO_SCOPE_CHANGE_ASSUMED,cope_benchmark/repeated_v2/task_catalog.py:211,research/repeated_v2_formal_readiness_20260906/CURRENT_PREFLIGHT.txt,78da922e4dbd1411f1aa91846b88fc5d621be4856faf76cd87ca864eeeb0348c
GAP-0456,5,STUDY_SCENE1_pick_up_the_book_and_place_it_in_the_back_compartment_of_the_caddy,task 5: unresolved replaceable_goal_families,replaceable_goal_families,,,Replaceable family map absent and unresolved,PER_TASK,T05:replaceable_goal_families,T05:replaceable_goal_families,G-MEASUREMENT;G-SCOPE,SOURCE_GROUNDED_AUTHORING_THEN_VERIFY,Explicit family IDs already present in initial goals; supported replacement/retirement/reissue semantics,catalog_complete;goal_lifecycle_semantics,collection_unresolved_marker,DEPENDS_ON_REQUIRED_REPLACEMENT_VARIANTS,cope_benchmark/repeated_v2/task_catalog.py:211,research/repeated_v2_formal_readiness_20260906/CURRENT_PREFLIGHT.txt,78da922e4dbd1411f1aa91846b88fc5d621be4856faf76cd87ca864eeeb0348c
GAP-0457,5,STUDY_SCENE1_pick_up_the_book_and_place_it_in_the_back_compartment_of_the_caddy,task 5: unresolved safe_event_injection_poses,safe_event_injections,,,Empty safe-event intervention collection,PER_TASK,T05:safe_event_injections,T05:safe_event_injections:TARGET_OBJECT_DISPLACED;T05:safe_event_injections:GOAL_RECEPTACLE_OR_GROUNDING_CHANGED;T05:safe_event_injections:TEMPORARY_NO_GO_APPEARS;T05:safe_event_injections:TEMPORARY_NO_GO_CLEARS;T05:safe_event_injections:TOOL_OR_TARGET_TEMPORARILY_UNAVAILABLE;T05:safe_event_injections:TOOL_OR_TARGET_AVAILABLE_AGAIN,G-MEASUREMENT;G-SCOPE,AUTHOR_AND_MEASURE,"Alias-bound entity, explicit safe pose or region, hashed evidence; held-object rules and unaffected progress checked",catalog_complete;physical_intervention_safety,collection_unresolved_marker,PER_TASK_ALL_TEN_IMPLEMENTATION_CONFLICT,cope_benchmark/repeated_v2/task_catalog.py:211,research/repeated_v2_formal_readiness_20260906/CURRENT_PREFLIGHT.txt,78da922e4dbd1411f1aa91846b88fc5d621be4856faf76cd87ca864eeeb0348c
GAP-0458,5,STUDY_SCENE1_pick_up_the_book_and_place_it_in_the_back_compartment_of_the_caddy,task 5: unresolved second_independently_verifiable_milestone,structural_and_milestones,,,No structural/milestone evidence dossier; BDDL predicates are candidates only; current task5 catalog has only one source goal predicate,PER_TASK,T05:structural_and_milestones,T05:structural_and_milestones,G-MEASUREMENT,AUTHOR_AND_MEASURE_NO_AUTOFILL,"Four structural decisions with evidence_refs; >=2 distinct independently verifiable milestones, >=1 preservable; task5 needs a valid second milestone or documented ineligibility",catalog_complete;structural_task_eligibility;progress_preservation,collection_unresolved_marker,NO_SCOPE_CHANGE_ASSUMED,cope_benchmark/repeated_v2/task_catalog.py:211,research/repeated_v2_formal_readiness_20260906/CURRENT_PREFLIGHT.txt,78da922e4dbd1411f1aa91846b88fc5d621be4856faf76cd87ca864eeeb0348c
GAP-0459,5,STUDY_SCENE1_pick_up_the_book_and_place_it_in_the_back_compartment_of_the_caddy,task 5: unresolved semantic_triggers,semantic_triggers,,,Empty semantic_triggers collection,PER_TASK,T05:semantic_triggers,T05:semantic_triggers:TARGET_OBJECT_DISPLACED;T05:semantic_triggers:GOAL_RECEPTACLE_OR_GROUNDING_CHANGED;T05:semantic_triggers:TEMPORARY_NO_GO_APPEARS;T05:semantic_triggers:TEMPORARY_NO_GO_CLEARS;T05:semantic_triggers:USER_ADDS_PERSISTENT_PREFERENCE;T05:semantic_triggers:TOOL_OR_TARGET_TEMPORARILY_UNAVAILABLE;T05:semantic_triggers:TOOL_OR_TARGET_AVAILABLE_AGAIN;T05:semantic_triggers:USER_REPLACES_ACTIVE_GOAL;T05:semantic_triggers:USER_CANCELS_ACTIVE_GOAL;T05:semantic_triggers:USER_REISSUES_RETIRED_GOAL,G-MEASUREMENT;G-SCOPE,AUTHOR_AND_VERIFY,Task-grounded predicate and feasibility guard; earliest/latest steps and spacing>=10; actual monitor/observation provenance,catalog_complete;semantic_schedule;fresh_event_observation,collection_unresolved_marker,PER_TASK_ALL_TEN_IMPLEMENTATION_CONFLICT,cope_benchmark/repeated_v2/task_catalog.py:211,research/repeated_v2_formal_readiness_20260906/CURRENT_PREFLIGHT.txt,78da922e4dbd1411f1aa91846b88fc5d621be4856faf76cd87ca864eeeb0348c
GAP-0460,5,STUDY_SCENE1_pick_up_the_book_and_place_it_in_the_back_compartment_of_the_caddy,task 5: unresolved soft_preference_templates,soft_preference_templates,,,Persistent preference templates absent and unresolved,PER_TASK,T05:soft_preference_templates,T05:soft_preference_templates,G-MEASUREMENT;G-RUNTIME,SOURCE_GROUNDED_AUTHORING_THEN_VERIFY,Task-valid public preference templates with persistence scope and separately sealed scoring semantics,catalog_complete;persistent_preference_event,collection_unresolved_marker,NO_SCOPE_CHANGE_ASSUMED,cope_benchmark/repeated_v2/task_catalog.py:211,research/repeated_v2_formal_readiness_20260906/CURRENT_PREFLIGHT.txt,78da922e4dbd1411f1aa91846b88fc5d621be4856faf76cd87ca864eeeb0348c
GAP-0461,5,STUDY_SCENE1_pick_up_the_book_and_place_it_in_the_back_compartment_of_the_caddy,task 5: unresolved structural_checks,structural_and_milestones,,,No structural/milestone evidence dossier; BDDL predicates are candidates only; current task5 catalog has only one source goal predicate,PER_TASK,T05:structural_and_milestones,T05:structural_and_milestones,G-MEASUREMENT,AUTHOR_AND_MEASURE_NO_AUTOFILL,"Four structural decisions with evidence_refs; >=2 distinct independently verifiable milestones, >=1 preservable; task5 needs a valid second milestone or documented ineligibility",catalog_complete;structural_task_eligibility;progress_preservation,collection_unresolved_marker,NO_SCOPE_CHANGE_ASSUMED,cope_benchmark/repeated_v2/task_catalog.py:211,research/repeated_v2_formal_readiness_20260906/CURRENT_PREFLIGHT.txt,78da922e4dbd1411f1aa91846b88fc5d621be4856faf76cd87ca864eeeb0348c
GAP-0462,5,STUDY_SCENE1_pick_up_the_book_and_place_it_in_the_back_compartment_of_the_caddy,task 5: unresolved supported_event_families,supported_event_families,,,No task support declaration; validator demands all ten per task,PER_TASK,T05:supported_event_families,T05:supported_event_families,G-SCOPE;G-MEASUREMENT,REQUIRES_SCOPE_DECISION_AND_EVIDENCE,Actual task-specific supported/unsupported family map; explicit review of all-ten validator conflict; never copy global library as support evidence,catalog_complete;task_eligibility;schedule_support,collection_unresolved_marker,PER_TASK_ALL_TEN_IMPLEMENTATION_CONFLICT,cope_benchmark/repeated_v2/task_catalog.py:211,research/repeated_v2_formal_readiness_20260906/CURRENT_PREFLIGHT.txt,78da922e4dbd1411f1aa91846b88fc5d621be4856faf76cd87ca864eeeb0348c
GAP-0463,5,STUDY_SCENE1_pick_up_the_book_and_place_it_in_the_back_compartment_of_the_caddy,task 5: unverified event feasibility GOAL_RECEPTACLE_OR_GROUNDING_CHANGED,event_feasibility,GOAL_RECEPTACLE_OR_GROUNDING_CHANGED,,Empty event_feasibility collection,PER_TASK,T05:event_feasibility,T05:event_feasibility:GOAL_RECEPTACLE_OR_GROUNDING_CHANGED,G-MEASUREMENT;G-SCOPE,MEASURE_OR_RECOVER_AUTHENTIC_EVIDENCE,"Explicit passed true/false, evidence_refs and covered_state_ids0..4 for each applicable task/family under current code; real simulator/safety evidence",catalog_complete;event_feasibility;task_eligibility,primary_absent_family_certificate,PER_TASK_ALL_TEN_IMPLEMENTATION_CONFLICT,cope_benchmark/repeated_v2/task_catalog.py:255,research/repeated_v2_formal_readiness_20260906/CURRENT_PREFLIGHT.txt,78da922e4dbd1411f1aa91846b88fc5d621be4856faf76cd87ca864eeeb0348c
GAP-0464,5,STUDY_SCENE1_pick_up_the_book_and_place_it_in_the_back_compartment_of_the_caddy,task 5: unverified event feasibility TARGET_OBJECT_DISPLACED,event_feasibility,TARGET_OBJECT_DISPLACED,,Empty event_feasibility collection,PER_TASK,T05:event_feasibility,T05:event_feasibility:TARGET_OBJECT_DISPLACED,G-MEASUREMENT;G-SCOPE,MEASURE_OR_RECOVER_AUTHENTIC_EVIDENCE,"Explicit passed true/false, evidence_refs and covered_state_ids0..4 for each applicable task/family under current code; real simulator/safety evidence",catalog_complete;event_feasibility;task_eligibility,primary_absent_family_certificate,PER_TASK_ALL_TEN_IMPLEMENTATION_CONFLICT,cope_benchmark/repeated_v2/task_catalog.py:255,research/repeated_v2_formal_readiness_20260906/CURRENT_PREFLIGHT.txt,78da922e4dbd1411f1aa91846b88fc5d621be4856faf76cd87ca864eeeb0348c
GAP-0465,5,STUDY_SCENE1_pick_up_the_book_and_place_it_in_the_back_compartment_of_the_caddy,task 5: unverified event feasibility TEMPORARY_NO_GO_APPEARS,event_feasibility,TEMPORARY_NO_GO_APPEARS,,Empty event_feasibility collection,PER_TASK,T05:event_feasibility,T05:event_feasibility:TEMPORARY_NO_GO_APPEARS,G-MEASUREMENT;G-SCOPE,MEASURE_OR_RECOVER_AUTHENTIC_EVIDENCE,"Explicit passed true/false, evidence_refs and covered_state_ids0..4 for each applicable task/family under current code; real simulator/safety evidence",catalog_complete;event_feasibility;task_eligibility,primary_absent_family_certificate,PER_TASK_ALL_TEN_IMPLEMENTATION_CONFLICT,cope_benchmark/repeated_v2/task_catalog.py:255,research/repeated_v2_formal_readiness_20260906/CURRENT_PREFLIGHT.txt,78da922e4dbd1411f1aa91846b88fc5d621be4856faf76cd87ca864eeeb0348c
GAP-0466,5,STUDY_SCENE1_pick_up_the_book_and_place_it_in_the_back_compartment_of_the_caddy,task 5: unverified event feasibility TEMPORARY_NO_GO_CLEARS,event_feasibility,TEMPORARY_NO_GO_CLEARS,,Empty event_feasibility collection,PER_TASK,T05:event_feasibility,T05:event_feasibility:TEMPORARY_NO_GO_CLEARS,G-MEASUREMENT;G-SCOPE,MEASURE_OR_RECOVER_AUTHENTIC_EVIDENCE,"Explicit passed true/false, evidence_refs and covered_state_ids0..4 for each applicable task/family under current code; real simulator/safety evidence",catalog_complete;event_feasibility;task_eligibility,primary_absent_family_certificate,PER_TASK_ALL_TEN_IMPLEMENTATION_CONFLICT,cope_benchmark/repeated_v2/task_catalog.py:255,research/repeated_v2_formal_readiness_20260906/CURRENT_PREFLIGHT.txt,78da922e4dbd1411f1aa91846b88fc5d621be4856faf76cd87ca864eeeb0348c
GAP-0467,5,STUDY_SCENE1_pick_up_the_book_and_place_it_in_the_back_compartment_of_the_caddy,task 5: unverified event feasibility TOOL_OR_TARGET_AVAILABLE_AGAIN,event_feasibility,TOOL_OR_TARGET_AVAILABLE_AGAIN,,Empty event_feasibility collection,PER_TASK,T05:event_feasibility,T05:event_feasibility:TOOL_OR_TARGET_AVAILABLE_AGAIN,G-MEASUREMENT;G-SCOPE,MEASURE_OR_RECOVER_AUTHENTIC_EVIDENCE,"Explicit passed true/false, evidence_refs and covered_state_ids0..4 for each applicable task/family under current code; real simulator/safety evidence",catalog_complete;event_feasibility;task_eligibility,primary_absent_family_certificate,PER_TASK_ALL_TEN_IMPLEMENTATION_CONFLICT,cope_benchmark/repeated_v2/task_catalog.py:255,research/repeated_v2_formal_readiness_20260906/CURRENT_PREFLIGHT.txt,78da922e4dbd1411f1aa91846b88fc5d621be4856faf76cd87ca864eeeb0348c
GAP-0468,5,STUDY_SCENE1_pick_up_the_book_and_place_it_in_the_back_compartment_of_the_caddy,task 5: unverified event feasibility TOOL_OR_TARGET_TEMPORARILY_UNAVAILABLE,event_feasibility,TOOL_OR_TARGET_TEMPORARILY_UNAVAILABLE,,Empty event_feasibility collection,PER_TASK,T05:event_feasibility,T05:event_feasibility:TOOL_OR_TARGET_TEMPORARILY_UNAVAILABLE,G-MEASUREMENT;G-SCOPE,MEASURE_OR_RECOVER_AUTHENTIC_EVIDENCE,"Explicit passed true/false, evidence_refs and covered_state_ids0..4 for each applicable task/family under current code; real simulator/safety evidence",catalog_complete;event_feasibility;task_eligibility,primary_absent_family_certificate,PER_TASK_ALL_TEN_IMPLEMENTATION_CONFLICT,cope_benchmark/repeated_v2/task_catalog.py:255,research/repeated_v2_formal_readiness_20260906/CURRENT_PREFLIGHT.txt,78da922e4dbd1411f1aa91846b88fc5d621be4856faf76cd87ca864eeeb0348c
GAP-0469,5,STUDY_SCENE1_pick_up_the_book_and_place_it_in_the_back_compartment_of_the_caddy,task 5: unverified event feasibility USER_ADDS_PERSISTENT_PREFERENCE,event_feasibility,USER_ADDS_PERSISTENT_PREFERENCE,,Empty event_feasibility collection,PER_TASK,T05:event_feasibility,T05:event_feasibility:USER_ADDS_PERSISTENT_PREFERENCE,G-MEASUREMENT;G-SCOPE,MEASURE_OR_RECOVER_AUTHENTIC_EVIDENCE,"Explicit passed true/false, evidence_refs and covered_state_ids0..4 for each applicable task/family under current code; real simulator/safety evidence",catalog_complete;event_feasibility;task_eligibility,primary_absent_family_certificate,PER_TASK_ALL_TEN_IMPLEMENTATION_CONFLICT,cope_benchmark/repeated_v2/task_catalog.py:255,research/repeated_v2_formal_readiness_20260906/CURRENT_PREFLIGHT.txt,78da922e4dbd1411f1aa91846b88fc5d621be4856faf76cd87ca864eeeb0348c
GAP-0470,5,STUDY_SCENE1_pick_up_the_book_and_place_it_in_the_back_compartment_of_the_caddy,task 5: unverified event feasibility USER_CANCELS_ACTIVE_GOAL,event_feasibility,USER_CANCELS_ACTIVE_GOAL,,Empty event_feasibility collection,PER_TASK,T05:event_feasibility,T05:event_feasibility:USER_CANCELS_ACTIVE_GOAL,G-MEASUREMENT;G-SCOPE,MEASURE_OR_RECOVER_AUTHENTIC_EVIDENCE,"Explicit passed true/false, evidence_refs and covered_state_ids0..4 for each applicable task/family under current code; real simulator/safety evidence",catalog_complete;event_feasibility;task_eligibility,primary_absent_family_certificate,PER_TASK_ALL_TEN_IMPLEMENTATION_CONFLICT,cope_benchmark/repeated_v2/task_catalog.py:255,research/repeated_v2_formal_readiness_20260906/CURRENT_PREFLIGHT.txt,78da922e4dbd1411f1aa91846b88fc5d621be4856faf76cd87ca864eeeb0348c
GAP-0471,5,STUDY_SCENE1_pick_up_the_book_and_place_it_in_the_back_compartment_of_the_caddy,task 5: unverified event feasibility USER_REISSUES_RETIRED_GOAL,event_feasibility,USER_REISSUES_RETIRED_GOAL,,Empty event_feasibility collection,PER_TASK,T05:event_feasibility,T05:event_feasibility:USER_REISSUES_RETIRED_GOAL,G-MEASUREMENT;G-SCOPE,MEASURE_OR_RECOVER_AUTHENTIC_EVIDENCE,"Explicit passed true/false, evidence_refs and covered_state_ids0..4 for each applicable task/family under current code; real simulator/safety evidence",catalog_complete;event_feasibility;task_eligibility,primary_absent_family_certificate,PER_TASK_ALL_TEN_IMPLEMENTATION_CONFLICT,cope_benchmark/repeated_v2/task_catalog.py:255,research/repeated_v2_formal_readiness_20260906/CURRENT_PREFLIGHT.txt,78da922e4dbd1411f1aa91846b88fc5d621be4856faf76cd87ca864eeeb0348c
GAP-0472,5,STUDY_SCENE1_pick_up_the_book_and_place_it_in_the_back_compartment_of_the_caddy,task 5: unverified event feasibility USER_REPLACES_ACTIVE_GOAL,event_feasibility,USER_REPLACES_ACTIVE_GOAL,,Empty event_feasibility collection,PER_TASK,T05:event_feasibility,T05:event_feasibility:USER_REPLACES_ACTIVE_GOAL,G-MEASUREMENT;G-SCOPE,MEASURE_OR_RECOVER_AUTHENTIC_EVIDENCE,"Explicit passed true/false, evidence_refs and covered_state_ids0..4 for each applicable task/family under current code; real simulator/safety evidence",catalog_complete;event_feasibility;task_eligibility,primary_absent_family_certificate,PER_TASK_ALL_TEN_IMPLEMENTATION_CONFLICT,cope_benchmark/repeated_v2/task_catalog.py:255,research/repeated_v2_formal_readiness_20260906/CURRENT_PREFLIGHT.txt,78da922e4dbd1411f1aa91846b88fc5d621be4856faf76cd87ca864eeeb0348c
GAP-0473,5,STUDY_SCENE1_pick_up_the_book_and_place_it_in_the_back_compartment_of_the_caddy,task 5: unverified structural check completed_milestone_preservable,structural_and_milestones,,,No structural/milestone evidence dossier; BDDL predicates are candidates only; current task5 catalog has only one source goal predicate,PER_TASK,T05:structural_and_milestones,T05:structural_and_milestones,G-MEASUREMENT,AUTHOR_AND_MEASURE_NO_AUTOFILL,"Four structural decisions with evidence_refs; >=2 distinct independently verifiable milestones, >=1 preservable; task5 needs a valid second milestone or documented ineligibility",catalog_complete;structural_task_eligibility;progress_preservation,structural_checks_share_task_dossier,NO_SCOPE_CHANGE_ASSUMED,cope_benchmark/repeated_v2/task_catalog.py:246,research/repeated_v2_formal_readiness_20260906/CURRENT_PREFLIGHT.txt,78da922e4dbd1411f1aa91846b88fc5d621be4856faf76cd87ca864eeeb0348c
GAP-0474,5,STUDY_SCENE1_pick_up_the_book_and_place_it_in_the_back_compartment_of_the_caddy,task 5: unverified structural check cross_skill_requirement_or_persistent_preference,structural_and_milestones,,,No structural/milestone evidence dossier; BDDL predicates are candidates only; current task5 catalog has only one source goal predicate,PER_TASK,T05:structural_and_milestones,T05:structural_and_milestones,G-MEASUREMENT,AUTHOR_AND_MEASURE_NO_AUTOFILL,"Four structural decisions with evidence_refs; >=2 distinct independently verifiable milestones, >=1 preservable; task5 needs a valid second milestone or documented ineligibility",catalog_complete;structural_task_eligibility;progress_preservation,structural_checks_share_task_dossier,NO_SCOPE_CHANGE_ASSUMED,cope_benchmark/repeated_v2/task_catalog.py:246,research/repeated_v2_formal_readiness_20260906/CURRENT_PREFLIGHT.txt,78da922e4dbd1411f1aa91846b88fc5d621be4856faf76cd87ca864eeeb0348c
GAP-0475,5,STUDY_SCENE1_pick_up_the_book_and_place_it_in_the_back_compartment_of_the_caddy,task 5: unverified structural check safe_changeable_grounding,structural_and_milestones,,,No structural/milestone evidence dossier; BDDL predicates are candidates only; current task5 catalog has only one source goal predicate,PER_TASK,T05:structural_and_milestones,T05:structural_and_milestones,G-MEASUREMENT,AUTHOR_AND_MEASURE_NO_AUTOFILL,"Four structural decisions with evidence_refs; >=2 distinct independently verifiable milestones, >=1 preservable; task5 needs a valid second milestone or documented ineligibility",catalog_complete;structural_task_eligibility;progress_preservation,structural_checks_share_task_dossier,NO_SCOPE_CHANGE_ASSUMED,cope_benchmark/repeated_v2/task_catalog.py:246,research/repeated_v2_formal_readiness_20260906/CURRENT_PREFLIGHT.txt,78da922e4dbd1411f1aa91846b88fc5d621be4856faf76cd87ca864eeeb0348c
GAP-0476,5,STUDY_SCENE1_pick_up_the_book_and_place_it_in_the_back_compartment_of_the_caddy,task 5: unverified structural check two_independently_verifiable_milestones,structural_and_milestones,,,No structural/milestone evidence dossier; BDDL predicates are candidates only; current task5 catalog has only one source goal predicate,PER_TASK,T05:structural_and_milestones,T05:structural_and_milestones,G-MEASUREMENT,AUTHOR_AND_MEASURE_NO_AUTOFILL,"Four structural decisions with evidence_refs; >=2 distinct independently verifiable milestones, >=1 preservable; task5 needs a valid second milestone or documented ineligibility",catalog_complete;structural_task_eligibility;progress_preservation,structural_checks_share_task_dossier,NO_SCOPE_CHANGE_ASSUMED,cope_benchmark/repeated_v2/task_catalog.py:246,research/repeated_v2_formal_readiness_20260906/CURRENT_PREFLIGHT.txt,78da922e4dbd1411f1aa91846b88fc5d621be4856faf76cd87ca864eeeb0348c
GAP-0477,6,LIVING_ROOM_SCENE6_put_the_white_mug_on_the_plate_and_put_the_chocolate_pudding_to_the_right_of_the_plate,task 6: all ten event families require explicit support/feasibility,supported_event_families,,,No task support declaration; validator demands all ten per task,PER_TASK,T06:supported_event_families,T06:supported_event_families,G-SCOPE;G-MEASUREMENT,REQUIRES_SCOPE_DECISION_AND_EVIDENCE,Actual task-specific supported/unsupported family map; explicit review of all-ten validator conflict; never copy global library as support evidence,catalog_complete;task_eligibility;schedule_support,support_declaration_and_scope_check,PER_TASK_ALL_TEN_IMPLEMENTATION_CONFLICT,cope_benchmark/repeated_v2/task_catalog.py:253,research/repeated_v2_formal_readiness_20260906/CURRENT_PREFLIGHT.txt,78da922e4dbd1411f1aa91846b88fc5d621be4856faf76cd87ca864eeeb0348c
GAP-0478,6,LIVING_ROOM_SCENE6_put_the_white_mug_on_the_plate_and_put_the_chocolate_pudding_to_the_right_of_the_plate,task 6: calibration must use one checkpoint_sha256,calibration_records,,,Zero authentic v2 calibration records; identity-cardinality errors are empty-set cascades,PER_TASK,T06:calibration_records,T06:calibration_records,G-POLICY;G-RUNTIME,MEASURE_OR_RECOVER_AUTHENTIC_EVIDENCE,"10 clean learned/nonprivileged outcomes per task: states0..4 x seeds101,131; horizon260; terminal outcome including failures; shared policy/checkpoint/protocol; unique raw trace hashes",catalog_complete;clean_policy_calibration;task_eligibility,empty_collection_consistency_cascade,NO_SCOPE_CHANGE_ASSUMED,cope_benchmark/repeated_v2/task_calibration.py:175,research/repeated_v2_formal_readiness_20260906/CURRENT_PREFLIGHT.txt,78da922e4dbd1411f1aa91846b88fc5d621be4856faf76cd87ca864eeeb0348c
GAP-0479,6,LIVING_ROOM_SCENE6_put_the_white_mug_on_the_plate_and_put_the_chocolate_pudding_to_the_right_of_the_plate,task 6: calibration must use one policy_id,calibration_records,,,Zero authentic v2 calibration records; identity-cardinality errors are empty-set cascades,PER_TASK,T06:calibration_records,T06:calibration_records,G-POLICY;G-RUNTIME,MEASURE_OR_RECOVER_AUTHENTIC_EVIDENCE,"10 clean learned/nonprivileged outcomes per task: states0..4 x seeds101,131; horizon260; terminal outcome including failures; shared policy/checkpoint/protocol; unique raw trace hashes",catalog_complete;clean_policy_calibration;task_eligibility,empty_collection_consistency_cascade,NO_SCOPE_CHANGE_ASSUMED,cope_benchmark/repeated_v2/task_calibration.py:175,research/repeated_v2_formal_readiness_20260906/CURRENT_PREFLIGHT.txt,78da922e4dbd1411f1aa91846b88fc5d621be4856faf76cd87ca864eeeb0348c
GAP-0480,6,LIVING_ROOM_SCENE6_put_the_white_mug_on_the_plate_and_put_the_chocolate_pudding_to_the_right_of_the_plate,task 6: calibration must use one protocol_sha256,calibration_records,,,Zero authentic v2 calibration records; identity-cardinality errors are empty-set cascades,PER_TASK,T06:calibration_records,T06:calibration_records,G-POLICY;G-RUNTIME,MEASURE_OR_RECOVER_AUTHENTIC_EVIDENCE,"10 clean learned/nonprivileged outcomes per task: states0..4 x seeds101,131; horizon260; terminal outcome including failures; shared policy/checkpoint/protocol; unique raw trace hashes",catalog_complete;clean_policy_calibration;task_eligibility,empty_collection_consistency_cascade,NO_SCOPE_CHANGE_ASSUMED,cope_benchmark/repeated_v2/task_calibration.py:175,research/repeated_v2_formal_readiness_20260906/CURRENT_PREFLIGHT.txt,78da922e4dbd1411f1aa91846b88fc5d621be4856faf76cd87ca864eeeb0348c
GAP-0481,6,LIVING_ROOM_SCENE6_put_the_white_mug_on_the_plate_and_put_the_chocolate_pudding_to_the_right_of_the_plate,task 6: calibration must use one provenance_kind,calibration_records,,,Zero authentic v2 calibration records; identity-cardinality errors are empty-set cascades,PER_TASK,T06:calibration_records,T06:calibration_records,G-POLICY;G-RUNTIME,MEASURE_OR_RECOVER_AUTHENTIC_EVIDENCE,"10 clean learned/nonprivileged outcomes per task: states0..4 x seeds101,131; horizon260; terminal outcome including failures; shared policy/checkpoint/protocol; unique raw trace hashes",catalog_complete;clean_policy_calibration;task_eligibility,empty_collection_consistency_cascade,NO_SCOPE_CHANGE_ASSUMED,cope_benchmark/repeated_v2/task_calibration.py:175,research/repeated_v2_formal_readiness_20260906/CURRENT_PREFLIGHT.txt,78da922e4dbd1411f1aa91846b88fc5d621be4856faf76cd87ca864eeeb0348c
GAP-0482,6,LIVING_ROOM_SCENE6_put_the_white_mug_on_the_plate_and_put_the_chocolate_pudding_to_the_right_of_the_plate,task 6: fewer than two independently verified distinct milestone predicates,structural_and_milestones,,,No structural/milestone evidence dossier; BDDL predicates are candidates only,PER_TASK,T06:structural_and_milestones,T06:structural_and_milestones,G-MEASUREMENT,AUTHOR_AND_MEASURE_NO_AUTOFILL,"Four structural decisions with evidence_refs; >=2 distinct independently verifiable milestones, >=1 preservable; task5 needs a valid second milestone or documented ineligibility",catalog_complete;structural_task_eligibility;progress_preservation,structural_checks_share_task_dossier,NO_SCOPE_CHANGE_ASSUMED,cope_benchmark/repeated_v2/task_catalog.py:238,research/repeated_v2_formal_readiness_20260906/CURRENT_PREFLIGHT.txt,78da922e4dbd1411f1aa91846b88fc5d621be4856faf76cd87ca864eeeb0348c
GAP-0483,6,LIVING_ROOM_SCENE6_put_the_white_mug_on_the_plate_and_put_the_chocolate_pudding_to_the_right_of_the_plate,"task 6: incomplete calibration grid: expected 10 cells, missing [(0, 101), (0, 131), (1, 101), (1, 131), (2, 101), (2, 131), (3, 101), (3, 131), (4, 101), (4, 131)], unexpected []",calibration_records,,,Zero authentic v2 calibration records; identity-cardinality errors are empty-set cascades,PER_TASK,T06:calibration_records,T06:calibration_records,G-POLICY;G-RUNTIME,MEASURE_OR_RECOVER_AUTHENTIC_EVIDENCE,"10 clean learned/nonprivileged outcomes per task: states0..4 x seeds101,131; horizon260; terminal outcome including failures; shared policy/checkpoint/protocol; unique raw trace hashes",catalog_complete;clean_policy_calibration;task_eligibility,primary_absent_grid,NO_SCOPE_CHANGE_ASSUMED,cope_benchmark/repeated_v2/task_calibration.py:173,research/repeated_v2_formal_readiness_20260906/CURRENT_PREFLIGHT.txt,78da922e4dbd1411f1aa91846b88fc5d621be4856faf76cd87ca864eeeb0348c
GAP-0484,6,LIVING_ROOM_SCENE6_put_the_white_mug_on_the_plate_and_put_the_chocolate_pudding_to_the_right_of_the_plate,"task 6: invalid semantic trigger GOAL_RECEPTACLE_OR_GROUNDING_CHANGED: BLOCKED_TASK_CATALOG_GAP: missing trigger fields ['earliest_policy_step', 'latest_policy_step', 'min_steps_since_previous_event', 'physical_feasibility_guard', 'predicate']",semantic_triggers,GOAL_RECEPTACLE_OR_GROUNDING_CHANGED,,Empty semantic_triggers collection,PER_TASK,T06:semantic_triggers,T06:semantic_triggers:GOAL_RECEPTACLE_OR_GROUNDING_CHANGED,G-MEASUREMENT;G-SCOPE,AUTHOR_AND_VERIFY,Task-grounded predicate and feasibility guard; earliest/latest steps and spacing>=10; actual monitor/observation provenance,catalog_complete;semantic_schedule;fresh_event_observation,primary_absent_trigger,PER_TASK_ALL_TEN_IMPLEMENTATION_CONFLICT,cope_benchmark/repeated_v2/task_catalog.py:259,research/repeated_v2_formal_readiness_20260906/CURRENT_PREFLIGHT.txt,78da922e4dbd1411f1aa91846b88fc5d621be4856faf76cd87ca864eeeb0348c
GAP-0485,6,LIVING_ROOM_SCENE6_put_the_white_mug_on_the_plate_and_put_the_chocolate_pudding_to_the_right_of_the_plate,"task 6: invalid semantic trigger TARGET_OBJECT_DISPLACED: BLOCKED_TASK_CATALOG_GAP: missing trigger fields ['earliest_policy_step', 'latest_policy_step', 'min_steps_since_previous_event', 'physical_feasibility_guard', 'predicate']",semantic_triggers,TARGET_OBJECT_DISPLACED,,Empty semantic_triggers collection,PER_TASK,T06:semantic_triggers,T06:semantic_triggers:TARGET_OBJECT_DISPLACED,G-MEASUREMENT;G-SCOPE,AUTHOR_AND_VERIFY,Task-grounded predicate and feasibility guard; earliest/latest steps and spacing>=10; actual monitor/observation provenance,catalog_complete;semantic_schedule;fresh_event_observation,primary_absent_trigger,PER_TASK_ALL_TEN_IMPLEMENTATION_CONFLICT,cope_benchmark/repeated_v2/task_catalog.py:259,research/repeated_v2_formal_readiness_20260906/CURRENT_PREFLIGHT.txt,78da922e4dbd1411f1aa91846b88fc5d621be4856faf76cd87ca864eeeb0348c
GAP-0486,6,LIVING_ROOM_SCENE6_put_the_white_mug_on_the_plate_and_put_the_chocolate_pudding_to_the_right_of_the_plate,"task 6: invalid semantic trigger TEMPORARY_NO_GO_APPEARS: BLOCKED_TASK_CATALOG_GAP: missing trigger fields ['earliest_policy_step', 'latest_policy_step', 'min_steps_since_previous_event', 'physical_feasibility_guard', 'predicate']",semantic_triggers,TEMPORARY_NO_GO_APPEARS,,Empty semantic_triggers collection,PER_TASK,T06:semantic_triggers,T06:semantic_triggers:TEMPORARY_NO_GO_APPEARS,G-MEASUREMENT;G-SCOPE,AUTHOR_AND_VERIFY,Task-grounded predicate and feasibility guard; earliest/latest steps and spacing>=10; actual monitor/observation provenance,catalog_complete;semantic_schedule;fresh_event_observation,primary_absent_trigger,PER_TASK_ALL_TEN_IMPLEMENTATION_CONFLICT,cope_benchmark/repeated_v2/task_catalog.py:259,research/repeated_v2_formal_readiness_20260906/CURRENT_PREFLIGHT.txt,78da922e4dbd1411f1aa91846b88fc5d621be4856faf76cd87ca864eeeb0348c
GAP-0487,6,LIVING_ROOM_SCENE6_put_the_white_mug_on_the_plate_and_put_the_chocolate_pudding_to_the_right_of_the_plate,"task 6: invalid semantic trigger TEMPORARY_NO_GO_CLEARS: BLOCKED_TASK_CATALOG_GAP: missing trigger fields ['earliest_policy_step', 'latest_policy_step', 'min_steps_since_previous_event', 'physical_feasibility_guard', 'predicate']",semantic_triggers,TEMPORARY_NO_GO_CLEARS,,Empty semantic_triggers collection,PER_TASK,T06:semantic_triggers,T06:semantic_triggers:TEMPORARY_NO_GO_CLEARS,G-MEASUREMENT;G-SCOPE,AUTHOR_AND_VERIFY,Task-grounded predicate and feasibility guard; earliest/latest steps and spacing>=10; actual monitor/observation provenance,catalog_complete;semantic_schedule;fresh_event_observation,primary_absent_trigger,PER_TASK_ALL_TEN_IMPLEMENTATION_CONFLICT,cope_benchmark/repeated_v2/task_catalog.py:259,research/repeated_v2_formal_readiness_20260906/CURRENT_PREFLIGHT.txt,78da922e4dbd1411f1aa91846b88fc5d621be4856faf76cd87ca864eeeb0348c
GAP-0488,6,LIVING_ROOM_SCENE6_put_the_white_mug_on_the_plate_and_put_the_chocolate_pudding_to_the_right_of_the_plate,"task 6: invalid semantic trigger TOOL_OR_TARGET_AVAILABLE_AGAIN: BLOCKED_TASK_CATALOG_GAP: missing trigger fields ['earliest_policy_step', 'latest_policy_step', 'min_steps_since_previous_event', 'physical_feasibility_guard', 'predicate']",semantic_triggers,TOOL_OR_TARGET_AVAILABLE_AGAIN,,Empty semantic_triggers collection,PER_TASK,T06:semantic_triggers,T06:semantic_triggers:TOOL_OR_TARGET_AVAILABLE_AGAIN,G-MEASUREMENT;G-SCOPE,AUTHOR_AND_VERIFY,Task-grounded predicate and feasibility guard; earliest/latest steps and spacing>=10; actual monitor/observation provenance,catalog_complete;semantic_schedule;fresh_event_observation,primary_absent_trigger,PER_TASK_ALL_TEN_IMPLEMENTATION_CONFLICT,cope_benchmark/repeated_v2/task_catalog.py:259,research/repeated_v2_formal_readiness_20260906/CURRENT_PREFLIGHT.txt,78da922e4dbd1411f1aa91846b88fc5d621be4856faf76cd87ca864eeeb0348c
GAP-0489,6,LIVING_ROOM_SCENE6_put_the_white_mug_on_the_plate_and_put_the_chocolate_pudding_to_the_right_of_the_plate,"task 6: invalid semantic trigger TOOL_OR_TARGET_TEMPORARILY_UNAVAILABLE: BLOCKED_TASK_CATALOG_GAP: missing trigger fields ['earliest_policy_step', 'latest_policy_step', 'min_steps_since_previous_event', 'physical_feasibility_guard', 'predicate']",semantic_triggers,TOOL_OR_TARGET_TEMPORARILY_UNAVAILABLE,,Empty semantic_triggers collection,PER_TASK,T06:semantic_triggers,T06:semantic_triggers:TOOL_OR_TARGET_TEMPORARILY_UNAVAILABLE,G-MEASUREMENT;G-SCOPE,AUTHOR_AND_VERIFY,Task-grounded predicate and feasibility guard; earliest/latest steps and spacing>=10; actual monitor/observation provenance,catalog_complete;semantic_schedule;fresh_event_observation,primary_absent_trigger,PER_TASK_ALL_TEN_IMPLEMENTATION_CONFLICT,cope_benchmark/repeated_v2/task_catalog.py:259,research/repeated_v2_formal_readiness_20260906/CURRENT_PREFLIGHT.txt,78da922e4dbd1411f1aa91846b88fc5d621be4856faf76cd87ca864eeeb0348c
GAP-0490,6,LIVING_ROOM_SCENE6_put_the_white_mug_on_the_plate_and_put_the_chocolate_pudding_to_the_right_of_the_plate,"task 6: invalid semantic trigger USER_ADDS_PERSISTENT_PREFERENCE: BLOCKED_TASK_CATALOG_GAP: missing trigger fields ['earliest_policy_step', 'latest_policy_step', 'min_steps_since_previous_event', 'physical_feasibility_guard', 'predicate']",semantic_triggers,USER_ADDS_PERSISTENT_PREFERENCE,,Empty semantic_triggers collection,PER_TASK,T06:semantic_triggers,T06:semantic_triggers:USER_ADDS_PERSISTENT_PREFERENCE,G-MEASUREMENT;G-SCOPE,AUTHOR_AND_VERIFY,Task-grounded predicate and feasibility guard; earliest/latest steps and spacing>=10; actual monitor/observation provenance,catalog_complete;semantic_schedule;fresh_event_observation,primary_absent_trigger,PER_TASK_ALL_TEN_IMPLEMENTATION_CONFLICT,cope_benchmark/repeated_v2/task_catalog.py:259,research/repeated_v2_formal_readiness_20260906/CURRENT_PREFLIGHT.txt,78da922e4dbd1411f1aa91846b88fc5d621be4856faf76cd87ca864eeeb0348c
GAP-0491,6,LIVING_ROOM_SCENE6_put_the_white_mug_on_the_plate_and_put_the_chocolate_pudding_to_the_right_of_the_plate,"task 6: invalid semantic trigger USER_CANCELS_ACTIVE_GOAL: BLOCKED_TASK_CATALOG_GAP: missing trigger fields ['earliest_policy_step', 'latest_policy_step', 'min_steps_since_previous_event', 'physical_feasibility_guard', 'predicate']",semantic_triggers,USER_CANCELS_ACTIVE_GOAL,,Empty semantic_triggers collection,PER_TASK,T06:semantic_triggers,T06:semantic_triggers:USER_CANCELS_ACTIVE_GOAL,G-MEASUREMENT;G-SCOPE,AUTHOR_AND_VERIFY,Task-grounded predicate and feasibility guard; earliest/latest steps and spacing>=10; actual monitor/observation provenance,catalog_complete;semantic_schedule;fresh_event_observation,primary_absent_trigger,PER_TASK_ALL_TEN_IMPLEMENTATION_CONFLICT,cope_benchmark/repeated_v2/task_catalog.py:259,research/repeated_v2_formal_readiness_20260906/CURRENT_PREFLIGHT.txt,78da922e4dbd1411f1aa91846b88fc5d621be4856faf76cd87ca864eeeb0348c
GAP-0492,6,LIVING_ROOM_SCENE6_put_the_white_mug_on_the_plate_and_put_the_chocolate_pudding_to_the_right_of_the_plate,"task 6: invalid semantic trigger USER_REISSUES_RETIRED_GOAL: BLOCKED_TASK_CATALOG_GAP: missing trigger fields ['earliest_policy_step', 'latest_policy_step', 'min_steps_since_previous_event', 'physical_feasibility_guard', 'predicate']",semantic_triggers,USER_REISSUES_RETIRED_GOAL,,Empty semantic_triggers collection,PER_TASK,T06:semantic_triggers,T06:semantic_triggers:USER_REISSUES_RETIRED_GOAL,G-MEASUREMENT;G-SCOPE,AUTHOR_AND_VERIFY,Task-grounded predicate and feasibility guard; earliest/latest steps and spacing>=10; actual monitor/observation provenance,catalog_complete;semantic_schedule;fresh_event_observation,primary_absent_trigger,PER_TASK_ALL_TEN_IMPLEMENTATION_CONFLICT,cope_benchmark/repeated_v2/task_catalog.py:259,research/repeated_v2_formal_readiness_20260906/CURRENT_PREFLIGHT.txt,78da922e4dbd1411f1aa91846b88fc5d621be4856faf76cd87ca864eeeb0348c
GAP-0493,6,LIVING_ROOM_SCENE6_put_the_white_mug_on_the_plate_and_put_the_chocolate_pudding_to_the_right_of_the_plate,"task 6: invalid semantic trigger USER_REPLACES_ACTIVE_GOAL: BLOCKED_TASK_CATALOG_GAP: missing trigger fields ['earliest_policy_step', 'latest_policy_step', 'min_steps_since_previous_event', 'physical_feasibility_guard', 'predicate']",semantic_triggers,USER_REPLACES_ACTIVE_GOAL,,Empty semantic_triggers collection,PER_TASK,T06:semantic_triggers,T06:semantic_triggers:USER_REPLACES_ACTIVE_GOAL,G-MEASUREMENT;G-SCOPE,AUTHOR_AND_VERIFY,Task-grounded predicate and feasibility guard; earliest/latest steps and spacing>=10; actual monitor/observation provenance,catalog_complete;semantic_schedule;fresh_event_observation,primary_absent_trigger,PER_TASK_ALL_TEN_IMPLEMENTATION_CONFLICT,cope_benchmark/repeated_v2/task_catalog.py:259,research/repeated_v2_formal_readiness_20260906/CURRENT_PREFLIGHT.txt,78da922e4dbd1411f1aa91846b88fc5d621be4856faf76cd87ca864eeeb0348c
GAP-0494,6,LIVING_ROOM_SCENE6_put_the_white_mug_on_the_plate_and_put_the_chocolate_pudding_to_the_right_of_the_plate,task 6: invalid semantic trigger window GOAL_RECEPTACLE_OR_GROUNDING_CHANGED,semantic_triggers,GOAL_RECEPTACLE_OR_GROUNDING_CHANGED,,Empty semantic_triggers collection,PER_TASK,T06:semantic_triggers,T06:semantic_triggers:GOAL_RECEPTACLE_OR_GROUNDING_CHANGED,G-MEASUREMENT;G-SCOPE,AUTHOR_AND_VERIFY,Task-grounded predicate and feasibility guard; earliest/latest steps and spacing>=10; actual monitor/observation provenance,catalog_complete;semantic_schedule;fresh_event_observation,same_absent_trigger_window_cascade,PER_TASK_ALL_TEN_IMPLEMENTATION_CONFLICT,cope_benchmark/repeated_v2/task_catalog.py:266,research/repeated_v2_formal_readiness_20260906/CURRENT_PREFLIGHT.txt,78da922e4dbd1411f1aa91846b88fc5d621be4856faf76cd87ca864eeeb0348c
GAP-0495,6,LIVING_ROOM_SCENE6_put_the_white_mug_on_the_plate_and_put_the_chocolate_pudding_to_the_right_of_the_plate,task 6: invalid semantic trigger window TARGET_OBJECT_DISPLACED,semantic_triggers,TARGET_OBJECT_DISPLACED,,Empty semantic_triggers collection,PER_TASK,T06:semantic_triggers,T06:semantic_triggers:TARGET_OBJECT_DISPLACED,G-MEASUREMENT;G-SCOPE,AUTHOR_AND_VERIFY,Task-grounded predicate and feasibility guard; earliest/latest steps and spacing>=10; actual monitor/observation provenance,catalog_complete;semantic_schedule;fresh_event_observation,same_absent_trigger_window_cascade,PER_TASK_ALL_TEN_IMPLEMENTATION_CONFLICT,cope_benchmark/repeated_v2/task_catalog.py:266,research/repeated_v2_formal_readiness_20260906/CURRENT_PREFLIGHT.txt,78da922e4dbd1411f1aa91846b88fc5d621be4856faf76cd87ca864eeeb0348c
GAP-0496,6,LIVING_ROOM_SCENE6_put_the_white_mug_on_the_plate_and_put_the_chocolate_pudding_to_the_right_of_the_plate,task 6: invalid semantic trigger window TEMPORARY_NO_GO_APPEARS,semantic_triggers,TEMPORARY_NO_GO_APPEARS,,Empty semantic_triggers collection,PER_TASK,T06:semantic_triggers,T06:semantic_triggers:TEMPORARY_NO_GO_APPEARS,G-MEASUREMENT;G-SCOPE,AUTHOR_AND_VERIFY,Task-grounded predicate and feasibility guard; earliest/latest steps and spacing>=10; actual monitor/observation provenance,catalog_complete;semantic_schedule;fresh_event_observation,same_absent_trigger_window_cascade,PER_TASK_ALL_TEN_IMPLEMENTATION_CONFLICT,cope_benchmark/repeated_v2/task_catalog.py:266,research/repeated_v2_formal_readiness_20260906/CURRENT_PREFLIGHT.txt,78da922e4dbd1411f1aa91846b88fc5d621be4856faf76cd87ca864eeeb0348c
GAP-0497,6,LIVING_ROOM_SCENE6_put_the_white_mug_on_the_plate_and_put_the_chocolate_pudding_to_the_right_of_the_plate,task 6: invalid semantic trigger window TEMPORARY_NO_GO_CLEARS,semantic_triggers,TEMPORARY_NO_GO_CLEARS,,Empty semantic_triggers collection,PER_TASK,T06:semantic_triggers,T06:semantic_triggers:TEMPORARY_NO_GO_CLEARS,G-MEASUREMENT;G-SCOPE,AUTHOR_AND_VERIFY,Task-grounded predicate and feasibility guard; earliest/latest steps and spacing>=10; actual monitor/observation provenance,catalog_complete;semantic_schedule;fresh_event_observation,same_absent_trigger_window_cascade,PER_TASK_ALL_TEN_IMPLEMENTATION_CONFLICT,cope_benchmark/repeated_v2/task_catalog.py:266,research/repeated_v2_formal_readiness_20260906/CURRENT_PREFLIGHT.txt,78da922e4dbd1411f1aa91846b88fc5d621be4856faf76cd87ca864eeeb0348c
GAP-0498,6,LIVING_ROOM_SCENE6_put_the_white_mug_on_the_plate_and_put_the_chocolate_pudding_to_the_right_of_the_plate,task 6: invalid semantic trigger window TOOL_OR_TARGET_AVAILABLE_AGAIN,semantic_triggers,TOOL_OR_TARGET_AVAILABLE_AGAIN,,Empty semantic_triggers collection,PER_TASK,T06:semantic_triggers,T06:semantic_triggers:TOOL_OR_TARGET_AVAILABLE_AGAIN,G-MEASUREMENT;G-SCOPE,AUTHOR_AND_VERIFY,Task-grounded predicate and feasibility guard; earliest/latest steps and spacing>=10; actual monitor/observation provenance,catalog_complete;semantic_schedule;fresh_event_observation,same_absent_trigger_window_cascade,PER_TASK_ALL_TEN_IMPLEMENTATION_CONFLICT,cope_benchmark/repeated_v2/task_catalog.py:266,research/repeated_v2_formal_readiness_20260906/CURRENT_PREFLIGHT.txt,78da922e4dbd1411f1aa91846b88fc5d621be4856faf76cd87ca864eeeb0348c
GAP-0499,6,LIVING_ROOM_SCENE6_put_the_white_mug_on_the_plate_and_put_the_chocolate_pudding_to_the_right_of_the_plate,task 6: invalid semantic trigger window TOOL_OR_TARGET_TEMPORARILY_UNAVAILABLE,semantic_triggers,TOOL_OR_TARGET_TEMPORARILY_UNAVAILABLE,,Empty semantic_triggers collection,PER_TASK,T06:semantic_triggers,T06:semantic_triggers:TOOL_OR_TARGET_TEMPORARILY_UNAVAILABLE,G-MEASUREMENT;G-SCOPE,AUTHOR_AND_VERIFY,Task-grounded predicate and feasibility guard; earliest/latest steps and spacing>=10; actual monitor/observation provenance,catalog_complete;semantic_schedule;fresh_event_observation,same_absent_trigger_window_cascade,PER_TASK_ALL_TEN_IMPLEMENTATION_CONFLICT,cope_benchmark/repeated_v2/task_catalog.py:266,research/repeated_v2_formal_readiness_20260906/CURRENT_PREFLIGHT.txt,78da922e4dbd1411f1aa91846b88fc5d621be4856faf76cd87ca864eeeb0348c
GAP-0500,6,LIVING_ROOM_SCENE6_put_the_white_mug_on_the_plate_and_put_the_chocolate_pudding_to_the_right_of_the_plate,task 6: invalid semantic trigger window USER_ADDS_PERSISTENT_PREFERENCE,semantic_triggers,USER_ADDS_PERSISTENT_PREFERENCE,,Empty semantic_triggers collection,PER_TASK,T06:semantic_triggers,T06:semantic_triggers:USER_ADDS_PERSISTENT_PREFERENCE,G-MEASUREMENT;G-SCOPE,AUTHOR_AND_VERIFY,Task-grounded predicate and feasibility guard; earliest/latest steps and spacing>=10; actual monitor/observation provenance,catalog_complete;semantic_schedule;fresh_event_observation,same_absent_trigger_window_cascade,PER_TASK_ALL_TEN_IMPLEMENTATION_CONFLICT,cope_benchmark/repeated_v2/task_catalog.py:266,research/repeated_v2_formal_readiness_20260906/CURRENT_PREFLIGHT.txt,78da922e4dbd1411f1aa91846b88fc5d621be4856faf76cd87ca864eeeb0348c
GAP-0501,6,LIVING_ROOM_SCENE6_put_the_white_mug_on_the_plate_and_put_the_chocolate_pudding_to_the_right_of_the_plate,task 6: invalid semantic trigger window USER_CANCELS_ACTIVE_GOAL,semantic_triggers,USER_CANCELS_ACTIVE_GOAL,,Empty semantic_triggers collection,PER_TASK,T06:semantic_triggers,T06:semantic_triggers:USER_CANCELS_ACTIVE_GOAL,G-MEASUREMENT;G-SCOPE,AUTHOR_AND_VERIFY,Task-grounded predicate and feasibility guard; earliest/latest steps and spacing>=10; actual monitor/observation provenance,catalog_complete;semantic_schedule;fresh_event_observation,same_absent_trigger_window_cascade,PER_TASK_ALL_TEN_IMPLEMENTATION_CONFLICT,cope_benchmark/repeated_v2/task_catalog.py:266,research/repeated_v2_formal_readiness_20260906/CURRENT_PREFLIGHT.txt,78da922e4dbd1411f1aa91846b88fc5d621be4856faf76cd87ca864eeeb0348c
GAP-0502,6,LIVING_ROOM_SCENE6_put_the_white_mug_on_the_plate_and_put_the_chocolate_pudding_to_the_right_of_the_plate,task 6: invalid semantic trigger window USER_REISSUES_RETIRED_GOAL,semantic_triggers,USER_REISSUES_RETIRED_GOAL,,Empty semantic_triggers collection,PER_TASK,T06:semantic_triggers,T06:semantic_triggers:USER_REISSUES_RETIRED_GOAL,G-MEASUREMENT;G-SCOPE,AUTHOR_AND_VERIFY,Task-grounded predicate and feasibility guard; earliest/latest steps and spacing>=10; actual monitor/observation provenance,catalog_complete;semantic_schedule;fresh_event_observation,same_absent_trigger_window_cascade,PER_TASK_ALL_TEN_IMPLEMENTATION_CONFLICT,cope_benchmark/repeated_v2/task_catalog.py:266,research/repeated_v2_formal_readiness_20260906/CURRENT_PREFLIGHT.txt,78da922e4dbd1411f1aa91846b88fc5d621be4856faf76cd87ca864eeeb0348c
GAP-0503,6,LIVING_ROOM_SCENE6_put_the_white_mug_on_the_plate_and_put_the_chocolate_pudding_to_the_right_of_the_plate,task 6: invalid semantic trigger window USER_REPLACES_ACTIVE_GOAL,semantic_triggers,USER_REPLACES_ACTIVE_GOAL,,Empty semantic_triggers collection,PER_TASK,T06:semantic_triggers,T06:semantic_triggers:USER_REPLACES_ACTIVE_GOAL,G-MEASUREMENT;G-SCOPE,AUTHOR_AND_VERIFY,Task-grounded predicate and feasibility guard; earliest/latest steps and spacing>=10; actual monitor/observation provenance,catalog_complete;semantic_schedule;fresh_event_observation,same_absent_trigger_window_cascade,PER_TASK_ALL_TEN_IMPLEMENTATION_CONFLICT,cope_benchmark/repeated_v2/task_catalog.py:266,research/repeated_v2_formal_readiness_20260906/CURRENT_PREFLIGHT.txt,78da922e4dbd1411f1aa91846b88fc5d621be4856faf76cd87ca864eeeb0348c
GAP-0504,6,LIVING_ROOM_SCENE6_put_the_white_mug_on_the_plate_and_put_the_chocolate_pudding_to_the_right_of_the_plate,task 6: missing alternative_valid_goals,alternative_valid_goals,,,Alternative valid goals absent and unresolved,PER_TASK,T06:alternative_valid_goals,T06:alternative_valid_goals,G-MEASUREMENT;G-SCOPE,SOURCE_GROUNDED_AUTHORING_THEN_VERIFY,Feasible task-valid family/predicate/arguments/source_ref records and verifier grounding; no invented alternatives,catalog_complete;goal_replacement_semantics,empty_required_semantic_field,DEPENDS_ON_REQUIRED_REPLACEMENT_VARIANTS,cope_benchmark/repeated_v2/task_catalog.py:213,research/repeated_v2_formal_readiness_20260906/CURRENT_PREFLIGHT.txt,78da922e4dbd1411f1aa91846b88fc5d621be4856faf76cd87ca864eeeb0348c
GAP-0505,6,LIVING_ROOM_SCENE6_put_the_white_mug_on_the_plate_and_put_the_chocolate_pudding_to_the_right_of_the_plate,task 6: missing certified safe event injection poses/regions GOAL_RECEPTACLE_OR_GROUNDING_CHANGED,safe_event_injections,GOAL_RECEPTACLE_OR_GROUNDING_CHANGED,,Empty safe-event intervention collection,PER_TASK,T06:safe_event_injections,T06:safe_event_injections:GOAL_RECEPTACLE_OR_GROUNDING_CHANGED,G-MEASUREMENT;G-SCOPE,AUTHOR_AND_MEASURE,"Alias-bound entity, explicit safe pose or region, hashed evidence; held-object rules and unaffected progress checked",catalog_complete;physical_intervention_safety,primary_absent_intervention_certificate,PER_TASK_ALL_TEN_IMPLEMENTATION_CONFLICT,cope_benchmark/repeated_v2/task_catalog.py:269,research/repeated_v2_formal_readiness_20260906/CURRENT_PREFLIGHT.txt,78da922e4dbd1411f1aa91846b88fc5d621be4856faf76cd87ca864eeeb0348c
GAP-0506,6,LIVING_ROOM_SCENE6_put_the_white_mug_on_the_plate_and_put_the_chocolate_pudding_to_the_right_of_the_plate,task 6: missing certified safe event injection poses/regions TARGET_OBJECT_DISPLACED,safe_event_injections,TARGET_OBJECT_DISPLACED,,Empty safe-event intervention collection,PER_TASK,T06:safe_event_injections,T06:safe_event_injections:TARGET_OBJECT_DISPLACED,G-MEASUREMENT;G-SCOPE,AUTHOR_AND_MEASURE,"Alias-bound entity, explicit safe pose or region, hashed evidence; held-object rules and unaffected progress checked",catalog_complete;physical_intervention_safety,primary_absent_intervention_certificate,PER_TASK_ALL_TEN_IMPLEMENTATION_CONFLICT,cope_benchmark/repeated_v2/task_catalog.py:269,research/repeated_v2_formal_readiness_20260906/CURRENT_PREFLIGHT.txt,78da922e4dbd1411f1aa91846b88fc5d621be4856faf76cd87ca864eeeb0348c
GAP-0507,6,LIVING_ROOM_SCENE6_put_the_white_mug_on_the_plate_and_put_the_chocolate_pudding_to_the_right_of_the_plate,task 6: missing certified safe event injection poses/regions TEMPORARY_NO_GO_APPEARS,safe_event_injections,TEMPORARY_NO_GO_APPEARS,,Empty safe-event intervention collection,PER_TASK,T06:safe_event_injections,T06:safe_event_injections:TEMPORARY_NO_GO_APPEARS,G-MEASUREMENT;G-SCOPE,AUTHOR_AND_MEASURE,"Alias-bound entity, explicit safe pose or region, hashed evidence; held-object rules and unaffected progress checked",catalog_complete;physical_intervention_safety,primary_absent_intervention_certificate,PER_TASK_ALL_TEN_IMPLEMENTATION_CONFLICT,cope_benchmark/repeated_v2/task_catalog.py:269,research/repeated_v2_formal_readiness_20260906/CURRENT_PREFLIGHT.txt,78da922e4dbd1411f1aa91846b88fc5d621be4856faf76cd87ca864eeeb0348c
GAP-0508,6,LIVING_ROOM_SCENE6_put_the_white_mug_on_the_plate_and_put_the_chocolate_pudding_to_the_right_of_the_plate,task 6: missing certified safe event injection poses/regions TEMPORARY_NO_GO_CLEARS,safe_event_injections,TEMPORARY_NO_GO_CLEARS,,Empty safe-event intervention collection,PER_TASK,T06:safe_event_injections,T06:safe_event_injections:TEMPORARY_NO_GO_CLEARS,G-MEASUREMENT;G-SCOPE,AUTHOR_AND_MEASURE,"Alias-bound entity, explicit safe pose or region, hashed evidence; held-object rules and unaffected progress checked",catalog_complete;physical_intervention_safety,primary_absent_intervention_certificate,PER_TASK_ALL_TEN_IMPLEMENTATION_CONFLICT,cope_benchmark/repeated_v2/task_catalog.py:269,research/repeated_v2_formal_readiness_20260906/CURRENT_PREFLIGHT.txt,78da922e4dbd1411f1aa91846b88fc5d621be4856faf76cd87ca864eeeb0348c
GAP-0509,6,LIVING_ROOM_SCENE6_put_the_white_mug_on_the_plate_and_put_the_chocolate_pudding_to_the_right_of_the_plate,task 6: missing certified safe event injection poses/regions TOOL_OR_TARGET_AVAILABLE_AGAIN,safe_event_injections,TOOL_OR_TARGET_AVAILABLE_AGAIN,,Empty safe-event intervention collection,PER_TASK,T06:safe_event_injections,T06:safe_event_injections:TOOL_OR_TARGET_AVAILABLE_AGAIN,G-MEASUREMENT;G-SCOPE,AUTHOR_AND_MEASURE,"Alias-bound entity, explicit safe pose or region, hashed evidence; held-object rules and unaffected progress checked",catalog_complete;physical_intervention_safety,primary_absent_intervention_certificate,PER_TASK_ALL_TEN_IMPLEMENTATION_CONFLICT,cope_benchmark/repeated_v2/task_catalog.py:269,research/repeated_v2_formal_readiness_20260906/CURRENT_PREFLIGHT.txt,78da922e4dbd1411f1aa91846b88fc5d621be4856faf76cd87ca864eeeb0348c
GAP-0510,6,LIVING_ROOM_SCENE6_put_the_white_mug_on_the_plate_and_put_the_chocolate_pudding_to_the_right_of_the_plate,task 6: missing certified safe event injection poses/regions TOOL_OR_TARGET_TEMPORARILY_UNAVAILABLE,safe_event_injections,TOOL_OR_TARGET_TEMPORARILY_UNAVAILABLE,,Empty safe-event intervention collection,PER_TASK,T06:safe_event_injections,T06:safe_event_injections:TOOL_OR_TARGET_TEMPORARILY_UNAVAILABLE,G-MEASUREMENT;G-SCOPE,AUTHOR_AND_MEASURE,"Alias-bound entity, explicit safe pose or region, hashed evidence; held-object rules and unaffected progress checked",catalog_complete;physical_intervention_safety,primary_absent_intervention_certificate,PER_TASK_ALL_TEN_IMPLEMENTATION_CONFLICT,cope_benchmark/repeated_v2/task_catalog.py:269,research/repeated_v2_formal_readiness_20260906/CURRENT_PREFLIGHT.txt,78da922e4dbd1411f1aa91846b88fc5d621be4856faf76cd87ca864eeeb0348c
GAP-0511,6,LIVING_ROOM_SCENE6_put_the_white_mug_on_the_plate_and_put_the_chocolate_pudding_to_the_right_of_the_plate,task 6: missing hard_safety_constraints,hard_safety_constraints,,,Task hard requirements absent and unresolved,PER_TASK,T06:hard_safety_constraints,T06:hard_safety_constraints,G-MEASUREMENT;G-RUNTIME,SOURCE_GROUNDED_AUTHORING_THEN_VERIFY,Grounded hard requirements and verifier bindings consistent with real task geometry/interventions; no copied defaults,catalog_complete;sealed_hard_requirement_evaluation,empty_required_semantic_field,NO_SCOPE_CHANGE_ASSUMED,cope_benchmark/repeated_v2/task_catalog.py:213,research/repeated_v2_formal_readiness_20260906/CURRENT_PREFLIGHT.txt,78da922e4dbd1411f1aa91846b88fc5d621be4856faf76cd87ca864eeeb0348c
GAP-0512,6,LIVING_ROOM_SCENE6_put_the_white_mug_on_the_plate_and_put_the_chocolate_pudding_to_the_right_of_the_plate,task 6: missing initial state digest 0,initial_state_digests,,0,Five-state initial-state hash pack absent,PER_TASK,T06:initial_state_digests,T06:initial_state_digests,G-ASSETS,CONDITIONAL_AUTOMATIC_FROM_AUTHENTIC_BYTES,"Exact states0..4 and serialization/source/version binding, yielding five SHA256 receipts; authentic source-asset availability was not audited here",catalog_complete;calibration_state_binding;manifest_identity,distinct_hash_receipt_in_task_pack,NO_SCOPE_CHANGE_ASSUMED,cope_benchmark/repeated_v2/task_catalog.py:250,research/repeated_v2_formal_readiness_20260906/CURRENT_PREFLIGHT.txt,78da922e4dbd1411f1aa91846b88fc5d621be4856faf76cd87ca864eeeb0348c
GAP-0513,6,LIVING_ROOM_SCENE6_put_the_white_mug_on_the_plate_and_put_the_chocolate_pudding_to_the_right_of_the_plate,task 6: missing initial state digest 1,initial_state_digests,,1,Five-state initial-state hash pack absent,PER_TASK,T06:initial_state_digests,T06:initial_state_digests,G-ASSETS,CONDITIONAL_AUTOMATIC_FROM_AUTHENTIC_BYTES,"Exact states0..4 and serialization/source/version binding, yielding five SHA256 receipts; authentic source-asset availability was not audited here",catalog_complete;calibration_state_binding;manifest_identity,distinct_hash_receipt_in_task_pack,NO_SCOPE_CHANGE_ASSUMED,cope_benchmark/repeated_v2/task_catalog.py:250,research/repeated_v2_formal_readiness_20260906/CURRENT_PREFLIGHT.txt,78da922e4dbd1411f1aa91846b88fc5d621be4856faf76cd87ca864eeeb0348c
GAP-0514,6,LIVING_ROOM_SCENE6_put_the_white_mug_on_the_plate_and_put_the_chocolate_pudding_to_the_right_of_the_plate,task 6: missing initial state digest 2,initial_state_digests,,2,Five-state initial-state hash pack absent,PER_TASK,T06:initial_state_digests,T06:initial_state_digests,G-ASSETS,CONDITIONAL_AUTOMATIC_FROM_AUTHENTIC_BYTES,"Exact states0..4 and serialization/source/version binding, yielding five SHA256 receipts; authentic source-asset availability was not audited here",catalog_complete;calibration_state_binding;manifest_identity,distinct_hash_receipt_in_task_pack,NO_SCOPE_CHANGE_ASSUMED,cope_benchmark/repeated_v2/task_catalog.py:250,research/repeated_v2_formal_readiness_20260906/CURRENT_PREFLIGHT.txt,78da922e4dbd1411f1aa91846b88fc5d621be4856faf76cd87ca864eeeb0348c
GAP-0515,6,LIVING_ROOM_SCENE6_put_the_white_mug_on_the_plate_and_put_the_chocolate_pudding_to_the_right_of_the_plate,task 6: missing initial state digest 3,initial_state_digests,,3,Five-state initial-state hash pack absent,PER_TASK,T06:initial_state_digests,T06:initial_state_digests,G-ASSETS,CONDITIONAL_AUTOMATIC_FROM_AUTHENTIC_BYTES,"Exact states0..4 and serialization/source/version binding, yielding five SHA256 receipts; authentic source-asset availability was not audited here",catalog_complete;calibration_state_binding;manifest_identity,distinct_hash_receipt_in_task_pack,NO_SCOPE_CHANGE_ASSUMED,cope_benchmark/repeated_v2/task_catalog.py:250,research/repeated_v2_formal_readiness_20260906/CURRENT_PREFLIGHT.txt,78da922e4dbd1411f1aa91846b88fc5d621be4856faf76cd87ca864eeeb0348c
GAP-0516,6,LIVING_ROOM_SCENE6_put_the_white_mug_on_the_plate_and_put_the_chocolate_pudding_to_the_right_of_the_plate,task 6: missing initial state digest 4,initial_state_digests,,4,Five-state initial-state hash pack absent,PER_TASK,T06:initial_state_digests,T06:initial_state_digests,G-ASSETS,CONDITIONAL_AUTOMATIC_FROM_AUTHENTIC_BYTES,"Exact states0..4 and serialization/source/version binding, yielding five SHA256 receipts; authentic source-asset availability was not audited here",catalog_complete;calibration_state_binding;manifest_identity,distinct_hash_receipt_in_task_pack,NO_SCOPE_CHANGE_ASSUMED,cope_benchmark/repeated_v2/task_catalog.py:250,research/repeated_v2_formal_readiness_20260906/CURRENT_PREFLIGHT.txt,78da922e4dbd1411f1aa91846b88fc5d621be4856faf76cd87ca864eeeb0348c
GAP-0517,6,LIVING_ROOM_SCENE6_put_the_white_mug_on_the_plate_and_put_the_chocolate_pudding_to_the_right_of_the_plate,task 6: missing planner_compiler_metadata,planner_compiler_metadata,,,Task compiler grounding metadata absent and unresolved,PER_TASK,T06:planner_compiler_metadata,T06:planner_compiler_metadata,G-RUNTIME;G-MEASUREMENT,BIND_IMPLEMENTATION_AND_VERIFY,Explicit supported predicate/operator/skill/instruction bindings; preserve accepted omissions and corruption; no canonical-truth repair,catalog_complete;pure_common_compiler;neutral_backend,empty_required_semantic_field,NO_SCOPE_CHANGE_ASSUMED,cope_benchmark/repeated_v2/task_catalog.py:213,research/repeated_v2_formal_readiness_20260906/CURRENT_PREFLIGHT.txt,78da922e4dbd1411f1aa91846b88fc5d621be4856faf76cd87ca864eeeb0348c
GAP-0518,6,LIVING_ROOM_SCENE6_put_the_white_mug_on_the_plate_and_put_the_chocolate_pudding_to_the_right_of_the_plate,task 6: missing replaceable_goal_families,replaceable_goal_families,,,Replaceable family map absent and unresolved,PER_TASK,T06:replaceable_goal_families,T06:replaceable_goal_families,G-MEASUREMENT;G-SCOPE,SOURCE_GROUNDED_AUTHORING_THEN_VERIFY,Explicit family IDs already present in initial goals; supported replacement/retirement/reissue semantics,catalog_complete;goal_lifecycle_semantics,empty_required_semantic_field,DEPENDS_ON_REQUIRED_REPLACEMENT_VARIANTS,cope_benchmark/repeated_v2/task_catalog.py:213,research/repeated_v2_formal_readiness_20260906/CURRENT_PREFLIGHT.txt,78da922e4dbd1411f1aa91846b88fc5d621be4856faf76cd87ca864eeeb0348c
GAP-0519,6,LIVING_ROOM_SCENE6_put_the_white_mug_on_the_plate_and_put_the_chocolate_pudding_to_the_right_of_the_plate,task 6: missing semantic trigger/guard GOAL_RECEPTACLE_OR_GROUNDING_CHANGED,semantic_triggers,GOAL_RECEPTACLE_OR_GROUNDING_CHANGED,,Empty semantic_triggers collection,PER_TASK,T06:semantic_triggers,T06:semantic_triggers:GOAL_RECEPTACLE_OR_GROUNDING_CHANGED,G-MEASUREMENT;G-SCOPE,AUTHOR_AND_VERIFY,Task-grounded predicate and feasibility guard; earliest/latest steps and spacing>=10; actual monitor/observation provenance,catalog_complete;semantic_schedule;fresh_event_observation,same_absent_trigger_guard_cascade,PER_TASK_ALL_TEN_IMPLEMENTATION_CONFLICT,cope_benchmark/repeated_v2/task_catalog.py:264,research/repeated_v2_formal_readiness_20260906/CURRENT_PREFLIGHT.txt,78da922e4dbd1411f1aa91846b88fc5d621be4856faf76cd87ca864eeeb0348c
GAP-0520,6,LIVING_ROOM_SCENE6_put_the_white_mug_on_the_plate_and_put_the_chocolate_pudding_to_the_right_of_the_plate,task 6: missing semantic trigger/guard TARGET_OBJECT_DISPLACED,semantic_triggers,TARGET_OBJECT_DISPLACED,,Empty semantic_triggers collection,PER_TASK,T06:semantic_triggers,T06:semantic_triggers:TARGET_OBJECT_DISPLACED,G-MEASUREMENT;G-SCOPE,AUTHOR_AND_VERIFY,Task-grounded predicate and feasibility guard; earliest/latest steps and spacing>=10; actual monitor/observation provenance,catalog_complete;semantic_schedule;fresh_event_observation,same_absent_trigger_guard_cascade,PER_TASK_ALL_TEN_IMPLEMENTATION_CONFLICT,cope_benchmark/repeated_v2/task_catalog.py:264,research/repeated_v2_formal_readiness_20260906/CURRENT_PREFLIGHT.txt,78da922e4dbd1411f1aa91846b88fc5d621be4856faf76cd87ca864eeeb0348c
GAP-0521,6,LIVING_ROOM_SCENE6_put_the_white_mug_on_the_plate_and_put_the_chocolate_pudding_to_the_right_of_the_plate,task 6: missing semantic trigger/guard TEMPORARY_NO_GO_APPEARS,semantic_triggers,TEMPORARY_NO_GO_APPEARS,,Empty semantic_triggers collection,PER_TASK,T06:semantic_triggers,T06:semantic_triggers:TEMPORARY_NO_GO_APPEARS,G-MEASUREMENT;G-SCOPE,AUTHOR_AND_VERIFY,Task-grounded predicate and feasibility guard; earliest/latest steps and spacing>=10; actual monitor/observation provenance,catalog_complete;semantic_schedule;fresh_event_observation,same_absent_trigger_guard_cascade,PER_TASK_ALL_TEN_IMPLEMENTATION_CONFLICT,cope_benchmark/repeated_v2/task_catalog.py:264,research/repeated_v2_formal_readiness_20260906/CURRENT_PREFLIGHT.txt,78da922e4dbd1411f1aa91846b88fc5d621be4856faf76cd87ca864eeeb0348c
GAP-0522,6,LIVING_ROOM_SCENE6_put_the_white_mug_on_the_plate_and_put_the_chocolate_pudding_to_the_right_of_the_plate,task 6: missing semantic trigger/guard TEMPORARY_NO_GO_CLEARS,semantic_triggers,TEMPORARY_NO_GO_CLEARS,,Empty semantic_triggers collection,PER_TASK,T06:semantic_triggers,T06:semantic_triggers:TEMPORARY_NO_GO_CLEARS,G-MEASUREMENT;G-SCOPE,AUTHOR_AND_VERIFY,Task-grounded predicate and feasibility guard; earliest/latest steps and spacing>=10; actual monitor/observation provenance,catalog_complete;semantic_schedule;fresh_event_observation,same_absent_trigger_guard_cascade,PER_TASK_ALL_TEN_IMPLEMENTATION_CONFLICT,cope_benchmark/repeated_v2/task_catalog.py:264,research/repeated_v2_formal_readiness_20260906/CURRENT_PREFLIGHT.txt,78da922e4dbd1411f1aa91846b88fc5d621be4856faf76cd87ca864eeeb0348c
GAP-0523,6,LIVING_ROOM_SCENE6_put_the_white_mug_on_the_plate_and_put_the_chocolate_pudding_to_the_right_of_the_plate,task 6: missing semantic trigger/guard TOOL_OR_TARGET_AVAILABLE_AGAIN,semantic_triggers,TOOL_OR_TARGET_AVAILABLE_AGAIN,,Empty semantic_triggers collection,PER_TASK,T06:semantic_triggers,T06:semantic_triggers:TOOL_OR_TARGET_AVAILABLE_AGAIN,G-MEASUREMENT;G-SCOPE,AUTHOR_AND_VERIFY,Task-grounded predicate and feasibility guard; earliest/latest steps and spacing>=10; actual monitor/observation provenance,catalog_complete;semantic_schedule;fresh_event_observation,same_absent_trigger_guard_cascade,PER_TASK_ALL_TEN_IMPLEMENTATION_CONFLICT,cope_benchmark/repeated_v2/task_catalog.py:264,research/repeated_v2_formal_readiness_20260906/CURRENT_PREFLIGHT.txt,78da922e4dbd1411f1aa91846b88fc5d621be4856faf76cd87ca864eeeb0348c
GAP-0524,6,LIVING_ROOM_SCENE6_put_the_white_mug_on_the_plate_and_put_the_chocolate_pudding_to_the_right_of_the_plate,task 6: missing semantic trigger/guard TOOL_OR_TARGET_TEMPORARILY_UNAVAILABLE,semantic_triggers,TOOL_OR_TARGET_TEMPORARILY_UNAVAILABLE,,Empty semantic_triggers collection,PER_TASK,T06:semantic_triggers,T06:semantic_triggers:TOOL_OR_TARGET_TEMPORARILY_UNAVAILABLE,G-MEASUREMENT;G-SCOPE,AUTHOR_AND_VERIFY,Task-grounded predicate and feasibility guard; earliest/latest steps and spacing>=10; actual monitor/observation provenance,catalog_complete;semantic_schedule;fresh_event_observation,same_absent_trigger_guard_cascade,PER_TASK_ALL_TEN_IMPLEMENTATION_CONFLICT,cope_benchmark/repeated_v2/task_catalog.py:264,research/repeated_v2_formal_readiness_20260906/CURRENT_PREFLIGHT.txt,78da922e4dbd1411f1aa91846b88fc5d621be4856faf76cd87ca864eeeb0348c
GAP-0525,6,LIVING_ROOM_SCENE6_put_the_white_mug_on_the_plate_and_put_the_chocolate_pudding_to_the_right_of_the_plate,task 6: missing semantic trigger/guard USER_ADDS_PERSISTENT_PREFERENCE,semantic_triggers,USER_ADDS_PERSISTENT_PREFERENCE,,Empty semantic_triggers collection,PER_TASK,T06:semantic_triggers,T06:semantic_triggers:USER_ADDS_PERSISTENT_PREFERENCE,G-MEASUREMENT;G-SCOPE,AUTHOR_AND_VERIFY,Task-grounded predicate and feasibility guard; earliest/latest steps and spacing>=10; actual monitor/observation provenance,catalog_complete;semantic_schedule;fresh_event_observation,same_absent_trigger_guard_cascade,PER_TASK_ALL_TEN_IMPLEMENTATION_CONFLICT,cope_benchmark/repeated_v2/task_catalog.py:264,research/repeated_v2_formal_readiness_20260906/CURRENT_PREFLIGHT.txt,78da922e4dbd1411f1aa91846b88fc5d621be4856faf76cd87ca864eeeb0348c
GAP-0526,6,LIVING_ROOM_SCENE6_put_the_white_mug_on_the_plate_and_put_the_chocolate_pudding_to_the_right_of_the_plate,task 6: missing semantic trigger/guard USER_CANCELS_ACTIVE_GOAL,semantic_triggers,USER_CANCELS_ACTIVE_GOAL,,Empty semantic_triggers collection,PER_TASK,T06:semantic_triggers,T06:semantic_triggers:USER_CANCELS_ACTIVE_GOAL,G-MEASUREMENT;G-SCOPE,AUTHOR_AND_VERIFY,Task-grounded predicate and feasibility guard; earliest/latest steps and spacing>=10; actual monitor/observation provenance,catalog_complete;semantic_schedule;fresh_event_observation,same_absent_trigger_guard_cascade,PER_TASK_ALL_TEN_IMPLEMENTATION_CONFLICT,cope_benchmark/repeated_v2/task_catalog.py:264,research/repeated_v2_formal_readiness_20260906/CURRENT_PREFLIGHT.txt,78da922e4dbd1411f1aa91846b88fc5d621be4856faf76cd87ca864eeeb0348c
GAP-0527,6,LIVING_ROOM_SCENE6_put_the_white_mug_on_the_plate_and_put_the_chocolate_pudding_to_the_right_of_the_plate,task 6: missing semantic trigger/guard USER_REISSUES_RETIRED_GOAL,semantic_triggers,USER_REISSUES_RETIRED_GOAL,,Empty semantic_triggers collection,PER_TASK,T06:semantic_triggers,T06:semantic_triggers:USER_REISSUES_RETIRED_GOAL,G-MEASUREMENT;G-SCOPE,AUTHOR_AND_VERIFY,Task-grounded predicate and feasibility guard; earliest/latest steps and spacing>=10; actual monitor/observation provenance,catalog_complete;semantic_schedule;fresh_event_observation,same_absent_trigger_guard_cascade,PER_TASK_ALL_TEN_IMPLEMENTATION_CONFLICT,cope_benchmark/repeated_v2/task_catalog.py:264,research/repeated_v2_formal_readiness_20260906/CURRENT_PREFLIGHT.txt,78da922e4dbd1411f1aa91846b88fc5d621be4856faf76cd87ca864eeeb0348c
GAP-0528,6,LIVING_ROOM_SCENE6_put_the_white_mug_on_the_plate_and_put_the_chocolate_pudding_to_the_right_of_the_plate,task 6: missing semantic trigger/guard USER_REPLACES_ACTIVE_GOAL,semantic_triggers,USER_REPLACES_ACTIVE_GOAL,,Empty semantic_triggers collection,PER_TASK,T06:semantic_triggers,T06:semantic_triggers:USER_REPLACES_ACTIVE_GOAL,G-MEASUREMENT;G-SCOPE,AUTHOR_AND_VERIFY,Task-grounded predicate and feasibility guard; earliest/latest steps and spacing>=10; actual monitor/observation provenance,catalog_complete;semantic_schedule;fresh_event_observation,same_absent_trigger_guard_cascade,PER_TASK_ALL_TEN_IMPLEMENTATION_CONFLICT,cope_benchmark/repeated_v2/task_catalog.py:264,research/repeated_v2_formal_readiness_20260906/CURRENT_PREFLIGHT.txt,78da922e4dbd1411f1aa91846b88fc5d621be4856faf76cd87ca864eeeb0348c
GAP-0529,6,LIVING_ROOM_SCENE6_put_the_white_mug_on_the_plate_and_put_the_chocolate_pudding_to_the_right_of_the_plate,task 6: missing soft_preference_templates,soft_preference_templates,,,Persistent preference templates absent and unresolved,PER_TASK,T06:soft_preference_templates,T06:soft_preference_templates,G-MEASUREMENT;G-RUNTIME,SOURCE_GROUNDED_AUTHORING_THEN_VERIFY,Task-valid public preference templates with persistence scope and separately sealed scoring semantics,catalog_complete;persistent_preference_event,empty_required_semantic_field,NO_SCOPE_CHANGE_ASSUMED,cope_benchmark/repeated_v2/task_catalog.py:213,research/repeated_v2_formal_readiness_20260906/CURRENT_PREFLIGHT.txt,78da922e4dbd1411f1aa91846b88fc5d621be4856faf76cd87ca864eeeb0348c
GAP-0530,6,LIVING_ROOM_SCENE6_put_the_white_mug_on_the_plate_and_put_the_chocolate_pudding_to_the_right_of_the_plate,task 6: no verified preservable milestone,structural_and_milestones,,,No structural/milestone evidence dossier; BDDL predicates are candidates only,PER_TASK,T06:structural_and_milestones,T06:structural_and_milestones,G-MEASUREMENT,AUTHOR_AND_MEASURE_NO_AUTOFILL,"Four structural decisions with evidence_refs; >=2 distinct independently verifiable milestones, >=1 preservable; task5 needs a valid second milestone or documented ineligibility",catalog_complete;structural_task_eligibility;progress_preservation,structural_checks_share_task_dossier,NO_SCOPE_CHANGE_ASSUMED,cope_benchmark/repeated_v2/task_catalog.py:241,research/repeated_v2_formal_readiness_20260906/CURRENT_PREFLIGHT.txt,78da922e4dbd1411f1aa91846b88fc5d621be4856faf76cd87ca864eeeb0348c
GAP-0531,6,LIVING_ROOM_SCENE6_put_the_white_mug_on_the_plate_and_put_the_chocolate_pudding_to_the_right_of_the_plate,task 6: unresolved alternative_valid_goals,alternative_valid_goals,,,Alternative valid goals absent and unresolved,PER_TASK,T06:alternative_valid_goals,T06:alternative_valid_goals,G-MEASUREMENT;G-SCOPE,SOURCE_GROUNDED_AUTHORING_THEN_VERIFY,Feasible task-valid family/predicate/arguments/source_ref records and verifier grounding; no invented alternatives,catalog_complete;goal_replacement_semantics,collection_unresolved_marker,DEPENDS_ON_REQUIRED_REPLACEMENT_VARIANTS,cope_benchmark/repeated_v2/task_catalog.py:211,research/repeated_v2_formal_readiness_20260906/CURRENT_PREFLIGHT.txt,78da922e4dbd1411f1aa91846b88fc5d621be4856faf76cd87ca864eeeb0348c
GAP-0532,6,LIVING_ROOM_SCENE6_put_the_white_mug_on_the_plate_and_put_the_chocolate_pudding_to_the_right_of_the_plate,task 6: unresolved calibration_records,calibration_records,,,Zero authentic v2 calibration records; identity-cardinality errors are empty-set cascades,PER_TASK,T06:calibration_records,T06:calibration_records,G-POLICY;G-RUNTIME,MEASURE_OR_RECOVER_AUTHENTIC_EVIDENCE,"10 clean learned/nonprivileged outcomes per task: states0..4 x seeds101,131; horizon260; terminal outcome including failures; shared policy/checkpoint/protocol; unique raw trace hashes",catalog_complete;clean_policy_calibration;task_eligibility,collection_unresolved_marker,NO_SCOPE_CHANGE_ASSUMED,cope_benchmark/repeated_v2/task_catalog.py:211,research/repeated_v2_formal_readiness_20260906/CURRENT_PREFLIGHT.txt,78da922e4dbd1411f1aa91846b88fc5d621be4856faf76cd87ca864eeeb0348c
GAP-0533,6,LIVING_ROOM_SCENE6_put_the_white_mug_on_the_plate_and_put_the_chocolate_pudding_to_the_right_of_the_plate,task 6: unresolved event_feasibility,event_feasibility,,,Empty event_feasibility collection,PER_TASK,T06:event_feasibility,T06:event_feasibility:TARGET_OBJECT_DISPLACED;T06:event_feasibility:GOAL_RECEPTACLE_OR_GROUNDING_CHANGED;T06:event_feasibility:TEMPORARY_NO_GO_APPEARS;T06:event_feasibility:TEMPORARY_NO_GO_CLEARS;T06:event_feasibility:USER_ADDS_PERSISTENT_PREFERENCE;T06:event_feasibility:TOOL_OR_TARGET_TEMPORARILY_UNAVAILABLE;T06:event_feasibility:TOOL_OR_TARGET_AVAILABLE_AGAIN;T06:event_feasibility:USER_REPLACES_ACTIVE_GOAL;T06:event_feasibility:USER_CANCELS_ACTIVE_GOAL;T06:event_feasibility:USER_REISSUES_RETIRED_GOAL,G-MEASUREMENT;G-SCOPE,MEASURE_OR_RECOVER_AUTHENTIC_EVIDENCE,"Explicit passed true/false, evidence_refs and covered_state_ids0..4 for each applicable task/family under current code; real simulator/safety evidence",catalog_complete;event_feasibility;task_eligibility,collection_unresolved_marker,PER_TASK_ALL_TEN_IMPLEMENTATION_CONFLICT,cope_benchmark/repeated_v2/task_catalog.py:211,research/repeated_v2_formal_readiness_20260906/CURRENT_PREFLIGHT.txt,78da922e4dbd1411f1aa91846b88fc5d621be4856faf76cd87ca864eeeb0348c
GAP-0534,6,LIVING_ROOM_SCENE6_put_the_white_mug_on_the_plate_and_put_the_chocolate_pudding_to_the_right_of_the_plate,task 6: unresolved hard_safety_constraints,hard_safety_constraints,,,Task hard requirements absent and unresolved,PER_TASK,T06:hard_safety_constraints,T06:hard_safety_constraints,G-MEASUREMENT;G-RUNTIME,SOURCE_GROUNDED_AUTHORING_THEN_VERIFY,Grounded hard requirements and verifier bindings consistent with real task geometry/interventions; no copied defaults,catalog_complete;sealed_hard_requirement_evaluation,collection_unresolved_marker,NO_SCOPE_CHANGE_ASSUMED,cope_benchmark/repeated_v2/task_catalog.py:211,research/repeated_v2_formal_readiness_20260906/CURRENT_PREFLIGHT.txt,78da922e4dbd1411f1aa91846b88fc5d621be4856faf76cd87ca864eeeb0348c
GAP-0535,6,LIVING_ROOM_SCENE6_put_the_white_mug_on_the_plate_and_put_the_chocolate_pudding_to_the_right_of_the_plate,task 6: unresolved initial_state_digests,initial_state_digests,,,Five-state initial-state hash pack absent,PER_TASK,T06:initial_state_digests,T06:initial_state_digests,G-ASSETS,CONDITIONAL_AUTOMATIC_FROM_AUTHENTIC_BYTES,"Exact states0..4 and serialization/source/version binding, yielding five SHA256 receipts; authentic source-asset availability was not audited here",catalog_complete;calibration_state_binding;manifest_identity,collection_unresolved_marker,NO_SCOPE_CHANGE_ASSUMED,cope_benchmark/repeated_v2/task_catalog.py:211,research/repeated_v2_formal_readiness_20260906/CURRENT_PREFLIGHT.txt,78da922e4dbd1411f1aa91846b88fc5d621be4856faf76cd87ca864eeeb0348c
GAP-0536,6,LIVING_ROOM_SCENE6_put_the_white_mug_on_the_plate_and_put_the_chocolate_pudding_to_the_right_of_the_plate,task 6: unresolved maintenance_invariants,maintenance_invariants,,,Maintenance semantics unresolved; empty list does not prove none apply,PER_TASK,T06:maintenance_invariants,T06:maintenance_invariants,G-MEASUREMENT,SOURCE_GROUNDED_AUTHORING_THEN_VERIFY,Identify unaffected achievements/continuous maintenance requirements or certify empty semantics where allowed; evidence must precede clearing unresolved marker,catalog_complete;unaffected_progress_preservation,collection_unresolved_marker,NO_SCOPE_CHANGE_ASSUMED,cope_benchmark/repeated_v2/task_catalog.py:211,research/repeated_v2_formal_readiness_20260906/CURRENT_PREFLIGHT.txt,78da922e4dbd1411f1aa91846b88fc5d621be4856faf76cd87ca864eeeb0348c
GAP-0537,6,LIVING_ROOM_SCENE6_put_the_white_mug_on_the_plate_and_put_the_chocolate_pudding_to_the_right_of_the_plate,task 6: unresolved planner_compiler_metadata,planner_compiler_metadata,,,Task compiler grounding metadata absent and unresolved,PER_TASK,T06:planner_compiler_metadata,T06:planner_compiler_metadata,G-RUNTIME;G-MEASUREMENT,BIND_IMPLEMENTATION_AND_VERIFY,Explicit supported predicate/operator/skill/instruction bindings; preserve accepted omissions and corruption; no canonical-truth repair,catalog_complete;pure_common_compiler;neutral_backend,collection_unresolved_marker,NO_SCOPE_CHANGE_ASSUMED,cope_benchmark/repeated_v2/task_catalog.py:211,research/repeated_v2_formal_readiness_20260906/CURRENT_PREFLIGHT.txt,78da922e4dbd1411f1aa91846b88fc5d621be4856faf76cd87ca864eeeb0348c
GAP-0538,6,LIVING_ROOM_SCENE6_put_the_white_mug_on_the_plate_and_put_the_chocolate_pudding_to_the_right_of_the_plate,task 6: unresolved replaceable_goal_families,replaceable_goal_families,,,Replaceable family map absent and unresolved,PER_TASK,T06:replaceable_goal_families,T06:replaceable_goal_families,G-MEASUREMENT;G-SCOPE,SOURCE_GROUNDED_AUTHORING_THEN_VERIFY,Explicit family IDs already present in initial goals; supported replacement/retirement/reissue semantics,catalog_complete;goal_lifecycle_semantics,collection_unresolved_marker,DEPENDS_ON_REQUIRED_REPLACEMENT_VARIANTS,cope_benchmark/repeated_v2/task_catalog.py:211,research/repeated_v2_formal_readiness_20260906/CURRENT_PREFLIGHT.txt,78da922e4dbd1411f1aa91846b88fc5d621be4856faf76cd87ca864eeeb0348c
GAP-0539,6,LIVING_ROOM_SCENE6_put_the_white_mug_on_the_plate_and_put_the_chocolate_pudding_to_the_right_of_the_plate,task 6: unresolved safe_event_injection_poses,safe_event_injections,,,Empty safe-event intervention collection,PER_TASK,T06:safe_event_injections,T06:safe_event_injections:TARGET_OBJECT_DISPLACED;T06:safe_event_injections:GOAL_RECEPTACLE_OR_GROUNDING_CHANGED;T06:safe_event_injections:TEMPORARY_NO_GO_APPEARS;T06:safe_event_injections:TEMPORARY_NO_GO_CLEARS;T06:safe_event_injections:TOOL_OR_TARGET_TEMPORARILY_UNAVAILABLE;T06:safe_event_injections:TOOL_OR_TARGET_AVAILABLE_AGAIN,G-MEASUREMENT;G-SCOPE,AUTHOR_AND_MEASURE,"Alias-bound entity, explicit safe pose or region, hashed evidence; held-object rules and unaffected progress checked",catalog_complete;physical_intervention_safety,collection_unresolved_marker,PER_TASK_ALL_TEN_IMPLEMENTATION_CONFLICT,cope_benchmark/repeated_v2/task_catalog.py:211,research/repeated_v2_formal_readiness_20260906/CURRENT_PREFLIGHT.txt,78da922e4dbd1411f1aa91846b88fc5d621be4856faf76cd87ca864eeeb0348c
GAP-0540,6,LIVING_ROOM_SCENE6_put_the_white_mug_on_the_plate_and_put_the_chocolate_pudding_to_the_right_of_the_plate,task 6: unresolved semantic_triggers,semantic_triggers,,,Empty semantic_triggers collection,PER_TASK,T06:semantic_triggers,T06:semantic_triggers:TARGET_OBJECT_DISPLACED;T06:semantic_triggers:GOAL_RECEPTACLE_OR_GROUNDING_CHANGED;T06:semantic_triggers:TEMPORARY_NO_GO_APPEARS;T06:semantic_triggers:TEMPORARY_NO_GO_CLEARS;T06:semantic_triggers:USER_ADDS_PERSISTENT_PREFERENCE;T06:semantic_triggers:TOOL_OR_TARGET_TEMPORARILY_UNAVAILABLE;T06:semantic_triggers:TOOL_OR_TARGET_AVAILABLE_AGAIN;T06:semantic_triggers:USER_REPLACES_ACTIVE_GOAL;T06:semantic_triggers:USER_CANCELS_ACTIVE_GOAL;T06:semantic_triggers:USER_REISSUES_RETIRED_GOAL,G-MEASUREMENT;G-SCOPE,AUTHOR_AND_VERIFY,Task-grounded predicate and feasibility guard; earliest/latest steps and spacing>=10; actual monitor/observation provenance,catalog_complete;semantic_schedule;fresh_event_observation,collection_unresolved_marker,PER_TASK_ALL_TEN_IMPLEMENTATION_CONFLICT,cope_benchmark/repeated_v2/task_catalog.py:211,research/repeated_v2_formal_readiness_20260906/CURRENT_PREFLIGHT.txt,78da922e4dbd1411f1aa91846b88fc5d621be4856faf76cd87ca864eeeb0348c
GAP-0541,6,LIVING_ROOM_SCENE6_put_the_white_mug_on_the_plate_and_put_the_chocolate_pudding_to_the_right_of_the_plate,task 6: unresolved soft_preference_templates,soft_preference_templates,,,Persistent preference templates absent and unresolved,PER_TASK,T06:soft_preference_templates,T06:soft_preference_templates,G-MEASUREMENT;G-RUNTIME,SOURCE_GROUNDED_AUTHORING_THEN_VERIFY,Task-valid public preference templates with persistence scope and separately sealed scoring semantics,catalog_complete;persistent_preference_event,collection_unresolved_marker,NO_SCOPE_CHANGE_ASSUMED,cope_benchmark/repeated_v2/task_catalog.py:211,research/repeated_v2_formal_readiness_20260906/CURRENT_PREFLIGHT.txt,78da922e4dbd1411f1aa91846b88fc5d621be4856faf76cd87ca864eeeb0348c
GAP-0542,6,LIVING_ROOM_SCENE6_put_the_white_mug_on_the_plate_and_put_the_chocolate_pudding_to_the_right_of_the_plate,task 6: unresolved structural_checks,structural_and_milestones,,,No structural/milestone evidence dossier; BDDL predicates are candidates only,PER_TASK,T06:structural_and_milestones,T06:structural_and_milestones,G-MEASUREMENT,AUTHOR_AND_MEASURE_NO_AUTOFILL,"Four structural decisions with evidence_refs; >=2 distinct independently verifiable milestones, >=1 preservable; task5 needs a valid second milestone or documented ineligibility",catalog_complete;structural_task_eligibility;progress_preservation,collection_unresolved_marker,NO_SCOPE_CHANGE_ASSUMED,cope_benchmark/repeated_v2/task_catalog.py:211,research/repeated_v2_formal_readiness_20260906/CURRENT_PREFLIGHT.txt,78da922e4dbd1411f1aa91846b88fc5d621be4856faf76cd87ca864eeeb0348c
GAP-0543,6,LIVING_ROOM_SCENE6_put_the_white_mug_on_the_plate_and_put_the_chocolate_pudding_to_the_right_of_the_plate,task 6: unresolved supported_event_families,supported_event_families,,,No task support declaration; validator demands all ten per task,PER_TASK,T06:supported_event_families,T06:supported_event_families,G-SCOPE;G-MEASUREMENT,REQUIRES_SCOPE_DECISION_AND_EVIDENCE,Actual task-specific supported/unsupported family map; explicit review of all-ten validator conflict; never copy global library as support evidence,catalog_complete;task_eligibility;schedule_support,collection_unresolved_marker,PER_TASK_ALL_TEN_IMPLEMENTATION_CONFLICT,cope_benchmark/repeated_v2/task_catalog.py:211,research/repeated_v2_formal_readiness_20260906/CURRENT_PREFLIGHT.txt,78da922e4dbd1411f1aa91846b88fc5d621be4856faf76cd87ca864eeeb0348c
GAP-0544,6,LIVING_ROOM_SCENE6_put_the_white_mug_on_the_plate_and_put_the_chocolate_pudding_to_the_right_of_the_plate,task 6: unverified event feasibility GOAL_RECEPTACLE_OR_GROUNDING_CHANGED,event_feasibility,GOAL_RECEPTACLE_OR_GROUNDING_CHANGED,,Empty event_feasibility collection,PER_TASK,T06:event_feasibility,T06:event_feasibility:GOAL_RECEPTACLE_OR_GROUNDING_CHANGED,G-MEASUREMENT;G-SCOPE,MEASURE_OR_RECOVER_AUTHENTIC_EVIDENCE,"Explicit passed true/false, evidence_refs and covered_state_ids0..4 for each applicable task/family under current code; real simulator/safety evidence",catalog_complete;event_feasibility;task_eligibility,primary_absent_family_certificate,PER_TASK_ALL_TEN_IMPLEMENTATION_CONFLICT,cope_benchmark/repeated_v2/task_catalog.py:255,research/repeated_v2_formal_readiness_20260906/CURRENT_PREFLIGHT.txt,78da922e4dbd1411f1aa91846b88fc5d621be4856faf76cd87ca864eeeb0348c
GAP-0545,6,LIVING_ROOM_SCENE6_put_the_white_mug_on_the_plate_and_put_the_chocolate_pudding_to_the_right_of_the_plate,task 6: unverified event feasibility TARGET_OBJECT_DISPLACED,event_feasibility,TARGET_OBJECT_DISPLACED,,Empty event_feasibility collection,PER_TASK,T06:event_feasibility,T06:event_feasibility:TARGET_OBJECT_DISPLACED,G-MEASUREMENT;G-SCOPE,MEASURE_OR_RECOVER_AUTHENTIC_EVIDENCE,"Explicit passed true/false, evidence_refs and covered_state_ids0..4 for each applicable task/family under current code; real simulator/safety evidence",catalog_complete;event_feasibility;task_eligibility,primary_absent_family_certificate,PER_TASK_ALL_TEN_IMPLEMENTATION_CONFLICT,cope_benchmark/repeated_v2/task_catalog.py:255,research/repeated_v2_formal_readiness_20260906/CURRENT_PREFLIGHT.txt,78da922e4dbd1411f1aa91846b88fc5d621be4856faf76cd87ca864eeeb0348c
GAP-0546,6,LIVING_ROOM_SCENE6_put_the_white_mug_on_the_plate_and_put_the_chocolate_pudding_to_the_right_of_the_plate,task 6: unverified event feasibility TEMPORARY_NO_GO_APPEARS,event_feasibility,TEMPORARY_NO_GO_APPEARS,,Empty event_feasibility collection,PER_TASK,T06:event_feasibility,T06:event_feasibility:TEMPORARY_NO_GO_APPEARS,G-MEASUREMENT;G-SCOPE,MEASURE_OR_RECOVER_AUTHENTIC_EVIDENCE,"Explicit passed true/false, evidence_refs and covered_state_ids0..4 for each applicable task/family under current code; real simulator/safety evidence",catalog_complete;event_feasibility;task_eligibility,primary_absent_family_certificate,PER_TASK_ALL_TEN_IMPLEMENTATION_CONFLICT,cope_benchmark/repeated_v2/task_catalog.py:255,research/repeated_v2_formal_readiness_20260906/CURRENT_PREFLIGHT.txt,78da922e4dbd1411f1aa91846b88fc5d621be4856faf76cd87ca864eeeb0348c
GAP-0547,6,LIVING_ROOM_SCENE6_put_the_white_mug_on_the_plate_and_put_the_chocolate_pudding_to_the_right_of_the_plate,task 6: unverified event feasibility TEMPORARY_NO_GO_CLEARS,event_feasibility,TEMPORARY_NO_GO_CLEARS,,Empty event_feasibility collection,PER_TASK,T06:event_feasibility,T06:event_feasibility:TEMPORARY_NO_GO_CLEARS,G-MEASUREMENT;G-SCOPE,MEASURE_OR_RECOVER_AUTHENTIC_EVIDENCE,"Explicit passed true/false, evidence_refs and covered_state_ids0..4 for each applicable task/family under current code; real simulator/safety evidence",catalog_complete;event_feasibility;task_eligibility,primary_absent_family_certificate,PER_TASK_ALL_TEN_IMPLEMENTATION_CONFLICT,cope_benchmark/repeated_v2/task_catalog.py:255,research/repeated_v2_formal_readiness_20260906/CURRENT_PREFLIGHT.txt,78da922e4dbd1411f1aa91846b88fc5d621be4856faf76cd87ca864eeeb0348c
GAP-0548,6,LIVING_ROOM_SCENE6_put_the_white_mug_on_the_plate_and_put_the_chocolate_pudding_to_the_right_of_the_plate,task 6: unverified event feasibility TOOL_OR_TARGET_AVAILABLE_AGAIN,event_feasibility,TOOL_OR_TARGET_AVAILABLE_AGAIN,,Empty event_feasibility collection,PER_TASK,T06:event_feasibility,T06:event_feasibility:TOOL_OR_TARGET_AVAILABLE_AGAIN,G-MEASUREMENT;G-SCOPE,MEASURE_OR_RECOVER_AUTHENTIC_EVIDENCE,"Explicit passed true/false, evidence_refs and covered_state_ids0..4 for each applicable task/family under current code; real simulator/safety evidence",catalog_complete;event_feasibility;task_eligibility,primary_absent_family_certificate,PER_TASK_ALL_TEN_IMPLEMENTATION_CONFLICT,cope_benchmark/repeated_v2/task_catalog.py:255,research/repeated_v2_formal_readiness_20260906/CURRENT_PREFLIGHT.txt,78da922e4dbd1411f1aa91846b88fc5d621be4856faf76cd87ca864eeeb0348c
GAP-0549,6,LIVING_ROOM_SCENE6_put_the_white_mug_on_the_plate_and_put_the_chocolate_pudding_to_the_right_of_the_plate,task 6: unverified event feasibility TOOL_OR_TARGET_TEMPORARILY_UNAVAILABLE,event_feasibility,TOOL_OR_TARGET_TEMPORARILY_UNAVAILABLE,,Empty event_feasibility collection,PER_TASK,T06:event_feasibility,T06:event_feasibility:TOOL_OR_TARGET_TEMPORARILY_UNAVAILABLE,G-MEASUREMENT;G-SCOPE,MEASURE_OR_RECOVER_AUTHENTIC_EVIDENCE,"Explicit passed true/false, evidence_refs and covered_state_ids0..4 for each applicable task/family under current code; real simulator/safety evidence",catalog_complete;event_feasibility;task_eligibility,primary_absent_family_certificate,PER_TASK_ALL_TEN_IMPLEMENTATION_CONFLICT,cope_benchmark/repeated_v2/task_catalog.py:255,research/repeated_v2_formal_readiness_20260906/CURRENT_PREFLIGHT.txt,78da922e4dbd1411f1aa91846b88fc5d621be4856faf76cd87ca864eeeb0348c
GAP-0550,6,LIVING_ROOM_SCENE6_put_the_white_mug_on_the_plate_and_put_the_chocolate_pudding_to_the_right_of_the_plate,task 6: unverified event feasibility USER_ADDS_PERSISTENT_PREFERENCE,event_feasibility,USER_ADDS_PERSISTENT_PREFERENCE,,Empty event_feasibility collection,PER_TASK,T06:event_feasibility,T06:event_feasibility:USER_ADDS_PERSISTENT_PREFERENCE,G-MEASUREMENT;G-SCOPE,MEASURE_OR_RECOVER_AUTHENTIC_EVIDENCE,"Explicit passed true/false, evidence_refs and covered_state_ids0..4 for each applicable task/family under current code; real simulator/safety evidence",catalog_complete;event_feasibility;task_eligibility,primary_absent_family_certificate,PER_TASK_ALL_TEN_IMPLEMENTATION_CONFLICT,cope_benchmark/repeated_v2/task_catalog.py:255,research/repeated_v2_formal_readiness_20260906/CURRENT_PREFLIGHT.txt,78da922e4dbd1411f1aa91846b88fc5d621be4856faf76cd87ca864eeeb0348c
GAP-0551,6,LIVING_ROOM_SCENE6_put_the_white_mug_on_the_plate_and_put_the_chocolate_pudding_to_the_right_of_the_plate,task 6: unverified event feasibility USER_CANCELS_ACTIVE_GOAL,event_feasibility,USER_CANCELS_ACTIVE_GOAL,,Empty event_feasibility collection,PER_TASK,T06:event_feasibility,T06:event_feasibility:USER_CANCELS_ACTIVE_GOAL,G-MEASUREMENT;G-SCOPE,MEASURE_OR_RECOVER_AUTHENTIC_EVIDENCE,"Explicit passed true/false, evidence_refs and covered_state_ids0..4 for each applicable task/family under current code; real simulator/safety evidence",catalog_complete;event_feasibility;task_eligibility,primary_absent_family_certificate,PER_TASK_ALL_TEN_IMPLEMENTATION_CONFLICT,cope_benchmark/repeated_v2/task_catalog.py:255,research/repeated_v2_formal_readiness_20260906/CURRENT_PREFLIGHT.txt,78da922e4dbd1411f1aa91846b88fc5d621be4856faf76cd87ca864eeeb0348c
GAP-0552,6,LIVING_ROOM_SCENE6_put_the_white_mug_on_the_plate_and_put_the_chocolate_pudding_to_the_right_of_the_plate,task 6: unverified event feasibility USER_REISSUES_RETIRED_GOAL,event_feasibility,USER_REISSUES_RETIRED_GOAL,,Empty event_feasibility collection,PER_TASK,T06:event_feasibility,T06:event_feasibility:USER_REISSUES_RETIRED_GOAL,G-MEASUREMENT;G-SCOPE,MEASURE_OR_RECOVER_AUTHENTIC_EVIDENCE,"Explicit passed true/false, evidence_refs and covered_state_ids0..4 for each applicable task/family under current code; real simulator/safety evidence",catalog_complete;event_feasibility;task_eligibility,primary_absent_family_certificate,PER_TASK_ALL_TEN_IMPLEMENTATION_CONFLICT,cope_benchmark/repeated_v2/task_catalog.py:255,research/repeated_v2_formal_readiness_20260906/CURRENT_PREFLIGHT.txt,78da922e4dbd1411f1aa91846b88fc5d621be4856faf76cd87ca864eeeb0348c
GAP-0553,6,LIVING_ROOM_SCENE6_put_the_white_mug_on_the_plate_and_put_the_chocolate_pudding_to_the_right_of_the_plate,task 6: unverified event feasibility USER_REPLACES_ACTIVE_GOAL,event_feasibility,USER_REPLACES_ACTIVE_GOAL,,Empty event_feasibility collection,PER_TASK,T06:event_feasibility,T06:event_feasibility:USER_REPLACES_ACTIVE_GOAL,G-MEASUREMENT;G-SCOPE,MEASURE_OR_RECOVER_AUTHENTIC_EVIDENCE,"Explicit passed true/false, evidence_refs and covered_state_ids0..4 for each applicable task/family under current code; real simulator/safety evidence",catalog_complete;event_feasibility;task_eligibility,primary_absent_family_certificate,PER_TASK_ALL_TEN_IMPLEMENTATION_CONFLICT,cope_benchmark/repeated_v2/task_catalog.py:255,research/repeated_v2_formal_readiness_20260906/CURRENT_PREFLIGHT.txt,78da922e4dbd1411f1aa91846b88fc5d621be4856faf76cd87ca864eeeb0348c
GAP-0554,6,LIVING_ROOM_SCENE6_put_the_white_mug_on_the_plate_and_put_the_chocolate_pudding_to_the_right_of_the_plate,task 6: unverified structural check completed_milestone_preservable,structural_and_milestones,,,No structural/milestone evidence dossier; BDDL predicates are candidates only,PER_TASK,T06:structural_and_milestones,T06:structural_and_milestones,G-MEASUREMENT,AUTHOR_AND_MEASURE_NO_AUTOFILL,"Four structural decisions with evidence_refs; >=2 distinct independently verifiable milestones, >=1 preservable; task5 needs a valid second milestone or documented ineligibility",catalog_complete;structural_task_eligibility;progress_preservation,structural_checks_share_task_dossier,NO_SCOPE_CHANGE_ASSUMED,cope_benchmark/repeated_v2/task_catalog.py:246,research/repeated_v2_formal_readiness_20260906/CURRENT_PREFLIGHT.txt,78da922e4dbd1411f1aa91846b88fc5d621be4856faf76cd87ca864eeeb0348c
GAP-0555,6,LIVING_ROOM_SCENE6_put_the_white_mug_on_the_plate_and_put_the_chocolate_pudding_to_the_right_of_the_plate,task 6: unverified structural check cross_skill_requirement_or_persistent_preference,structural_and_milestones,,,No structural/milestone evidence dossier; BDDL predicates are candidates only,PER_TASK,T06:structural_and_milestones,T06:structural_and_milestones,G-MEASUREMENT,AUTHOR_AND_MEASURE_NO_AUTOFILL,"Four structural decisions with evidence_refs; >=2 distinct independently verifiable milestones, >=1 preservable; task5 needs a valid second milestone or documented ineligibility",catalog_complete;structural_task_eligibility;progress_preservation,structural_checks_share_task_dossier,NO_SCOPE_CHANGE_ASSUMED,cope_benchmark/repeated_v2/task_catalog.py:246,research/repeated_v2_formal_readiness_20260906/CURRENT_PREFLIGHT.txt,78da922e4dbd1411f1aa91846b88fc5d621be4856faf76cd87ca864eeeb0348c
GAP-0556,6,LIVING_ROOM_SCENE6_put_the_white_mug_on_the_plate_and_put_the_chocolate_pudding_to_the_right_of_the_plate,task 6: unverified structural check safe_changeable_grounding,structural_and_milestones,,,No structural/milestone evidence dossier; BDDL predicates are candidates only,PER_TASK,T06:structural_and_milestones,T06:structural_and_milestones,G-MEASUREMENT,AUTHOR_AND_MEASURE_NO_AUTOFILL,"Four structural decisions with evidence_refs; >=2 distinct independently verifiable milestones, >=1 preservable; task5 needs a valid second milestone or documented ineligibility",catalog_complete;structural_task_eligibility;progress_preservation,structural_checks_share_task_dossier,NO_SCOPE_CHANGE_ASSUMED,cope_benchmark/repeated_v2/task_catalog.py:246,research/repeated_v2_formal_readiness_20260906/CURRENT_PREFLIGHT.txt,78da922e4dbd1411f1aa91846b88fc5d621be4856faf76cd87ca864eeeb0348c
GAP-0557,6,LIVING_ROOM_SCENE6_put_the_white_mug_on_the_plate_and_put_the_chocolate_pudding_to_the_right_of_the_plate,task 6: unverified structural check two_independently_verifiable_milestones,structural_and_milestones,,,No structural/milestone evidence dossier; BDDL predicates are candidates only,PER_TASK,T06:structural_and_milestones,T06:structural_and_milestones,G-MEASUREMENT,AUTHOR_AND_MEASURE_NO_AUTOFILL,"Four structural decisions with evidence_refs; >=2 distinct independently verifiable milestones, >=1 preservable; task5 needs a valid second milestone or documented ineligibility",catalog_complete;structural_task_eligibility;progress_preservation,structural_checks_share_task_dossier,NO_SCOPE_CHANGE_ASSUMED,cope_benchmark/repeated_v2/task_catalog.py:246,research/repeated_v2_formal_readiness_20260906/CURRENT_PREFLIGHT.txt,78da922e4dbd1411f1aa91846b88fc5d621be4856faf76cd87ca864eeeb0348c
GAP-0558,7,LIVING_ROOM_SCENE1_put_both_the_alphabet_soup_and_the_cream_cheese_box_in_the_basket,task 7: all ten event families require explicit support/feasibility,supported_event_families,,,No task support declaration; validator demands all ten per task,PER_TASK,T07:supported_event_families,T07:supported_event_families,G-SCOPE;G-MEASUREMENT,REQUIRES_SCOPE_DECISION_AND_EVIDENCE,Actual task-specific supported/unsupported family map; explicit review of all-ten validator conflict; never copy global library as support evidence,catalog_complete;task_eligibility;schedule_support,support_declaration_and_scope_check,PER_TASK_ALL_TEN_IMPLEMENTATION_CONFLICT,cope_benchmark/repeated_v2/task_catalog.py:253,research/repeated_v2_formal_readiness_20260906/CURRENT_PREFLIGHT.txt,78da922e4dbd1411f1aa91846b88fc5d621be4856faf76cd87ca864eeeb0348c
GAP-0559,7,LIVING_ROOM_SCENE1_put_both_the_alphabet_soup_and_the_cream_cheese_box_in_the_basket,task 7: calibration must use one checkpoint_sha256,calibration_records,,,Zero authentic v2 calibration records; identity-cardinality errors are empty-set cascades,PER_TASK,T07:calibration_records,T07:calibration_records,G-POLICY;G-RUNTIME,MEASURE_OR_RECOVER_AUTHENTIC_EVIDENCE,"10 clean learned/nonprivileged outcomes per task: states0..4 x seeds101,131; horizon260; terminal outcome including failures; shared policy/checkpoint/protocol; unique raw trace hashes",catalog_complete;clean_policy_calibration;task_eligibility,empty_collection_consistency_cascade,NO_SCOPE_CHANGE_ASSUMED,cope_benchmark/repeated_v2/task_calibration.py:175,research/repeated_v2_formal_readiness_20260906/CURRENT_PREFLIGHT.txt,78da922e4dbd1411f1aa91846b88fc5d621be4856faf76cd87ca864eeeb0348c
GAP-0560,7,LIVING_ROOM_SCENE1_put_both_the_alphabet_soup_and_the_cream_cheese_box_in_the_basket,task 7: calibration must use one policy_id,calibration_records,,,Zero authentic v2 calibration records; identity-cardinality errors are empty-set cascades,PER_TASK,T07:calibration_records,T07:calibration_records,G-POLICY;G-RUNTIME,MEASURE_OR_RECOVER_AUTHENTIC_EVIDENCE,"10 clean learned/nonprivileged outcomes per task: states0..4 x seeds101,131; horizon260; terminal outcome including failures; shared policy/checkpoint/protocol; unique raw trace hashes",catalog_complete;clean_policy_calibration;task_eligibility,empty_collection_consistency_cascade,NO_SCOPE_CHANGE_ASSUMED,cope_benchmark/repeated_v2/task_calibration.py:175,research/repeated_v2_formal_readiness_20260906/CURRENT_PREFLIGHT.txt,78da922e4dbd1411f1aa91846b88fc5d621be4856faf76cd87ca864eeeb0348c
GAP-0561,7,LIVING_ROOM_SCENE1_put_both_the_alphabet_soup_and_the_cream_cheese_box_in_the_basket,task 7: calibration must use one protocol_sha256,calibration_records,,,Zero authentic v2 calibration records; identity-cardinality errors are empty-set cascades,PER_TASK,T07:calibration_records,T07:calibration_records,G-POLICY;G-RUNTIME,MEASURE_OR_RECOVER_AUTHENTIC_EVIDENCE,"10 clean learned/nonprivileged outcomes per task: states0..4 x seeds101,131; horizon260; terminal outcome including failures; shared policy/checkpoint/protocol; unique raw trace hashes",catalog_complete;clean_policy_calibration;task_eligibility,empty_collection_consistency_cascade,NO_SCOPE_CHANGE_ASSUMED,cope_benchmark/repeated_v2/task_calibration.py:175,research/repeated_v2_formal_readiness_20260906/CURRENT_PREFLIGHT.txt,78da922e4dbd1411f1aa91846b88fc5d621be4856faf76cd87ca864eeeb0348c
GAP-0562,7,LIVING_ROOM_SCENE1_put_both_the_alphabet_soup_and_the_cream_cheese_box_in_the_basket,task 7: calibration must use one provenance_kind,calibration_records,,,Zero authentic v2 calibration records; identity-cardinality errors are empty-set cascades,PER_TASK,T07:calibration_records,T07:calibration_records,G-POLICY;G-RUNTIME,MEASURE_OR_RECOVER_AUTHENTIC_EVIDENCE,"10 clean learned/nonprivileged outcomes per task: states0..4 x seeds101,131; horizon260; terminal outcome including failures; shared policy/checkpoint/protocol; unique raw trace hashes",catalog_complete;clean_policy_calibration;task_eligibility,empty_collection_consistency_cascade,NO_SCOPE_CHANGE_ASSUMED,cope_benchmark/repeated_v2/task_calibration.py:175,research/repeated_v2_formal_readiness_20260906/CURRENT_PREFLIGHT.txt,78da922e4dbd1411f1aa91846b88fc5d621be4856faf76cd87ca864eeeb0348c
GAP-0563,7,LIVING_ROOM_SCENE1_put_both_the_alphabet_soup_and_the_cream_cheese_box_in_the_basket,task 7: fewer than two independently verified distinct milestone predicates,structural_and_milestones,,,No structural/milestone evidence dossier; BDDL predicates are candidates only,PER_TASK,T07:structural_and_milestones,T07:structural_and_milestones,G-MEASUREMENT,AUTHOR_AND_MEASURE_NO_AUTOFILL,"Four structural decisions with evidence_refs; >=2 distinct independently verifiable milestones, >=1 preservable; task5 needs a valid second milestone or documented ineligibility",catalog_complete;structural_task_eligibility;progress_preservation,structural_checks_share_task_dossier,NO_SCOPE_CHANGE_ASSUMED,cope_benchmark/repeated_v2/task_catalog.py:238,research/repeated_v2_formal_readiness_20260906/CURRENT_PREFLIGHT.txt,78da922e4dbd1411f1aa91846b88fc5d621be4856faf76cd87ca864eeeb0348c
GAP-0564,7,LIVING_ROOM_SCENE1_put_both_the_alphabet_soup_and_the_cream_cheese_box_in_the_basket,"task 7: incomplete calibration grid: expected 10 cells, missing [(0, 101), (0, 131), (1, 101), (1, 131), (2, 101), (2, 131), (3, 101), (3, 131), (4, 101), (4, 131)], unexpected []",calibration_records,,,Zero authentic v2 calibration records; identity-cardinality errors are empty-set cascades,PER_TASK,T07:calibration_records,T07:calibration_records,G-POLICY;G-RUNTIME,MEASURE_OR_RECOVER_AUTHENTIC_EVIDENCE,"10 clean learned/nonprivileged outcomes per task: states0..4 x seeds101,131; horizon260; terminal outcome including failures; shared policy/checkpoint/protocol; unique raw trace hashes",catalog_complete;clean_policy_calibration;task_eligibility,primary_absent_grid,NO_SCOPE_CHANGE_ASSUMED,cope_benchmark/repeated_v2/task_calibration.py:173,research/repeated_v2_formal_readiness_20260906/CURRENT_PREFLIGHT.txt,78da922e4dbd1411f1aa91846b88fc5d621be4856faf76cd87ca864eeeb0348c
GAP-0565,7,LIVING_ROOM_SCENE1_put_both_the_alphabet_soup_and_the_cream_cheese_box_in_the_basket,"task 7: invalid semantic trigger GOAL_RECEPTACLE_OR_GROUNDING_CHANGED: BLOCKED_TASK_CATALOG_GAP: missing trigger fields ['earliest_policy_step', 'latest_policy_step', 'min_steps_since_previous_event', 'physical_feasibility_guard', 'predicate']",semantic_triggers,GOAL_RECEPTACLE_OR_GROUNDING_CHANGED,,Empty semantic_triggers collection,PER_TASK,T07:semantic_triggers,T07:semantic_triggers:GOAL_RECEPTACLE_OR_GROUNDING_CHANGED,G-MEASUREMENT;G-SCOPE,AUTHOR_AND_VERIFY,Task-grounded predicate and feasibility guard; earliest/latest steps and spacing>=10; actual monitor/observation provenance,catalog_complete;semantic_schedule;fresh_event_observation,primary_absent_trigger,PER_TASK_ALL_TEN_IMPLEMENTATION_CONFLICT,cope_benchmark/repeated_v2/task_catalog.py:259,research/repeated_v2_formal_readiness_20260906/CURRENT_PREFLIGHT.txt,78da922e4dbd1411f1aa91846b88fc5d621be4856faf76cd87ca864eeeb0348c
GAP-0566,7,LIVING_ROOM_SCENE1_put_both_the_alphabet_soup_and_the_cream_cheese_box_in_the_basket,"task 7: invalid semantic trigger TARGET_OBJECT_DISPLACED: BLOCKED_TASK_CATALOG_GAP: missing trigger fields ['earliest_policy_step', 'latest_policy_step', 'min_steps_since_previous_event', 'physical_feasibility_guard', 'predicate']",semantic_triggers,TARGET_OBJECT_DISPLACED,,Empty semantic_triggers collection,PER_TASK,T07:semantic_triggers,T07:semantic_triggers:TARGET_OBJECT_DISPLACED,G-MEASUREMENT;G-SCOPE,AUTHOR_AND_VERIFY,Task-grounded predicate and feasibility guard; earliest/latest steps and spacing>=10; actual monitor/observation provenance,catalog_complete;semantic_schedule;fresh_event_observation,primary_absent_trigger,PER_TASK_ALL_TEN_IMPLEMENTATION_CONFLICT,cope_benchmark/repeated_v2/task_catalog.py:259,research/repeated_v2_formal_readiness_20260906/CURRENT_PREFLIGHT.txt,78da922e4dbd1411f1aa91846b88fc5d621be4856faf76cd87ca864eeeb0348c
GAP-0567,7,LIVING_ROOM_SCENE1_put_both_the_alphabet_soup_and_the_cream_cheese_box_in_the_basket,"task 7: invalid semantic trigger TEMPORARY_NO_GO_APPEARS: BLOCKED_TASK_CATALOG_GAP: missing trigger fields ['earliest_policy_step', 'latest_policy_step', 'min_steps_since_previous_event', 'physical_feasibility_guard', 'predicate']",semantic_triggers,TEMPORARY_NO_GO_APPEARS,,Empty semantic_triggers collection,PER_TASK,T07:semantic_triggers,T07:semantic_triggers:TEMPORARY_NO_GO_APPEARS,G-MEASUREMENT;G-SCOPE,AUTHOR_AND_VERIFY,Task-grounded predicate and feasibility guard; earliest/latest steps and spacing>=10; actual monitor/observation provenance,catalog_complete;semantic_schedule;fresh_event_observation,primary_absent_trigger,PER_TASK_ALL_TEN_IMPLEMENTATION_CONFLICT,cope_benchmark/repeated_v2/task_catalog.py:259,research/repeated_v2_formal_readiness_20260906/CURRENT_PREFLIGHT.txt,78da922e4dbd1411f1aa91846b88fc5d621be4856faf76cd87ca864eeeb0348c
GAP-0568,7,LIVING_ROOM_SCENE1_put_both_the_alphabet_soup_and_the_cream_cheese_box_in_the_basket,"task 7: invalid semantic trigger TEMPORARY_NO_GO_CLEARS: BLOCKED_TASK_CATALOG_GAP: missing trigger fields ['earliest_policy_step', 'latest_policy_step', 'min_steps_since_previous_event', 'physical_feasibility_guard', 'predicate']",semantic_triggers,TEMPORARY_NO_GO_CLEARS,,Empty semantic_triggers collection,PER_TASK,T07:semantic_triggers,T07:semantic_triggers:TEMPORARY_NO_GO_CLEARS,G-MEASUREMENT;G-SCOPE,AUTHOR_AND_VERIFY,Task-grounded predicate and feasibility guard; earliest/latest steps and spacing>=10; actual monitor/observation provenance,catalog_complete;semantic_schedule;fresh_event_observation,primary_absent_trigger,PER_TASK_ALL_TEN_IMPLEMENTATION_CONFLICT,cope_benchmark/repeated_v2/task_catalog.py:259,research/repeated_v2_formal_readiness_20260906/CURRENT_PREFLIGHT.txt,78da922e4dbd1411f1aa91846b88fc5d621be4856faf76cd87ca864eeeb0348c
GAP-0569,7,LIVING_ROOM_SCENE1_put_both_the_alphabet_soup_and_the_cream_cheese_box_in_the_basket,"task 7: invalid semantic trigger TOOL_OR_TARGET_AVAILABLE_AGAIN: BLOCKED_TASK_CATALOG_GAP: missing trigger fields ['earliest_policy_step', 'latest_policy_step', 'min_steps_since_previous_event', 'physical_feasibility_guard', 'predicate']",semantic_triggers,TOOL_OR_TARGET_AVAILABLE_AGAIN,,Empty semantic_triggers collection,PER_TASK,T07:semantic_triggers,T07:semantic_triggers:TOOL_OR_TARGET_AVAILABLE_AGAIN,G-MEASUREMENT;G-SCOPE,AUTHOR_AND_VERIFY,Task-grounded predicate and feasibility guard; earliest/latest steps and spacing>=10; actual monitor/observation provenance,catalog_complete;semantic_schedule;fresh_event_observation,primary_absent_trigger,PER_TASK_ALL_TEN_IMPLEMENTATION_CONFLICT,cope_benchmark/repeated_v2/task_catalog.py:259,research/repeated_v2_formal_readiness_20260906/CURRENT_PREFLIGHT.txt,78da922e4dbd1411f1aa91846b88fc5d621be4856faf76cd87ca864eeeb0348c
GAP-0570,7,LIVING_ROOM_SCENE1_put_both_the_alphabet_soup_and_the_cream_cheese_box_in_the_basket,"task 7: invalid semantic trigger TOOL_OR_TARGET_TEMPORARILY_UNAVAILABLE: BLOCKED_TASK_CATALOG_GAP: missing trigger fields ['earliest_policy_step', 'latest_policy_step', 'min_steps_since_previous_event', 'physical_feasibility_guard', 'predicate']",semantic_triggers,TOOL_OR_TARGET_TEMPORARILY_UNAVAILABLE,,Empty semantic_triggers collection,PER_TASK,T07:semantic_triggers,T07:semantic_triggers:TOOL_OR_TARGET_TEMPORARILY_UNAVAILABLE,G-MEASUREMENT;G-SCOPE,AUTHOR_AND_VERIFY,Task-grounded predicate and feasibility guard; earliest/latest steps and spacing>=10; actual monitor/observation provenance,catalog_complete;semantic_schedule;fresh_event_observation,primary_absent_trigger,PER_TASK_ALL_TEN_IMPLEMENTATION_CONFLICT,cope_benchmark/repeated_v2/task_catalog.py:259,research/repeated_v2_formal_readiness_20260906/CURRENT_PREFLIGHT.txt,78da922e4dbd1411f1aa91846b88fc5d621be4856faf76cd87ca864eeeb0348c
GAP-0571,7,LIVING_ROOM_SCENE1_put_both_the_alphabet_soup_and_the_cream_cheese_box_in_the_basket,"task 7: invalid semantic trigger USER_ADDS_PERSISTENT_PREFERENCE: BLOCKED_TASK_CATALOG_GAP: missing trigger fields ['earliest_policy_step', 'latest_policy_step', 'min_steps_since_previous_event', 'physical_feasibility_guard', 'predicate']",semantic_triggers,USER_ADDS_PERSISTENT_PREFERENCE,,Empty semantic_triggers collection,PER_TASK,T07:semantic_triggers,T07:semantic_triggers:USER_ADDS_PERSISTENT_PREFERENCE,G-MEASUREMENT;G-SCOPE,AUTHOR_AND_VERIFY,Task-grounded predicate and feasibility guard; earliest/latest steps and spacing>=10; actual monitor/observation provenance,catalog_complete;semantic_schedule;fresh_event_observation,primary_absent_trigger,PER_TASK_ALL_TEN_IMPLEMENTATION_CONFLICT,cope_benchmark/repeated_v2/task_catalog.py:259,research/repeated_v2_formal_readiness_20260906/CURRENT_PREFLIGHT.txt,78da922e4dbd1411f1aa91846b88fc5d621be4856faf76cd87ca864eeeb0348c
GAP-0572,7,LIVING_ROOM_SCENE1_put_both_the_alphabet_soup_and_the_cream_cheese_box_in_the_basket,"task 7: invalid semantic trigger USER_CANCELS_ACTIVE_GOAL: BLOCKED_TASK_CATALOG_GAP: missing trigger fields ['earliest_policy_step', 'latest_policy_step', 'min_steps_since_previous_event', 'physical_feasibility_guard', 'predicate']",semantic_triggers,USER_CANCELS_ACTIVE_GOAL,,Empty semantic_triggers collection,PER_TASK,T07:semantic_triggers,T07:semantic_triggers:USER_CANCELS_ACTIVE_GOAL,G-MEASUREMENT;G-SCOPE,AUTHOR_AND_VERIFY,Task-grounded predicate and feasibility guard; earliest/latest steps and spacing>=10; actual monitor/observation provenance,catalog_complete;semantic_schedule;fresh_event_observation,primary_absent_trigger,PER_TASK_ALL_TEN_IMPLEMENTATION_CONFLICT,cope_benchmark/repeated_v2/task_catalog.py:259,research/repeated_v2_formal_readiness_20260906/CURRENT_PREFLIGHT.txt,78da922e4dbd1411f1aa91846b88fc5d621be4856faf76cd87ca864eeeb0348c
GAP-0573,7,LIVING_ROOM_SCENE1_put_both_the_alphabet_soup_and_the_cream_cheese_box_in_the_basket,"task 7: invalid semantic trigger USER_REISSUES_RETIRED_GOAL: BLOCKED_TASK_CATALOG_GAP: missing trigger fields ['earliest_policy_step', 'latest_policy_step', 'min_steps_since_previous_event', 'physical_feasibility_guard', 'predicate']",semantic_triggers,USER_REISSUES_RETIRED_GOAL,,Empty semantic_triggers collection,PER_TASK,T07:semantic_triggers,T07:semantic_triggers:USER_REISSUES_RETIRED_GOAL,G-MEASUREMENT;G-SCOPE,AUTHOR_AND_VERIFY,Task-grounded predicate and feasibility guard; earliest/latest steps and spacing>=10; actual monitor/observation provenance,catalog_complete;semantic_schedule;fresh_event_observation,primary_absent_trigger,PER_TASK_ALL_TEN_IMPLEMENTATION_CONFLICT,cope_benchmark/repeated_v2/task_catalog.py:259,research/repeated_v2_formal_readiness_20260906/CURRENT_PREFLIGHT.txt,78da922e4dbd1411f1aa91846b88fc5d621be4856faf76cd87ca864eeeb0348c
GAP-0574,7,LIVING_ROOM_SCENE1_put_both_the_alphabet_soup_and_the_cream_cheese_box_in_the_basket,"task 7: invalid semantic trigger USER_REPLACES_ACTIVE_GOAL: BLOCKED_TASK_CATALOG_GAP: missing trigger fields ['earliest_policy_step', 'latest_policy_step', 'min_steps_since_previous_event', 'physical_feasibility_guard', 'predicate']",semantic_triggers,USER_REPLACES_ACTIVE_GOAL,,Empty semantic_triggers collection,PER_TASK,T07:semantic_triggers,T07:semantic_triggers:USER_REPLACES_ACTIVE_GOAL,G-MEASUREMENT;G-SCOPE,AUTHOR_AND_VERIFY,Task-grounded predicate and feasibility guard; earliest/latest steps and spacing>=10; actual monitor/observation provenance,catalog_complete;semantic_schedule;fresh_event_observation,primary_absent_trigger,PER_TASK_ALL_TEN_IMPLEMENTATION_CONFLICT,cope_benchmark/repeated_v2/task_catalog.py:259,research/repeated_v2_formal_readiness_20260906/CURRENT_PREFLIGHT.txt,78da922e4dbd1411f1aa91846b88fc5d621be4856faf76cd87ca864eeeb0348c
GAP-0575,7,LIVING_ROOM_SCENE1_put_both_the_alphabet_soup_and_the_cream_cheese_box_in_the_basket,task 7: invalid semantic trigger window GOAL_RECEPTACLE_OR_GROUNDING_CHANGED,semantic_triggers,GOAL_RECEPTACLE_OR_GROUNDING_CHANGED,,Empty semantic_triggers collection,PER_TASK,T07:semantic_triggers,T07:semantic_triggers:GOAL_RECEPTACLE_OR_GROUNDING_CHANGED,G-MEASUREMENT;G-SCOPE,AUTHOR_AND_VERIFY,Task-grounded predicate and feasibility guard; earliest/latest steps and spacing>=10; actual monitor/observation provenance,catalog_complete;semantic_schedule;fresh_event_observation,same_absent_trigger_window_cascade,PER_TASK_ALL_TEN_IMPLEMENTATION_CONFLICT,cope_benchmark/repeated_v2/task_catalog.py:266,research/repeated_v2_formal_readiness_20260906/CURRENT_PREFLIGHT.txt,78da922e4dbd1411f1aa91846b88fc5d621be4856faf76cd87ca864eeeb0348c
GAP-0576,7,LIVING_ROOM_SCENE1_put_both_the_alphabet_soup_and_the_cream_cheese_box_in_the_basket,task 7: invalid semantic trigger window TARGET_OBJECT_DISPLACED,semantic_triggers,TARGET_OBJECT_DISPLACED,,Empty semantic_triggers collection,PER_TASK,T07:semantic_triggers,T07:semantic_triggers:TARGET_OBJECT_DISPLACED,G-MEASUREMENT;G-SCOPE,AUTHOR_AND_VERIFY,Task-grounded predicate and feasibility guard; earliest/latest steps and spacing>=10; actual monitor/observation provenance,catalog_complete;semantic_schedule;fresh_event_observation,same_absent_trigger_window_cascade,PER_TASK_ALL_TEN_IMPLEMENTATION_CONFLICT,cope_benchmark/repeated_v2/task_catalog.py:266,research/repeated_v2_formal_readiness_20260906/CURRENT_PREFLIGHT.txt,78da922e4dbd1411f1aa91846b88fc5d621be4856faf76cd87ca864eeeb0348c
GAP-0577,7,LIVING_ROOM_SCENE1_put_both_the_alphabet_soup_and_the_cream_cheese_box_in_the_basket,task 7: invalid semantic trigger window TEMPORARY_NO_GO_APPEARS,semantic_triggers,TEMPORARY_NO_GO_APPEARS,,Empty semantic_triggers collection,PER_TASK,T07:semantic_triggers,T07:semantic_triggers:TEMPORARY_NO_GO_APPEARS,G-MEASUREMENT;G-SCOPE,AUTHOR_AND_VERIFY,Task-grounded predicate and feasibility guard; earliest/latest steps and spacing>=10; actual monitor/observation provenance,catalog_complete;semantic_schedule;fresh_event_observation,same_absent_trigger_window_cascade,PER_TASK_ALL_TEN_IMPLEMENTATION_CONFLICT,cope_benchmark/repeated_v2/task_catalog.py:266,research/repeated_v2_formal_readiness_20260906/CURRENT_PREFLIGHT.txt,78da922e4dbd1411f1aa91846b88fc5d621be4856faf76cd87ca864eeeb0348c
GAP-0578,7,LIVING_ROOM_SCENE1_put_both_the_alphabet_soup_and_the_cream_cheese_box_in_the_basket,task 7: invalid semantic trigger window TEMPORARY_NO_GO_CLEARS,semantic_triggers,TEMPORARY_NO_GO_CLEARS,,Empty semantic_triggers collection,PER_TASK,T07:semantic_triggers,T07:semantic_triggers:TEMPORARY_NO_GO_CLEARS,G-MEASUREMENT;G-SCOPE,AUTHOR_AND_VERIFY,Task-grounded predicate and feasibility guard; earliest/latest steps and spacing>=10; actual monitor/observation provenance,catalog_complete;semantic_schedule;fresh_event_observation,same_absent_trigger_window_cascade,PER_TASK_ALL_TEN_IMPLEMENTATION_CONFLICT,cope_benchmark/repeated_v2/task_catalog.py:266,research/repeated_v2_formal_readiness_20260906/CURRENT_PREFLIGHT.txt,78da922e4dbd1411f1aa91846b88fc5d621be4856faf76cd87ca864eeeb0348c
GAP-0579,7,LIVING_ROOM_SCENE1_put_both_the_alphabet_soup_and_the_cream_cheese_box_in_the_basket,task 7: invalid semantic trigger window TOOL_OR_TARGET_AVAILABLE_AGAIN,semantic_triggers,TOOL_OR_TARGET_AVAILABLE_AGAIN,,Empty semantic_triggers collection,PER_TASK,T07:semantic_triggers,T07:semantic_triggers:TOOL_OR_TARGET_AVAILABLE_AGAIN,G-MEASUREMENT;G-SCOPE,AUTHOR_AND_VERIFY,Task-grounded predicate and feasibility guard; earliest/latest steps and spacing>=10; actual monitor/observation provenance,catalog_complete;semantic_schedule;fresh_event_observation,same_absent_trigger_window_cascade,PER_TASK_ALL_TEN_IMPLEMENTATION_CONFLICT,cope_benchmark/repeated_v2/task_catalog.py:266,research/repeated_v2_formal_readiness_20260906/CURRENT_PREFLIGHT.txt,78da922e4dbd1411f1aa91846b88fc5d621be4856faf76cd87ca864eeeb0348c
GAP-0580,7,LIVING_ROOM_SCENE1_put_both_the_alphabet_soup_and_the_cream_cheese_box_in_the_basket,task 7: invalid semantic trigger window TOOL_OR_TARGET_TEMPORARILY_UNAVAILABLE,semantic_triggers,TOOL_OR_TARGET_TEMPORARILY_UNAVAILABLE,,Empty semantic_triggers collection,PER_TASK,T07:semantic_triggers,T07:semantic_triggers:TOOL_OR_TARGET_TEMPORARILY_UNAVAILABLE,G-MEASUREMENT;G-SCOPE,AUTHOR_AND_VERIFY,Task-grounded predicate and feasibility guard; earliest/latest steps and spacing>=10; actual monitor/observation provenance,catalog_complete;semantic_schedule;fresh_event_observation,same_absent_trigger_window_cascade,PER_TASK_ALL_TEN_IMPLEMENTATION_CONFLICT,cope_benchmark/repeated_v2/task_catalog.py:266,research/repeated_v2_formal_readiness_20260906/CURRENT_PREFLIGHT.txt,78da922e4dbd1411f1aa91846b88fc5d621be4856faf76cd87ca864eeeb0348c
GAP-0581,7,LIVING_ROOM_SCENE1_put_both_the_alphabet_soup_and_the_cream_cheese_box_in_the_basket,task 7: invalid semantic trigger window USER_ADDS_PERSISTENT_PREFERENCE,semantic_triggers,USER_ADDS_PERSISTENT_PREFERENCE,,Empty semantic_triggers collection,PER_TASK,T07:semantic_triggers,T07:semantic_triggers:USER_ADDS_PERSISTENT_PREFERENCE,G-MEASUREMENT;G-SCOPE,AUTHOR_AND_VERIFY,Task-grounded predicate and feasibility guard; earliest/latest steps and spacing>=10; actual monitor/observation provenance,catalog_complete;semantic_schedule;fresh_event_observation,same_absent_trigger_window_cascade,PER_TASK_ALL_TEN_IMPLEMENTATION_CONFLICT,cope_benchmark/repeated_v2/task_catalog.py:266,research/repeated_v2_formal_readiness_20260906/CURRENT_PREFLIGHT.txt,78da922e4dbd1411f1aa91846b88fc5d621be4856faf76cd87ca864eeeb0348c
GAP-0582,7,LIVING_ROOM_SCENE1_put_both_the_alphabet_soup_and_the_cream_cheese_box_in_the_basket,task 7: invalid semantic trigger window USER_CANCELS_ACTIVE_GOAL,semantic_triggers,USER_CANCELS_ACTIVE_GOAL,,Empty semantic_triggers collection,PER_TASK,T07:semantic_triggers,T07:semantic_triggers:USER_CANCELS_ACTIVE_GOAL,G-MEASUREMENT;G-SCOPE,AUTHOR_AND_VERIFY,Task-grounded predicate and feasibility guard; earliest/latest steps and spacing>=10; actual monitor/observation provenance,catalog_complete;semantic_schedule;fresh_event_observation,same_absent_trigger_window_cascade,PER_TASK_ALL_TEN_IMPLEMENTATION_CONFLICT,cope_benchmark/repeated_v2/task_catalog.py:266,research/repeated_v2_formal_readiness_20260906/CURRENT_PREFLIGHT.txt,78da922e4dbd1411f1aa91846b88fc5d621be4856faf76cd87ca864eeeb0348c
GAP-0583,7,LIVING_ROOM_SCENE1_put_both_the_alphabet_soup_and_the_cream_cheese_box_in_the_basket,task 7: invalid semantic trigger window USER_REISSUES_RETIRED_GOAL,semantic_triggers,USER_REISSUES_RETIRED_GOAL,,Empty semantic_triggers collection,PER_TASK,T07:semantic_triggers,T07:semantic_triggers:USER_REISSUES_RETIRED_GOAL,G-MEASUREMENT;G-SCOPE,AUTHOR_AND_VERIFY,Task-grounded predicate and feasibility guard; earliest/latest steps and spacing>=10; actual monitor/observation provenance,catalog_complete;semantic_schedule;fresh_event_observation,same_absent_trigger_window_cascade,PER_TASK_ALL_TEN_IMPLEMENTATION_CONFLICT,cope_benchmark/repeated_v2/task_catalog.py:266,research/repeated_v2_formal_readiness_20260906/CURRENT_PREFLIGHT.txt,78da922e4dbd1411f1aa91846b88fc5d621be4856faf76cd87ca864eeeb0348c
GAP-0584,7,LIVING_ROOM_SCENE1_put_both_the_alphabet_soup_and_the_cream_cheese_box_in_the_basket,task 7: invalid semantic trigger window USER_REPLACES_ACTIVE_GOAL,semantic_triggers,USER_REPLACES_ACTIVE_GOAL,,Empty semantic_triggers collection,PER_TASK,T07:semantic_triggers,T07:semantic_triggers:USER_REPLACES_ACTIVE_GOAL,G-MEASUREMENT;G-SCOPE,AUTHOR_AND_VERIFY,Task-grounded predicate and feasibility guard; earliest/latest steps and spacing>=10; actual monitor/observation provenance,catalog_complete;semantic_schedule;fresh_event_observation,same_absent_trigger_window_cascade,PER_TASK_ALL_TEN_IMPLEMENTATION_CONFLICT,cope_benchmark/repeated_v2/task_catalog.py:266,research/repeated_v2_formal_readiness_20260906/CURRENT_PREFLIGHT.txt,78da922e4dbd1411f1aa91846b88fc5d621be4856faf76cd87ca864eeeb0348c
GAP-0585,7,LIVING_ROOM_SCENE1_put_both_the_alphabet_soup_and_the_cream_cheese_box_in_the_basket,task 7: missing alternative_valid_goals,alternative_valid_goals,,,Alternative valid goals absent and unresolved,PER_TASK,T07:alternative_valid_goals,T07:alternative_valid_goals,G-MEASUREMENT;G-SCOPE,SOURCE_GROUNDED_AUTHORING_THEN_VERIFY,Feasible task-valid family/predicate/arguments/source_ref records and verifier grounding; no invented alternatives,catalog_complete;goal_replacement_semantics,empty_required_semantic_field,DEPENDS_ON_REQUIRED_REPLACEMENT_VARIANTS,cope_benchmark/repeated_v2/task_catalog.py:213,research/repeated_v2_formal_readiness_20260906/CURRENT_PREFLIGHT.txt,78da922e4dbd1411f1aa91846b88fc5d621be4856faf76cd87ca864eeeb0348c
GAP-0586,7,LIVING_ROOM_SCENE1_put_both_the_alphabet_soup_and_the_cream_cheese_box_in_the_basket,task 7: missing certified safe event injection poses/regions GOAL_RECEPTACLE_OR_GROUNDING_CHANGED,safe_event_injections,GOAL_RECEPTACLE_OR_GROUNDING_CHANGED,,Empty safe-event intervention collection,PER_TASK,T07:safe_event_injections,T07:safe_event_injections:GOAL_RECEPTACLE_OR_GROUNDING_CHANGED,G-MEASUREMENT;G-SCOPE,AUTHOR_AND_MEASURE,"Alias-bound entity, explicit safe pose or region, hashed evidence; held-object rules and unaffected progress checked",catalog_complete;physical_intervention_safety,primary_absent_intervention_certificate,PER_TASK_ALL_TEN_IMPLEMENTATION_CONFLICT,cope_benchmark/repeated_v2/task_catalog.py:269,research/repeated_v2_formal_readiness_20260906/CURRENT_PREFLIGHT.txt,78da922e4dbd1411f1aa91846b88fc5d621be4856faf76cd87ca864eeeb0348c
GAP-0587,7,LIVING_ROOM_SCENE1_put_both_the_alphabet_soup_and_the_cream_cheese_box_in_the_basket,task 7: missing certified safe event injection poses/regions TARGET_OBJECT_DISPLACED,safe_event_injections,TARGET_OBJECT_DISPLACED,,Empty safe-event intervention collection,PER_TASK,T07:safe_event_injections,T07:safe_event_injections:TARGET_OBJECT_DISPLACED,G-MEASUREMENT;G-SCOPE,AUTHOR_AND_MEASURE,"Alias-bound entity, explicit safe pose or region, hashed evidence; held-object rules and unaffected progress checked",catalog_complete;physical_intervention_safety,primary_absent_intervention_certificate,PER_TASK_ALL_TEN_IMPLEMENTATION_CONFLICT,cope_benchmark/repeated_v2/task_catalog.py:269,research/repeated_v2_formal_readiness_20260906/CURRENT_PREFLIGHT.txt,78da922e4dbd1411f1aa91846b88fc5d621be4856faf76cd87ca864eeeb0348c
GAP-0588,7,LIVING_ROOM_SCENE1_put_both_the_alphabet_soup_and_the_cream_cheese_box_in_the_basket,task 7: missing certified safe event injection poses/regions TEMPORARY_NO_GO_APPEARS,safe_event_injections,TEMPORARY_NO_GO_APPEARS,,Empty safe-event intervention collection,PER_TASK,T07:safe_event_injections,T07:safe_event_injections:TEMPORARY_NO_GO_APPEARS,G-MEASUREMENT;G-SCOPE,AUTHOR_AND_MEASURE,"Alias-bound entity, explicit safe pose or region, hashed evidence; held-object rules and unaffected progress checked",catalog_complete;physical_intervention_safety,primary_absent_intervention_certificate,PER_TASK_ALL_TEN_IMPLEMENTATION_CONFLICT,cope_benchmark/repeated_v2/task_catalog.py:269,research/repeated_v2_formal_readiness_20260906/CURRENT_PREFLIGHT.txt,78da922e4dbd1411f1aa91846b88fc5d621be4856faf76cd87ca864eeeb0348c
GAP-0589,7,LIVING_ROOM_SCENE1_put_both_the_alphabet_soup_and_the_cream_cheese_box_in_the_basket,task 7: missing certified safe event injection poses/regions TEMPORARY_NO_GO_CLEARS,safe_event_injections,TEMPORARY_NO_GO_CLEARS,,Empty safe-event intervention collection,PER_TASK,T07:safe_event_injections,T07:safe_event_injections:TEMPORARY_NO_GO_CLEARS,G-MEASUREMENT;G-SCOPE,AUTHOR_AND_MEASURE,"Alias-bound entity, explicit safe pose or region, hashed evidence; held-object rules and unaffected progress checked",catalog_complete;physical_intervention_safety,primary_absent_intervention_certificate,PER_TASK_ALL_TEN_IMPLEMENTATION_CONFLICT,cope_benchmark/repeated_v2/task_catalog.py:269,research/repeated_v2_formal_readiness_20260906/CURRENT_PREFLIGHT.txt,78da922e4dbd1411f1aa91846b88fc5d621be4856faf76cd87ca864eeeb0348c
GAP-0590,7,LIVING_ROOM_SCENE1_put_both_the_alphabet_soup_and_the_cream_cheese_box_in_the_basket,task 7: missing certified safe event injection poses/regions TOOL_OR_TARGET_AVAILABLE_AGAIN,safe_event_injections,TOOL_OR_TARGET_AVAILABLE_AGAIN,,Empty safe-event intervention collection,PER_TASK,T07:safe_event_injections,T07:safe_event_injections:TOOL_OR_TARGET_AVAILABLE_AGAIN,G-MEASUREMENT;G-SCOPE,AUTHOR_AND_MEASURE,"Alias-bound entity, explicit safe pose or region, hashed evidence; held-object rules and unaffected progress checked",catalog_complete;physical_intervention_safety,primary_absent_intervention_certificate,PER_TASK_ALL_TEN_IMPLEMENTATION_CONFLICT,cope_benchmark/repeated_v2/task_catalog.py:269,research/repeated_v2_formal_readiness_20260906/CURRENT_PREFLIGHT.txt,78da922e4dbd1411f1aa91846b88fc5d621be4856faf76cd87ca864eeeb0348c
GAP-0591,7,LIVING_ROOM_SCENE1_put_both_the_alphabet_soup_and_the_cream_cheese_box_in_the_basket,task 7: missing certified safe event injection poses/regions TOOL_OR_TARGET_TEMPORARILY_UNAVAILABLE,safe_event_injections,TOOL_OR_TARGET_TEMPORARILY_UNAVAILABLE,,Empty safe-event intervention collection,PER_TASK,T07:safe_event_injections,T07:safe_event_injections:TOOL_OR_TARGET_TEMPORARILY_UNAVAILABLE,G-MEASUREMENT;G-SCOPE,AUTHOR_AND_MEASURE,"Alias-bound entity, explicit safe pose or region, hashed evidence; held-object rules and unaffected progress checked",catalog_complete;physical_intervention_safety,primary_absent_intervention_certificate,PER_TASK_ALL_TEN_IMPLEMENTATION_CONFLICT,cope_benchmark/repeated_v2/task_catalog.py:269,research/repeated_v2_formal_readiness_20260906/CURRENT_PREFLIGHT.txt,78da922e4dbd1411f1aa91846b88fc5d621be4856faf76cd87ca864eeeb0348c
GAP-0592,7,LIVING_ROOM_SCENE1_put_both_the_alphabet_soup_and_the_cream_cheese_box_in_the_basket,task 7: missing hard_safety_constraints,hard_safety_constraints,,,Task hard requirements absent and unresolved,PER_TASK,T07:hard_safety_constraints,T07:hard_safety_constraints,G-MEASUREMENT;G-RUNTIME,SOURCE_GROUNDED_AUTHORING_THEN_VERIFY,Grounded hard requirements and verifier bindings consistent with real task geometry/interventions; no copied defaults,catalog_complete;sealed_hard_requirement_evaluation,empty_required_semantic_field,NO_SCOPE_CHANGE_ASSUMED,cope_benchmark/repeated_v2/task_catalog.py:213,research/repeated_v2_formal_readiness_20260906/CURRENT_PREFLIGHT.txt,78da922e4dbd1411f1aa91846b88fc5d621be4856faf76cd87ca864eeeb0348c
GAP-0593,7,LIVING_ROOM_SCENE1_put_both_the_alphabet_soup_and_the_cream_cheese_box_in_the_basket,task 7: missing planner_compiler_metadata,planner_compiler_metadata,,,Task compiler grounding metadata absent and unresolved,PER_TASK,T07:planner_compiler_metadata,T07:planner_compiler_metadata,G-RUNTIME;G-MEASUREMENT,BIND_IMPLEMENTATION_AND_VERIFY,Explicit supported predicate/operator/skill/instruction bindings; preserve accepted omissions and corruption; no canonical-truth repair,catalog_complete;pure_common_compiler;neutral_backend,empty_required_semantic_field,NO_SCOPE_CHANGE_ASSUMED,cope_benchmark/repeated_v2/task_catalog.py:213,research/repeated_v2_formal_readiness_20260906/CURRENT_PREFLIGHT.txt,78da922e4dbd1411f1aa91846b88fc5d621be4856faf76cd87ca864eeeb0348c
GAP-0594,7,LIVING_ROOM_SCENE1_put_both_the_alphabet_soup_and_the_cream_cheese_box_in_the_basket,task 7: missing replaceable_goal_families,replaceable_goal_families,,,Replaceable family map absent and unresolved,PER_TASK,T07:replaceable_goal_families,T07:replaceable_goal_families,G-MEASUREMENT;G-SCOPE,SOURCE_GROUNDED_AUTHORING_THEN_VERIFY,Explicit family IDs already present in initial goals; supported replacement/retirement/reissue semantics,catalog_complete;goal_lifecycle_semantics,empty_required_semantic_field,DEPENDS_ON_REQUIRED_REPLACEMENT_VARIANTS,cope_benchmark/repeated_v2/task_catalog.py:213,research/repeated_v2_formal_readiness_20260906/CURRENT_PREFLIGHT.txt,78da922e4dbd1411f1aa91846b88fc5d621be4856faf76cd87ca864eeeb0348c
GAP-0595,7,LIVING_ROOM_SCENE1_put_both_the_alphabet_soup_and_the_cream_cheese_box_in_the_basket,task 7: missing semantic trigger/guard GOAL_RECEPTACLE_OR_GROUNDING_CHANGED,semantic_triggers,GOAL_RECEPTACLE_OR_GROUNDING_CHANGED,,Empty semantic_triggers collection,PER_TASK,T07:semantic_triggers,T07:semantic_triggers:GOAL_RECEPTACLE_OR_GROUNDING_CHANGED,G-MEASUREMENT;G-SCOPE,AUTHOR_AND_VERIFY,Task-grounded predicate and feasibility guard; earliest/latest steps and spacing>=10; actual monitor/observation provenance,catalog_complete;semantic_schedule;fresh_event_observation,same_absent_trigger_guard_cascade,PER_TASK_ALL_TEN_IMPLEMENTATION_CONFLICT,cope_benchmark/repeated_v2/task_catalog.py:264,research/repeated_v2_formal_readiness_20260906/CURRENT_PREFLIGHT.txt,78da922e4dbd1411f1aa91846b88fc5d621be4856faf76cd87ca864eeeb0348c
GAP-0596,7,LIVING_ROOM_SCENE1_put_both_the_alphabet_soup_and_the_cream_cheese_box_in_the_basket,task 7: missing semantic trigger/guard TARGET_OBJECT_DISPLACED,semantic_triggers,TARGET_OBJECT_DISPLACED,,Empty semantic_triggers collection,PER_TASK,T07:semantic_triggers,T07:semantic_triggers:TARGET_OBJECT_DISPLACED,G-MEASUREMENT;G-SCOPE,AUTHOR_AND_VERIFY,Task-grounded predicate and feasibility guard; earliest/latest steps and spacing>=10; actual monitor/observation provenance,catalog_complete;semantic_schedule;fresh_event_observation,same_absent_trigger_guard_cascade,PER_TASK_ALL_TEN_IMPLEMENTATION_CONFLICT,cope_benchmark/repeated_v2/task_catalog.py:264,research/repeated_v2_formal_readiness_20260906/CURRENT_PREFLIGHT.txt,78da922e4dbd1411f1aa91846b88fc5d621be4856faf76cd87ca864eeeb0348c
GAP-0597,7,LIVING_ROOM_SCENE1_put_both_the_alphabet_soup_and_the_cream_cheese_box_in_the_basket,task 7: missing semantic trigger/guard TEMPORARY_NO_GO_APPEARS,semantic_triggers,TEMPORARY_NO_GO_APPEARS,,Empty semantic_triggers collection,PER_TASK,T07:semantic_triggers,T07:semantic_triggers:TEMPORARY_NO_GO_APPEARS,G-MEASUREMENT;G-SCOPE,AUTHOR_AND_VERIFY,Task-grounded predicate and feasibility guard; earliest/latest steps and spacing>=10; actual monitor/observation provenance,catalog_complete;semantic_schedule;fresh_event_observation,same_absent_trigger_guard_cascade,PER_TASK_ALL_TEN_IMPLEMENTATION_CONFLICT,cope_benchmark/repeated_v2/task_catalog.py:264,research/repeated_v2_formal_readiness_20260906/CURRENT_PREFLIGHT.txt,78da922e4dbd1411f1aa91846b88fc5d621be4856faf76cd87ca864eeeb0348c
GAP-0598,7,LIVING_ROOM_SCENE1_put_both_the_alphabet_soup_and_the_cream_cheese_box_in_the_basket,task 7: missing semantic trigger/guard TEMPORARY_NO_GO_CLEARS,semantic_triggers,TEMPORARY_NO_GO_CLEARS,,Empty semantic_triggers collection,PER_TASK,T07:semantic_triggers,T07:semantic_triggers:TEMPORARY_NO_GO_CLEARS,G-MEASUREMENT;G-SCOPE,AUTHOR_AND_VERIFY,Task-grounded predicate and feasibility guard; earliest/latest steps and spacing>=10; actual monitor/observation provenance,catalog_complete;semantic_schedule;fresh_event_observation,same_absent_trigger_guard_cascade,PER_TASK_ALL_TEN_IMPLEMENTATION_CONFLICT,cope_benchmark/repeated_v2/task_catalog.py:264,research/repeated_v2_formal_readiness_20260906/CURRENT_PREFLIGHT.txt,78da922e4dbd1411f1aa91846b88fc5d621be4856faf76cd87ca864eeeb0348c
GAP-0599,7,LIVING_ROOM_SCENE1_put_both_the_alphabet_soup_and_the_cream_cheese_box_in_the_basket,task 7: missing semantic trigger/guard TOOL_OR_TARGET_AVAILABLE_AGAIN,semantic_triggers,TOOL_OR_TARGET_AVAILABLE_AGAIN,,Empty semantic_triggers collection,PER_TASK,T07:semantic_triggers,T07:semantic_triggers:TOOL_OR_TARGET_AVAILABLE_AGAIN,G-MEASUREMENT;G-SCOPE,AUTHOR_AND_VERIFY,Task-grounded predicate and feasibility guard; earliest/latest steps and spacing>=10; actual monitor/observation provenance,catalog_complete;semantic_schedule;fresh_event_observation,same_absent_trigger_guard_cascade,PER_TASK_ALL_TEN_IMPLEMENTATION_CONFLICT,cope_benchmark/repeated_v2/task_catalog.py:264,research/repeated_v2_formal_readiness_20260906/CURRENT_PREFLIGHT.txt,78da922e4dbd1411f1aa91846b88fc5d621be4856faf76cd87ca864eeeb0348c
GAP-0600,7,LIVING_ROOM_SCENE1_put_both_the_alphabet_soup_and_the_cream_cheese_box_in_the_basket,task 7: missing semantic trigger/guard TOOL_OR_TARGET_TEMPORARILY_UNAVAILABLE,semantic_triggers,TOOL_OR_TARGET_TEMPORARILY_UNAVAILABLE,,Empty semantic_triggers collection,PER_TASK,T07:semantic_triggers,T07:semantic_triggers:TOOL_OR_TARGET_TEMPORARILY_UNAVAILABLE,G-MEASUREMENT;G-SCOPE,AUTHOR_AND_VERIFY,Task-grounded predicate and feasibility guard; earliest/latest steps and spacing>=10; actual monitor/observation provenance,catalog_complete;semantic_schedule;fresh_event_observation,same_absent_trigger_guard_cascade,PER_TASK_ALL_TEN_IMPLEMENTATION_CONFLICT,cope_benchmark/repeated_v2/task_catalog.py:264,research/repeated_v2_formal_readiness_20260906/CURRENT_PREFLIGHT.txt,78da922e4dbd1411f1aa91846b88fc5d621be4856faf76cd87ca864eeeb0348c
GAP-0601,7,LIVING_ROOM_SCENE1_put_both_the_alphabet_soup_and_the_cream_cheese_box_in_the_basket,task 7: missing semantic trigger/guard USER_ADDS_PERSISTENT_PREFERENCE,semantic_triggers,USER_ADDS_PERSISTENT_PREFERENCE,,Empty semantic_triggers collection,PER_TASK,T07:semantic_triggers,T07:semantic_triggers:USER_ADDS_PERSISTENT_PREFERENCE,G-MEASUREMENT;G-SCOPE,AUTHOR_AND_VERIFY,Task-grounded predicate and feasibility guard; earliest/latest steps and spacing>=10; actual monitor/observation provenance,catalog_complete;semantic_schedule;fresh_event_observation,same_absent_trigger_guard_cascade,PER_TASK_ALL_TEN_IMPLEMENTATION_CONFLICT,cope_benchmark/repeated_v2/task_catalog.py:264,research/repeated_v2_formal_readiness_20260906/CURRENT_PREFLIGHT.txt,78da922e4dbd1411f1aa91846b88fc5d621be4856faf76cd87ca864eeeb0348c
GAP-0602,7,LIVING_ROOM_SCENE1_put_both_the_alphabet_soup_and_the_cream_cheese_box_in_the_basket,task 7: missing semantic trigger/guard USER_CANCELS_ACTIVE_GOAL,semantic_triggers,USER_CANCELS_ACTIVE_GOAL,,Empty semantic_triggers collection,PER_TASK,T07:semantic_triggers,T07:semantic_triggers:USER_CANCELS_ACTIVE_GOAL,G-MEASUREMENT;G-SCOPE,AUTHOR_AND_VERIFY,Task-grounded predicate and feasibility guard; earliest/latest steps and spacing>=10; actual monitor/observation provenance,catalog_complete;semantic_schedule;fresh_event_observation,same_absent_trigger_guard_cascade,PER_TASK_ALL_TEN_IMPLEMENTATION_CONFLICT,cope_benchmark/repeated_v2/task_catalog.py:264,research/repeated_v2_formal_readiness_20260906/CURRENT_PREFLIGHT.txt,78da922e4dbd1411f1aa91846b88fc5d621be4856faf76cd87ca864eeeb0348c
GAP-0603,7,LIVING_ROOM_SCENE1_put_both_the_alphabet_soup_and_the_cream_cheese_box_in_the_basket,task 7: missing semantic trigger/guard USER_REISSUES_RETIRED_GOAL,semantic_triggers,USER_REISSUES_RETIRED_GOAL,,Empty semantic_triggers collection,PER_TASK,T07:semantic_triggers,T07:semantic_triggers:USER_REISSUES_RETIRED_GOAL,G-MEASUREMENT;G-SCOPE,AUTHOR_AND_VERIFY,Task-grounded predicate and feasibility guard; earliest/latest steps and spacing>=10; actual monitor/observation provenance,catalog_complete;semantic_schedule;fresh_event_observation,same_absent_trigger_guard_cascade,PER_TASK_ALL_TEN_IMPLEMENTATION_CONFLICT,cope_benchmark/repeated_v2/task_catalog.py:264,research/repeated_v2_formal_readiness_20260906/CURRENT_PREFLIGHT.txt,78da922e4dbd1411f1aa91846b88fc5d621be4856faf76cd87ca864eeeb0348c
GAP-0604,7,LIVING_ROOM_SCENE1_put_both_the_alphabet_soup_and_the_cream_cheese_box_in_the_basket,task 7: missing semantic trigger/guard USER_REPLACES_ACTIVE_GOAL,semantic_triggers,USER_REPLACES_ACTIVE_GOAL,,Empty semantic_triggers collection,PER_TASK,T07:semantic_triggers,T07:semantic_triggers:USER_REPLACES_ACTIVE_GOAL,G-MEASUREMENT;G-SCOPE,AUTHOR_AND_VERIFY,Task-grounded predicate and feasibility guard; earliest/latest steps and spacing>=10; actual monitor/observation provenance,catalog_complete;semantic_schedule;fresh_event_observation,same_absent_trigger_guard_cascade,PER_TASK_ALL_TEN_IMPLEMENTATION_CONFLICT,cope_benchmark/repeated_v2/task_catalog.py:264,research/repeated_v2_formal_readiness_20260906/CURRENT_PREFLIGHT.txt,78da922e4dbd1411f1aa91846b88fc5d621be4856faf76cd87ca864eeeb0348c
GAP-0605,7,LIVING_ROOM_SCENE1_put_both_the_alphabet_soup_and_the_cream_cheese_box_in_the_basket,task 7: missing soft_preference_templates,soft_preference_templates,,,Persistent preference templates absent and unresolved,PER_TASK,T07:soft_preference_templates,T07:soft_preference_templates,G-MEASUREMENT;G-RUNTIME,SOURCE_GROUNDED_AUTHORING_THEN_VERIFY,Task-valid public preference templates with persistence scope and separately sealed scoring semantics,catalog_complete;persistent_preference_event,empty_required_semantic_field,NO_SCOPE_CHANGE_ASSUMED,cope_benchmark/repeated_v2/task_catalog.py:213,research/repeated_v2_formal_readiness_20260906/CURRENT_PREFLIGHT.txt,78da922e4dbd1411f1aa91846b88fc5d621be4856faf76cd87ca864eeeb0348c
GAP-0606,7,LIVING_ROOM_SCENE1_put_both_the_alphabet_soup_and_the_cream_cheese_box_in_the_basket,task 7: no verified preservable milestone,structural_and_milestones,,,No structural/milestone evidence dossier; BDDL predicates are candidates only,PER_TASK,T07:structural_and_milestones,T07:structural_and_milestones,G-MEASUREMENT,AUTHOR_AND_MEASURE_NO_AUTOFILL,"Four structural decisions with evidence_refs; >=2 distinct independently verifiable milestones, >=1 preservable; task5 needs a valid second milestone or documented ineligibility",catalog_complete;structural_task_eligibility;progress_preservation,structural_checks_share_task_dossier,NO_SCOPE_CHANGE_ASSUMED,cope_benchmark/repeated_v2/task_catalog.py:241,research/repeated_v2_formal_readiness_20260906/CURRENT_PREFLIGHT.txt,78da922e4dbd1411f1aa91846b88fc5d621be4856faf76cd87ca864eeeb0348c
GAP-0607,7,LIVING_ROOM_SCENE1_put_both_the_alphabet_soup_and_the_cream_cheese_box_in_the_basket,task 7: unresolved alternative_valid_goals,alternative_valid_goals,,,Alternative valid goals absent and unresolved,PER_TASK,T07:alternative_valid_goals,T07:alternative_valid_goals,G-MEASUREMENT;G-SCOPE,SOURCE_GROUNDED_AUTHORING_THEN_VERIFY,Feasible task-valid family/predicate/arguments/source_ref records and verifier grounding; no invented alternatives,catalog_complete;goal_replacement_semantics,collection_unresolved_marker,DEPENDS_ON_REQUIRED_REPLACEMENT_VARIANTS,cope_benchmark/repeated_v2/task_catalog.py:211,research/repeated_v2_formal_readiness_20260906/CURRENT_PREFLIGHT.txt,78da922e4dbd1411f1aa91846b88fc5d621be4856faf76cd87ca864eeeb0348c
GAP-0608,7,LIVING_ROOM_SCENE1_put_both_the_alphabet_soup_and_the_cream_cheese_box_in_the_basket,task 7: unresolved calibration_records,calibration_records,,,Zero authentic v2 calibration records; identity-cardinality errors are empty-set cascades,PER_TASK,T07:calibration_records,T07:calibration_records,G-POLICY;G-RUNTIME,MEASURE_OR_RECOVER_AUTHENTIC_EVIDENCE,"10 clean learned/nonprivileged outcomes per task: states0..4 x seeds101,131; horizon260; terminal outcome including failures; shared policy/checkpoint/protocol; unique raw trace hashes",catalog_complete;clean_policy_calibration;task_eligibility,collection_unresolved_marker,NO_SCOPE_CHANGE_ASSUMED,cope_benchmark/repeated_v2/task_catalog.py:211,research/repeated_v2_formal_readiness_20260906/CURRENT_PREFLIGHT.txt,78da922e4dbd1411f1aa91846b88fc5d621be4856faf76cd87ca864eeeb0348c
GAP-0609,7,LIVING_ROOM_SCENE1_put_both_the_alphabet_soup_and_the_cream_cheese_box_in_the_basket,task 7: unresolved event_feasibility,event_feasibility,,,Empty event_feasibility collection,PER_TASK,T07:event_feasibility,T07:event_feasibility:TARGET_OBJECT_DISPLACED;T07:event_feasibility:GOAL_RECEPTACLE_OR_GROUNDING_CHANGED;T07:event_feasibility:TEMPORARY_NO_GO_APPEARS;T07:event_feasibility:TEMPORARY_NO_GO_CLEARS;T07:event_feasibility:USER_ADDS_PERSISTENT_PREFERENCE;T07:event_feasibility:TOOL_OR_TARGET_TEMPORARILY_UNAVAILABLE;T07:event_feasibility:TOOL_OR_TARGET_AVAILABLE_AGAIN;T07:event_feasibility:USER_REPLACES_ACTIVE_GOAL;T07:event_feasibility:USER_CANCELS_ACTIVE_GOAL;T07:event_feasibility:USER_REISSUES_RETIRED_GOAL,G-MEASUREMENT;G-SCOPE,MEASURE_OR_RECOVER_AUTHENTIC_EVIDENCE,"Explicit passed true/false, evidence_refs and covered_state_ids0..4 for each applicable task/family under current code; real simulator/safety evidence",catalog_complete;event_feasibility;task_eligibility,collection_unresolved_marker,PER_TASK_ALL_TEN_IMPLEMENTATION_CONFLICT,cope_benchmark/repeated_v2/task_catalog.py:211,research/repeated_v2_formal_readiness_20260906/CURRENT_PREFLIGHT.txt,78da922e4dbd1411f1aa91846b88fc5d621be4856faf76cd87ca864eeeb0348c
GAP-0610,7,LIVING_ROOM_SCENE1_put_both_the_alphabet_soup_and_the_cream_cheese_box_in_the_basket,task 7: unresolved hard_safety_constraints,hard_safety_constraints,,,Task hard requirements absent and unresolved,PER_TASK,T07:hard_safety_constraints,T07:hard_safety_constraints,G-MEASUREMENT;G-RUNTIME,SOURCE_GROUNDED_AUTHORING_THEN_VERIFY,Grounded hard requirements and verifier bindings consistent with real task geometry/interventions; no copied defaults,catalog_complete;sealed_hard_requirement_evaluation,collection_unresolved_marker,NO_SCOPE_CHANGE_ASSUMED,cope_benchmark/repeated_v2/task_catalog.py:211,research/repeated_v2_formal_readiness_20260906/CURRENT_PREFLIGHT.txt,78da922e4dbd1411f1aa91846b88fc5d621be4856faf76cd87ca864eeeb0348c
GAP-0611,7,LIVING_ROOM_SCENE1_put_both_the_alphabet_soup_and_the_cream_cheese_box_in_the_basket,task 7: unresolved maintenance_invariants,maintenance_invariants,,,Maintenance semantics unresolved; empty list does not prove none apply,PER_TASK,T07:maintenance_invariants,T07:maintenance_invariants,G-MEASUREMENT,SOURCE_GROUNDED_AUTHORING_THEN_VERIFY,Identify unaffected achievements/continuous maintenance requirements or certify empty semantics where allowed; evidence must precede clearing unresolved marker,catalog_complete;unaffected_progress_preservation,collection_unresolved_marker,NO_SCOPE_CHANGE_ASSUMED,cope_benchmark/repeated_v2/task_catalog.py:211,research/repeated_v2_formal_readiness_20260906/CURRENT_PREFLIGHT.txt,78da922e4dbd1411f1aa91846b88fc5d621be4856faf76cd87ca864eeeb0348c
GAP-0612,7,LIVING_ROOM_SCENE1_put_both_the_alphabet_soup_and_the_cream_cheese_box_in_the_basket,task 7: unresolved planner_compiler_metadata,planner_compiler_metadata,,,Task compiler grounding metadata absent and unresolved,PER_TASK,T07:planner_compiler_metadata,T07:planner_compiler_metadata,G-RUNTIME;G-MEASUREMENT,BIND_IMPLEMENTATION_AND_VERIFY,Explicit supported predicate/operator/skill/instruction bindings; preserve accepted omissions and corruption; no canonical-truth repair,catalog_complete;pure_common_compiler;neutral_backend,collection_unresolved_marker,NO_SCOPE_CHANGE_ASSUMED,cope_benchmark/repeated_v2/task_catalog.py:211,research/repeated_v2_formal_readiness_20260906/CURRENT_PREFLIGHT.txt,78da922e4dbd1411f1aa91846b88fc5d621be4856faf76cd87ca864eeeb0348c
GAP-0613,7,LIVING_ROOM_SCENE1_put_both_the_alphabet_soup_and_the_cream_cheese_box_in_the_basket,task 7: unresolved replaceable_goal_families,replaceable_goal_families,,,Replaceable family map absent and unresolved,PER_TASK,T07:replaceable_goal_families,T07:replaceable_goal_families,G-MEASUREMENT;G-SCOPE,SOURCE_GROUNDED_AUTHORING_THEN_VERIFY,Explicit family IDs already present in initial goals; supported replacement/retirement/reissue semantics,catalog_complete;goal_lifecycle_semantics,collection_unresolved_marker,DEPENDS_ON_REQUIRED_REPLACEMENT_VARIANTS,cope_benchmark/repeated_v2/task_catalog.py:211,research/repeated_v2_formal_readiness_20260906/CURRENT_PREFLIGHT.txt,78da922e4dbd1411f1aa91846b88fc5d621be4856faf76cd87ca864eeeb0348c
GAP-0614,7,LIVING_ROOM_SCENE1_put_both_the_alphabet_soup_and_the_cream_cheese_box_in_the_basket,task 7: unresolved safe_event_injection_poses,safe_event_injections,,,Empty safe-event intervention collection,PER_TASK,T07:safe_event_injections,T07:safe_event_injections:TARGET_OBJECT_DISPLACED;T07:safe_event_injections:GOAL_RECEPTACLE_OR_GROUNDING_CHANGED;T07:safe_event_injections:TEMPORARY_NO_GO_APPEARS;T07:safe_event_injections:TEMPORARY_NO_GO_CLEARS;T07:safe_event_injections:TOOL_OR_TARGET_TEMPORARILY_UNAVAILABLE;T07:safe_event_injections:TOOL_OR_TARGET_AVAILABLE_AGAIN,G-MEASUREMENT;G-SCOPE,AUTHOR_AND_MEASURE,"Alias-bound entity, explicit safe pose or region, hashed evidence; held-object rules and unaffected progress checked",catalog_complete;physical_intervention_safety,collection_unresolved_marker,PER_TASK_ALL_TEN_IMPLEMENTATION_CONFLICT,cope_benchmark/repeated_v2/task_catalog.py:211,research/repeated_v2_formal_readiness_20260906/CURRENT_PREFLIGHT.txt,78da922e4dbd1411f1aa91846b88fc5d621be4856faf76cd87ca864eeeb0348c
GAP-0615,7,LIVING_ROOM_SCENE1_put_both_the_alphabet_soup_and_the_cream_cheese_box_in_the_basket,task 7: unresolved semantic_triggers,semantic_triggers,,,Empty semantic_triggers collection,PER_TASK,T07:semantic_triggers,T07:semantic_triggers:TARGET_OBJECT_DISPLACED;T07:semantic_triggers:GOAL_RECEPTACLE_OR_GROUNDING_CHANGED;T07:semantic_triggers:TEMPORARY_NO_GO_APPEARS;T07:semantic_triggers:TEMPORARY_NO_GO_CLEARS;T07:semantic_triggers:USER_ADDS_PERSISTENT_PREFERENCE;T07:semantic_triggers:TOOL_OR_TARGET_TEMPORARILY_UNAVAILABLE;T07:semantic_triggers:TOOL_OR_TARGET_AVAILABLE_AGAIN;T07:semantic_triggers:USER_REPLACES_ACTIVE_GOAL;T07:semantic_triggers:USER_CANCELS_ACTIVE_GOAL;T07:semantic_triggers:USER_REISSUES_RETIRED_GOAL,G-MEASUREMENT;G-SCOPE,AUTHOR_AND_VERIFY,Task-grounded predicate and feasibility guard; earliest/latest steps and spacing>=10; actual monitor/observation provenance,catalog_complete;semantic_schedule;fresh_event_observation,collection_unresolved_marker,PER_TASK_ALL_TEN_IMPLEMENTATION_CONFLICT,cope_benchmark/repeated_v2/task_catalog.py:211,research/repeated_v2_formal_readiness_20260906/CURRENT_PREFLIGHT.txt,78da922e4dbd1411f1aa91846b88fc5d621be4856faf76cd87ca864eeeb0348c
GAP-0616,7,LIVING_ROOM_SCENE1_put_both_the_alphabet_soup_and_the_cream_cheese_box_in_the_basket,task 7: unresolved soft_preference_templates,soft_preference_templates,,,Persistent preference templates absent and unresolved,PER_TASK,T07:soft_preference_templates,T07:soft_preference_templates,G-MEASUREMENT;G-RUNTIME,SOURCE_GROUNDED_AUTHORING_THEN_VERIFY,Task-valid public preference templates with persistence scope and separately sealed scoring semantics,catalog_complete;persistent_preference_event,collection_unresolved_marker,NO_SCOPE_CHANGE_ASSUMED,cope_benchmark/repeated_v2/task_catalog.py:211,research/repeated_v2_formal_readiness_20260906/CURRENT_PREFLIGHT.txt,78da922e4dbd1411f1aa91846b88fc5d621be4856faf76cd87ca864eeeb0348c
GAP-0617,7,LIVING_ROOM_SCENE1_put_both_the_alphabet_soup_and_the_cream_cheese_box_in_the_basket,task 7: unresolved structural_checks,structural_and_milestones,,,No structural/milestone evidence dossier; BDDL predicates are candidates only,PER_TASK,T07:structural_and_milestones,T07:structural_and_milestones,G-MEASUREMENT,AUTHOR_AND_MEASURE_NO_AUTOFILL,"Four structural decisions with evidence_refs; >=2 distinct independently verifiable milestones, >=1 preservable; task5 needs a valid second milestone or documented ineligibility",catalog_complete;structural_task_eligibility;progress_preservation,collection_unresolved_marker,NO_SCOPE_CHANGE_ASSUMED,cope_benchmark/repeated_v2/task_catalog.py:211,research/repeated_v2_formal_readiness_20260906/CURRENT_PREFLIGHT.txt,78da922e4dbd1411f1aa91846b88fc5d621be4856faf76cd87ca864eeeb0348c
GAP-0618,7,LIVING_ROOM_SCENE1_put_both_the_alphabet_soup_and_the_cream_cheese_box_in_the_basket,task 7: unresolved supported_event_families,supported_event_families,,,No task support declaration; validator demands all ten per task,PER_TASK,T07:supported_event_families,T07:supported_event_families,G-SCOPE;G-MEASUREMENT,REQUIRES_SCOPE_DECISION_AND_EVIDENCE,Actual task-specific supported/unsupported family map; explicit review of all-ten validator conflict; never copy global library as support evidence,catalog_complete;task_eligibility;schedule_support,collection_unresolved_marker,PER_TASK_ALL_TEN_IMPLEMENTATION_CONFLICT,cope_benchmark/repeated_v2/task_catalog.py:211,research/repeated_v2_formal_readiness_20260906/CURRENT_PREFLIGHT.txt,78da922e4dbd1411f1aa91846b88fc5d621be4856faf76cd87ca864eeeb0348c
GAP-0619,7,LIVING_ROOM_SCENE1_put_both_the_alphabet_soup_and_the_cream_cheese_box_in_the_basket,task 7: unverified event feasibility GOAL_RECEPTACLE_OR_GROUNDING_CHANGED,event_feasibility,GOAL_RECEPTACLE_OR_GROUNDING_CHANGED,,Empty event_feasibility collection,PER_TASK,T07:event_feasibility,T07:event_feasibility:GOAL_RECEPTACLE_OR_GROUNDING_CHANGED,G-MEASUREMENT;G-SCOPE,MEASURE_OR_RECOVER_AUTHENTIC_EVIDENCE,"Explicit passed true/false, evidence_refs and covered_state_ids0..4 for each applicable task/family under current code; real simulator/safety evidence",catalog_complete;event_feasibility;task_eligibility,primary_absent_family_certificate,PER_TASK_ALL_TEN_IMPLEMENTATION_CONFLICT,cope_benchmark/repeated_v2/task_catalog.py:255,research/repeated_v2_formal_readiness_20260906/CURRENT_PREFLIGHT.txt,78da922e4dbd1411f1aa91846b88fc5d621be4856faf76cd87ca864eeeb0348c
GAP-0620,7,LIVING_ROOM_SCENE1_put_both_the_alphabet_soup_and_the_cream_cheese_box_in_the_basket,task 7: unverified event feasibility TARGET_OBJECT_DISPLACED,event_feasibility,TARGET_OBJECT_DISPLACED,,Empty event_feasibility collection,PER_TASK,T07:event_feasibility,T07:event_feasibility:TARGET_OBJECT_DISPLACED,G-MEASUREMENT;G-SCOPE,MEASURE_OR_RECOVER_AUTHENTIC_EVIDENCE,"Explicit passed true/false, evidence_refs and covered_state_ids0..4 for each applicable task/family under current code; real simulator/safety evidence",catalog_complete;event_feasibility;task_eligibility,primary_absent_family_certificate,PER_TASK_ALL_TEN_IMPLEMENTATION_CONFLICT,cope_benchmark/repeated_v2/task_catalog.py:255,research/repeated_v2_formal_readiness_20260906/CURRENT_PREFLIGHT.txt,78da922e4dbd1411f1aa91846b88fc5d621be4856faf76cd87ca864eeeb0348c
GAP-0621,7,LIVING_ROOM_SCENE1_put_both_the_alphabet_soup_and_the_cream_cheese_box_in_the_basket,task 7: unverified event feasibility TEMPORARY_NO_GO_APPEARS,event_feasibility,TEMPORARY_NO_GO_APPEARS,,Empty event_feasibility collection,PER_TASK,T07:event_feasibility,T07:event_feasibility:TEMPORARY_NO_GO_APPEARS,G-MEASUREMENT;G-SCOPE,MEASURE_OR_RECOVER_AUTHENTIC_EVIDENCE,"Explicit passed true/false, evidence_refs and covered_state_ids0..4 for each applicable task/family under current code; real simulator/safety evidence",catalog_complete;event_feasibility;task_eligibility,primary_absent_family_certificate,PER_TASK_ALL_TEN_IMPLEMENTATION_CONFLICT,cope_benchmark/repeated_v2/task_catalog.py:255,research/repeated_v2_formal_readiness_20260906/CURRENT_PREFLIGHT.txt,78da922e4dbd1411f1aa91846b88fc5d621be4856faf76cd87ca864eeeb0348c
GAP-0622,7,LIVING_ROOM_SCENE1_put_both_the_alphabet_soup_and_the_cream_cheese_box_in_the_basket,task 7: unverified event feasibility TEMPORARY_NO_GO_CLEARS,event_feasibility,TEMPORARY_NO_GO_CLEARS,,Empty event_feasibility collection,PER_TASK,T07:event_feasibility,T07:event_feasibility:TEMPORARY_NO_GO_CLEARS,G-MEASUREMENT;G-SCOPE,MEASURE_OR_RECOVER_AUTHENTIC_EVIDENCE,"Explicit passed true/false, evidence_refs and covered_state_ids0..4 for each applicable task/family under current code; real simulator/safety evidence",catalog_complete;event_feasibility;task_eligibility,primary_absent_family_certificate,PER_TASK_ALL_TEN_IMPLEMENTATION_CONFLICT,cope_benchmark/repeated_v2/task_catalog.py:255,research/repeated_v2_formal_readiness_20260906/CURRENT_PREFLIGHT.txt,78da922e4dbd1411f1aa91846b88fc5d621be4856faf76cd87ca864eeeb0348c
GAP-0623,7,LIVING_ROOM_SCENE1_put_both_the_alphabet_soup_and_the_cream_cheese_box_in_the_basket,task 7: unverified event feasibility TOOL_OR_TARGET_AVAILABLE_AGAIN,event_feasibility,TOOL_OR_TARGET_AVAILABLE_AGAIN,,Empty event_feasibility collection,PER_TASK,T07:event_feasibility,T07:event_feasibility:TOOL_OR_TARGET_AVAILABLE_AGAIN,G-MEASUREMENT;G-SCOPE,MEASURE_OR_RECOVER_AUTHENTIC_EVIDENCE,"Explicit passed true/false, evidence_refs and covered_state_ids0..4 for each applicable task/family under current code; real simulator/safety evidence",catalog_complete;event_feasibility;task_eligibility,primary_absent_family_certificate,PER_TASK_ALL_TEN_IMPLEMENTATION_CONFLICT,cope_benchmark/repeated_v2/task_catalog.py:255,research/repeated_v2_formal_readiness_20260906/CURRENT_PREFLIGHT.txt,78da922e4dbd1411f1aa91846b88fc5d621be4856faf76cd87ca864eeeb0348c
GAP-0624,7,LIVING_ROOM_SCENE1_put_both_the_alphabet_soup_and_the_cream_cheese_box_in_the_basket,task 7: unverified event feasibility TOOL_OR_TARGET_TEMPORARILY_UNAVAILABLE,event_feasibility,TOOL_OR_TARGET_TEMPORARILY_UNAVAILABLE,,Empty event_feasibility collection,PER_TASK,T07:event_feasibility,T07:event_feasibility:TOOL_OR_TARGET_TEMPORARILY_UNAVAILABLE,G-MEASUREMENT;G-SCOPE,MEASURE_OR_RECOVER_AUTHENTIC_EVIDENCE,"Explicit passed true/false, evidence_refs and covered_state_ids0..4 for each applicable task/family under current code; real simulator/safety evidence",catalog_complete;event_feasibility;task_eligibility,primary_absent_family_certificate,PER_TASK_ALL_TEN_IMPLEMENTATION_CONFLICT,cope_benchmark/repeated_v2/task_catalog.py:255,research/repeated_v2_formal_readiness_20260906/CURRENT_PREFLIGHT.txt,78da922e4dbd1411f1aa91846b88fc5d621be4856faf76cd87ca864eeeb0348c
GAP-0625,7,LIVING_ROOM_SCENE1_put_both_the_alphabet_soup_and_the_cream_cheese_box_in_the_basket,task 7: unverified event feasibility USER_ADDS_PERSISTENT_PREFERENCE,event_feasibility,USER_ADDS_PERSISTENT_PREFERENCE,,Empty event_feasibility collection,PER_TASK,T07:event_feasibility,T07:event_feasibility:USER_ADDS_PERSISTENT_PREFERENCE,G-MEASUREMENT;G-SCOPE,MEASURE_OR_RECOVER_AUTHENTIC_EVIDENCE,"Explicit passed true/false, evidence_refs and covered_state_ids0..4 for each applicable task/family under current code; real simulator/safety evidence",catalog_complete;event_feasibility;task_eligibility,primary_absent_family_certificate,PER_TASK_ALL_TEN_IMPLEMENTATION_CONFLICT,cope_benchmark/repeated_v2/task_catalog.py:255,research/repeated_v2_formal_readiness_20260906/CURRENT_PREFLIGHT.txt,78da922e4dbd1411f1aa91846b88fc5d621be4856faf76cd87ca864eeeb0348c
GAP-0626,7,LIVING_ROOM_SCENE1_put_both_the_alphabet_soup_and_the_cream_cheese_box_in_the_basket,task 7: unverified event feasibility USER_CANCELS_ACTIVE_GOAL,event_feasibility,USER_CANCELS_ACTIVE_GOAL,,Empty event_feasibility collection,PER_TASK,T07:event_feasibility,T07:event_feasibility:USER_CANCELS_ACTIVE_GOAL,G-MEASUREMENT;G-SCOPE,MEASURE_OR_RECOVER_AUTHENTIC_EVIDENCE,"Explicit passed true/false, evidence_refs and covered_state_ids0..4 for each applicable task/family under current code; real simulator/safety evidence",catalog_complete;event_feasibility;task_eligibility,primary_absent_family_certificate,PER_TASK_ALL_TEN_IMPLEMENTATION_CONFLICT,cope_benchmark/repeated_v2/task_catalog.py:255,research/repeated_v2_formal_readiness_20260906/CURRENT_PREFLIGHT.txt,78da922e4dbd1411f1aa91846b88fc5d621be4856faf76cd87ca864eeeb0348c
GAP-0627,7,LIVING_ROOM_SCENE1_put_both_the_alphabet_soup_and_the_cream_cheese_box_in_the_basket,task 7: unverified event feasibility USER_REISSUES_RETIRED_GOAL,event_feasibility,USER_REISSUES_RETIRED_GOAL,,Empty event_feasibility collection,PER_TASK,T07:event_feasibility,T07:event_feasibility:USER_REISSUES_RETIRED_GOAL,G-MEASUREMENT;G-SCOPE,MEASURE_OR_RECOVER_AUTHENTIC_EVIDENCE,"Explicit passed true/false, evidence_refs and covered_state_ids0..4 for each applicable task/family under current code; real simulator/safety evidence",catalog_complete;event_feasibility;task_eligibility,primary_absent_family_certificate,PER_TASK_ALL_TEN_IMPLEMENTATION_CONFLICT,cope_benchmark/repeated_v2/task_catalog.py:255,research/repeated_v2_formal_readiness_20260906/CURRENT_PREFLIGHT.txt,78da922e4dbd1411f1aa91846b88fc5d621be4856faf76cd87ca864eeeb0348c
GAP-0628,7,LIVING_ROOM_SCENE1_put_both_the_alphabet_soup_and_the_cream_cheese_box_in_the_basket,task 7: unverified event feasibility USER_REPLACES_ACTIVE_GOAL,event_feasibility,USER_REPLACES_ACTIVE_GOAL,,Empty event_feasibility collection,PER_TASK,T07:event_feasibility,T07:event_feasibility:USER_REPLACES_ACTIVE_GOAL,G-MEASUREMENT;G-SCOPE,MEASURE_OR_RECOVER_AUTHENTIC_EVIDENCE,"Explicit passed true/false, evidence_refs and covered_state_ids0..4 for each applicable task/family under current code; real simulator/safety evidence",catalog_complete;event_feasibility;task_eligibility,primary_absent_family_certificate,PER_TASK_ALL_TEN_IMPLEMENTATION_CONFLICT,cope_benchmark/repeated_v2/task_catalog.py:255,research/repeated_v2_formal_readiness_20260906/CURRENT_PREFLIGHT.txt,78da922e4dbd1411f1aa91846b88fc5d621be4856faf76cd87ca864eeeb0348c
GAP-0629,7,LIVING_ROOM_SCENE1_put_both_the_alphabet_soup_and_the_cream_cheese_box_in_the_basket,task 7: unverified structural check completed_milestone_preservable,structural_and_milestones,,,No structural/milestone evidence dossier; BDDL predicates are candidates only,PER_TASK,T07:structural_and_milestones,T07:structural_and_milestones,G-MEASUREMENT,AUTHOR_AND_MEASURE_NO_AUTOFILL,"Four structural decisions with evidence_refs; >=2 distinct independently verifiable milestones, >=1 preservable; task5 needs a valid second milestone or documented ineligibility",catalog_complete;structural_task_eligibility;progress_preservation,structural_checks_share_task_dossier,NO_SCOPE_CHANGE_ASSUMED,cope_benchmark/repeated_v2/task_catalog.py:246,research/repeated_v2_formal_readiness_20260906/CURRENT_PREFLIGHT.txt,78da922e4dbd1411f1aa91846b88fc5d621be4856faf76cd87ca864eeeb0348c
GAP-0630,7,LIVING_ROOM_SCENE1_put_both_the_alphabet_soup_and_the_cream_cheese_box_in_the_basket,task 7: unverified structural check cross_skill_requirement_or_persistent_preference,structural_and_milestones,,,No structural/milestone evidence dossier; BDDL predicates are candidates only,PER_TASK,T07:structural_and_milestones,T07:structural_and_milestones,G-MEASUREMENT,AUTHOR_AND_MEASURE_NO_AUTOFILL,"Four structural decisions with evidence_refs; >=2 distinct independently verifiable milestones, >=1 preservable; task5 needs a valid second milestone or documented ineligibility",catalog_complete;structural_task_eligibility;progress_preservation,structural_checks_share_task_dossier,NO_SCOPE_CHANGE_ASSUMED,cope_benchmark/repeated_v2/task_catalog.py:246,research/repeated_v2_formal_readiness_20260906/CURRENT_PREFLIGHT.txt,78da922e4dbd1411f1aa91846b88fc5d621be4856faf76cd87ca864eeeb0348c
GAP-0631,7,LIVING_ROOM_SCENE1_put_both_the_alphabet_soup_and_the_cream_cheese_box_in_the_basket,task 7: unverified structural check safe_changeable_grounding,structural_and_milestones,,,No structural/milestone evidence dossier; BDDL predicates are candidates only,PER_TASK,T07:structural_and_milestones,T07:structural_and_milestones,G-MEASUREMENT,AUTHOR_AND_MEASURE_NO_AUTOFILL,"Four structural decisions with evidence_refs; >=2 distinct independently verifiable milestones, >=1 preservable; task5 needs a valid second milestone or documented ineligibility",catalog_complete;structural_task_eligibility;progress_preservation,structural_checks_share_task_dossier,NO_SCOPE_CHANGE_ASSUMED,cope_benchmark/repeated_v2/task_catalog.py:246,research/repeated_v2_formal_readiness_20260906/CURRENT_PREFLIGHT.txt,78da922e4dbd1411f1aa91846b88fc5d621be4856faf76cd87ca864eeeb0348c
GAP-0632,7,LIVING_ROOM_SCENE1_put_both_the_alphabet_soup_and_the_cream_cheese_box_in_the_basket,task 7: unverified structural check two_independently_verifiable_milestones,structural_and_milestones,,,No structural/milestone evidence dossier; BDDL predicates are candidates only,PER_TASK,T07:structural_and_milestones,T07:structural_and_milestones,G-MEASUREMENT,AUTHOR_AND_MEASURE_NO_AUTOFILL,"Four structural decisions with evidence_refs; >=2 distinct independently verifiable milestones, >=1 preservable; task5 needs a valid second milestone or documented ineligibility",catalog_complete;structural_task_eligibility;progress_preservation,structural_checks_share_task_dossier,NO_SCOPE_CHANGE_ASSUMED,cope_benchmark/repeated_v2/task_catalog.py:246,research/repeated_v2_formal_readiness_20260906/CURRENT_PREFLIGHT.txt,78da922e4dbd1411f1aa91846b88fc5d621be4856faf76cd87ca864eeeb0348c
GAP-0633,8,KITCHEN_SCENE8_put_both_moka_pots_on_the_stove,task 8: all ten event families require explicit support/feasibility,supported_event_families,,,No task support declaration; validator demands all ten per task,PER_TASK,T08:supported_event_families,T08:supported_event_families,G-SCOPE;G-MEASUREMENT,REQUIRES_SCOPE_DECISION_AND_EVIDENCE,Actual task-specific supported/unsupported family map; explicit review of all-ten validator conflict; never copy global library as support evidence,catalog_complete;task_eligibility;schedule_support,support_declaration_and_scope_check,PER_TASK_ALL_TEN_IMPLEMENTATION_CONFLICT,cope_benchmark/repeated_v2/task_catalog.py:253,research/repeated_v2_formal_readiness_20260906/CURRENT_PREFLIGHT.txt,78da922e4dbd1411f1aa91846b88fc5d621be4856faf76cd87ca864eeeb0348c
GAP-0634,8,KITCHEN_SCENE8_put_both_moka_pots_on_the_stove,task 8: calibration must use one checkpoint_sha256,calibration_records,,,Zero authentic v2 calibration records; identity-cardinality errors are empty-set cascades,PER_TASK,T08:calibration_records,T08:calibration_records,G-POLICY;G-RUNTIME,MEASURE_OR_RECOVER_AUTHENTIC_EVIDENCE,"10 clean learned/nonprivileged outcomes per task: states0..4 x seeds101,131; horizon260; terminal outcome including failures; shared policy/checkpoint/protocol; unique raw trace hashes",catalog_complete;clean_policy_calibration;task_eligibility,empty_collection_consistency_cascade,NO_SCOPE_CHANGE_ASSUMED,cope_benchmark/repeated_v2/task_calibration.py:175,research/repeated_v2_formal_readiness_20260906/CURRENT_PREFLIGHT.txt,78da922e4dbd1411f1aa91846b88fc5d621be4856faf76cd87ca864eeeb0348c
GAP-0635,8,KITCHEN_SCENE8_put_both_moka_pots_on_the_stove,task 8: calibration must use one policy_id,calibration_records,,,Zero authentic v2 calibration records; identity-cardinality errors are empty-set cascades,PER_TASK,T08:calibration_records,T08:calibration_records,G-POLICY;G-RUNTIME,MEASURE_OR_RECOVER_AUTHENTIC_EVIDENCE,"10 clean learned/nonprivileged outcomes per task: states0..4 x seeds101,131; horizon260; terminal outcome including failures; shared policy/checkpoint/protocol; unique raw trace hashes",catalog_complete;clean_policy_calibration;task_eligibility,empty_collection_consistency_cascade,NO_SCOPE_CHANGE_ASSUMED,cope_benchmark/repeated_v2/task_calibration.py:175,research/repeated_v2_formal_readiness_20260906/CURRENT_PREFLIGHT.txt,78da922e4dbd1411f1aa91846b88fc5d621be4856faf76cd87ca864eeeb0348c
GAP-0636,8,KITCHEN_SCENE8_put_both_moka_pots_on_the_stove,task 8: calibration must use one protocol_sha256,calibration_records,,,Zero authentic v2 calibration records; identity-cardinality errors are empty-set cascades,PER_TASK,T08:calibration_records,T08:calibration_records,G-POLICY;G-RUNTIME,MEASURE_OR_RECOVER_AUTHENTIC_EVIDENCE,"10 clean learned/nonprivileged outcomes per task: states0..4 x seeds101,131; horizon260; terminal outcome including failures; shared policy/checkpoint/protocol; unique raw trace hashes",catalog_complete;clean_policy_calibration;task_eligibility,empty_collection_consistency_cascade,NO_SCOPE_CHANGE_ASSUMED,cope_benchmark/repeated_v2/task_calibration.py:175,research/repeated_v2_formal_readiness_20260906/CURRENT_PREFLIGHT.txt,78da922e4dbd1411f1aa91846b88fc5d621be4856faf76cd87ca864eeeb0348c
GAP-0637,8,KITCHEN_SCENE8_put_both_moka_pots_on_the_stove,task 8: calibration must use one provenance_kind,calibration_records,,,Zero authentic v2 calibration records; identity-cardinality errors are empty-set cascades,PER_TASK,T08:calibration_records,T08:calibration_records,G-POLICY;G-RUNTIME,MEASURE_OR_RECOVER_AUTHENTIC_EVIDENCE,"10 clean learned/nonprivileged outcomes per task: states0..4 x seeds101,131; horizon260; terminal outcome including failures; shared policy/checkpoint/protocol; unique raw trace hashes",catalog_complete;clean_policy_calibration;task_eligibility,empty_collection_consistency_cascade,NO_SCOPE_CHANGE_ASSUMED,cope_benchmark/repeated_v2/task_calibration.py:175,research/repeated_v2_formal_readiness_20260906/CURRENT_PREFLIGHT.txt,78da922e4dbd1411f1aa91846b88fc5d621be4856faf76cd87ca864eeeb0348c
GAP-0638,8,KITCHEN_SCENE8_put_both_moka_pots_on_the_stove,task 8: fewer than two independently verified distinct milestone predicates,structural_and_milestones,,,No structural/milestone evidence dossier; BDDL predicates are candidates only,PER_TASK,T08:structural_and_milestones,T08:structural_and_milestones,G-MEASUREMENT,AUTHOR_AND_MEASURE_NO_AUTOFILL,"Four structural decisions with evidence_refs; >=2 distinct independently verifiable milestones, >=1 preservable; task5 needs a valid second milestone or documented ineligibility",catalog_complete;structural_task_eligibility;progress_preservation,structural_checks_share_task_dossier,NO_SCOPE_CHANGE_ASSUMED,cope_benchmark/repeated_v2/task_catalog.py:238,research/repeated_v2_formal_readiness_20260906/CURRENT_PREFLIGHT.txt,78da922e4dbd1411f1aa91846b88fc5d621be4856faf76cd87ca864eeeb0348c
GAP-0639,8,KITCHEN_SCENE8_put_both_moka_pots_on_the_stove,"task 8: incomplete calibration grid: expected 10 cells, missing [(0, 101), (0, 131), (1, 101), (1, 131), (2, 101), (2, 131), (3, 101), (3, 131), (4, 101), (4, 131)], unexpected []",calibration_records,,,Zero authentic v2 calibration records; identity-cardinality errors are empty-set cascades,PER_TASK,T08:calibration_records,T08:calibration_records,G-POLICY;G-RUNTIME,MEASURE_OR_RECOVER_AUTHENTIC_EVIDENCE,"10 clean learned/nonprivileged outcomes per task: states0..4 x seeds101,131; horizon260; terminal outcome including failures; shared policy/checkpoint/protocol; unique raw trace hashes",catalog_complete;clean_policy_calibration;task_eligibility,primary_absent_grid,NO_SCOPE_CHANGE_ASSUMED,cope_benchmark/repeated_v2/task_calibration.py:173,research/repeated_v2_formal_readiness_20260906/CURRENT_PREFLIGHT.txt,78da922e4dbd1411f1aa91846b88fc5d621be4856faf76cd87ca864eeeb0348c
GAP-0640,8,KITCHEN_SCENE8_put_both_moka_pots_on_the_stove,"task 8: invalid semantic trigger GOAL_RECEPTACLE_OR_GROUNDING_CHANGED: BLOCKED_TASK_CATALOG_GAP: missing trigger fields ['earliest_policy_step', 'latest_policy_step', 'min_steps_since_previous_event', 'physical_feasibility_guard', 'predicate']",semantic_triggers,GOAL_RECEPTACLE_OR_GROUNDING_CHANGED,,Empty semantic_triggers collection,PER_TASK,T08:semantic_triggers,T08:semantic_triggers:GOAL_RECEPTACLE_OR_GROUNDING_CHANGED,G-MEASUREMENT;G-SCOPE,AUTHOR_AND_VERIFY,Task-grounded predicate and feasibility guard; earliest/latest steps and spacing>=10; actual monitor/observation provenance,catalog_complete;semantic_schedule;fresh_event_observation,primary_absent_trigger,PER_TASK_ALL_TEN_IMPLEMENTATION_CONFLICT,cope_benchmark/repeated_v2/task_catalog.py:259,research/repeated_v2_formal_readiness_20260906/CURRENT_PREFLIGHT.txt,78da922e4dbd1411f1aa91846b88fc5d621be4856faf76cd87ca864eeeb0348c
GAP-0641,8,KITCHEN_SCENE8_put_both_moka_pots_on_the_stove,"task 8: invalid semantic trigger TARGET_OBJECT_DISPLACED: BLOCKED_TASK_CATALOG_GAP: missing trigger fields ['earliest_policy_step', 'latest_policy_step', 'min_steps_since_previous_event', 'physical_feasibility_guard', 'predicate']",semantic_triggers,TARGET_OBJECT_DISPLACED,,Empty semantic_triggers collection,PER_TASK,T08:semantic_triggers,T08:semantic_triggers:TARGET_OBJECT_DISPLACED,G-MEASUREMENT;G-SCOPE,AUTHOR_AND_VERIFY,Task-grounded predicate and feasibility guard; earliest/latest steps and spacing>=10; actual monitor/observation provenance,catalog_complete;semantic_schedule;fresh_event_observation,primary_absent_trigger,PER_TASK_ALL_TEN_IMPLEMENTATION_CONFLICT,cope_benchmark/repeated_v2/task_catalog.py:259,research/repeated_v2_formal_readiness_20260906/CURRENT_PREFLIGHT.txt,78da922e4dbd1411f1aa91846b88fc5d621be4856faf76cd87ca864eeeb0348c
GAP-0642,8,KITCHEN_SCENE8_put_both_moka_pots_on_the_stove,"task 8: invalid semantic trigger TEMPORARY_NO_GO_APPEARS: BLOCKED_TASK_CATALOG_GAP: missing trigger fields ['earliest_policy_step', 'latest_policy_step', 'min_steps_since_previous_event', 'physical_feasibility_guard', 'predicate']",semantic_triggers,TEMPORARY_NO_GO_APPEARS,,Empty semantic_triggers collection,PER_TASK,T08:semantic_triggers,T08:semantic_triggers:TEMPORARY_NO_GO_APPEARS,G-MEASUREMENT;G-SCOPE,AUTHOR_AND_VERIFY,Task-grounded predicate and feasibility guard; earliest/latest steps and spacing>=10; actual monitor/observation provenance,catalog_complete;semantic_schedule;fresh_event_observation,primary_absent_trigger,PER_TASK_ALL_TEN_IMPLEMENTATION_CONFLICT,cope_benchmark/repeated_v2/task_catalog.py:259,research/repeated_v2_formal_readiness_20260906/CURRENT_PREFLIGHT.txt,78da922e4dbd1411f1aa91846b88fc5d621be4856faf76cd87ca864eeeb0348c
GAP-0643,8,KITCHEN_SCENE8_put_both_moka_pots_on_the_stove,"task 8: invalid semantic trigger TEMPORARY_NO_GO_CLEARS: BLOCKED_TASK_CATALOG_GAP: missing trigger fields ['earliest_policy_step', 'latest_policy_step', 'min_steps_since_previous_event', 'physical_feasibility_guard', 'predicate']",semantic_triggers,TEMPORARY_NO_GO_CLEARS,,Empty semantic_triggers collection,PER_TASK,T08:semantic_triggers,T08:semantic_triggers:TEMPORARY_NO_GO_CLEARS,G-MEASUREMENT;G-SCOPE,AUTHOR_AND_VERIFY,Task-grounded predicate and feasibility guard; earliest/latest steps and spacing>=10; actual monitor/observation provenance,catalog_complete;semantic_schedule;fresh_event_observation,primary_absent_trigger,PER_TASK_ALL_TEN_IMPLEMENTATION_CONFLICT,cope_benchmark/repeated_v2/task_catalog.py:259,research/repeated_v2_formal_readiness_20260906/CURRENT_PREFLIGHT.txt,78da922e4dbd1411f1aa91846b88fc5d621be4856faf76cd87ca864eeeb0348c
GAP-0644,8,KITCHEN_SCENE8_put_both_moka_pots_on_the_stove,"task 8: invalid semantic trigger TOOL_OR_TARGET_AVAILABLE_AGAIN: BLOCKED_TASK_CATALOG_GAP: missing trigger fields ['earliest_policy_step', 'latest_policy_step', 'min_steps_since_previous_event', 'physical_feasibility_guard', 'predicate']",semantic_triggers,TOOL_OR_TARGET_AVAILABLE_AGAIN,,Empty semantic_triggers collection,PER_TASK,T08:semantic_triggers,T08:semantic_triggers:TOOL_OR_TARGET_AVAILABLE_AGAIN,G-MEASUREMENT;G-SCOPE,AUTHOR_AND_VERIFY,Task-grounded predicate and feasibility guard; earliest/latest steps and spacing>=10; actual monitor/observation provenance,catalog_complete;semantic_schedule;fresh_event_observation,primary_absent_trigger,PER_TASK_ALL_TEN_IMPLEMENTATION_CONFLICT,cope_benchmark/repeated_v2/task_catalog.py:259,research/repeated_v2_formal_readiness_20260906/CURRENT_PREFLIGHT.txt,78da922e4dbd1411f1aa91846b88fc5d621be4856faf76cd87ca864eeeb0348c
GAP-0645,8,KITCHEN_SCENE8_put_both_moka_pots_on_the_stove,"task 8: invalid semantic trigger TOOL_OR_TARGET_TEMPORARILY_UNAVAILABLE: BLOCKED_TASK_CATALOG_GAP: missing trigger fields ['earliest_policy_step', 'latest_policy_step', 'min_steps_since_previous_event', 'physical_feasibility_guard', 'predicate']",semantic_triggers,TOOL_OR_TARGET_TEMPORARILY_UNAVAILABLE,,Empty semantic_triggers collection,PER_TASK,T08:semantic_triggers,T08:semantic_triggers:TOOL_OR_TARGET_TEMPORARILY_UNAVAILABLE,G-MEASUREMENT;G-SCOPE,AUTHOR_AND_VERIFY,Task-grounded predicate and feasibility guard; earliest/latest steps and spacing>=10; actual monitor/observation provenance,catalog_complete;semantic_schedule;fresh_event_observation,primary_absent_trigger,PER_TASK_ALL_TEN_IMPLEMENTATION_CONFLICT,cope_benchmark/repeated_v2/task_catalog.py:259,research/repeated_v2_formal_readiness_20260906/CURRENT_PREFLIGHT.txt,78da922e4dbd1411f1aa91846b88fc5d621be4856faf76cd87ca864eeeb0348c
GAP-0646,8,KITCHEN_SCENE8_put_both_moka_pots_on_the_stove,"task 8: invalid semantic trigger USER_ADDS_PERSISTENT_PREFERENCE: BLOCKED_TASK_CATALOG_GAP: missing trigger fields ['earliest_policy_step', 'latest_policy_step', 'min_steps_since_previous_event', 'physical_feasibility_guard', 'predicate']",semantic_triggers,USER_ADDS_PERSISTENT_PREFERENCE,,Empty semantic_triggers collection,PER_TASK,T08:semantic_triggers,T08:semantic_triggers:USER_ADDS_PERSISTENT_PREFERENCE,G-MEASUREMENT;G-SCOPE,AUTHOR_AND_VERIFY,Task-grounded predicate and feasibility guard; earliest/latest steps and spacing>=10; actual monitor/observation provenance,catalog_complete;semantic_schedule;fresh_event_observation,primary_absent_trigger,PER_TASK_ALL_TEN_IMPLEMENTATION_CONFLICT,cope_benchmark/repeated_v2/task_catalog.py:259,research/repeated_v2_formal_readiness_20260906/CURRENT_PREFLIGHT.txt,78da922e4dbd1411f1aa91846b88fc5d621be4856faf76cd87ca864eeeb0348c
GAP-0647,8,KITCHEN_SCENE8_put_both_moka_pots_on_the_stove,"task 8: invalid semantic trigger USER_CANCELS_ACTIVE_GOAL: BLOCKED_TASK_CATALOG_GAP: missing trigger fields ['earliest_policy_step', 'latest_policy_step', 'min_steps_since_previous_event', 'physical_feasibility_guard', 'predicate']",semantic_triggers,USER_CANCELS_ACTIVE_GOAL,,Empty semantic_triggers collection,PER_TASK,T08:semantic_triggers,T08:semantic_triggers:USER_CANCELS_ACTIVE_GOAL,G-MEASUREMENT;G-SCOPE,AUTHOR_AND_VERIFY,Task-grounded predicate and feasibility guard; earliest/latest steps and spacing>=10; actual monitor/observation provenance,catalog_complete;semantic_schedule;fresh_event_observation,primary_absent_trigger,PER_TASK_ALL_TEN_IMPLEMENTATION_CONFLICT,cope_benchmark/repeated_v2/task_catalog.py:259,research/repeated_v2_formal_readiness_20260906/CURRENT_PREFLIGHT.txt,78da922e4dbd1411f1aa91846b88fc5d621be4856faf76cd87ca864eeeb0348c
GAP-0648,8,KITCHEN_SCENE8_put_both_moka_pots_on_the_stove,"task 8: invalid semantic trigger USER_REISSUES_RETIRED_GOAL: BLOCKED_TASK_CATALOG_GAP: missing trigger fields ['earliest_policy_step', 'latest_policy_step', 'min_steps_since_previous_event', 'physical_feasibility_guard', 'predicate']",semantic_triggers,USER_REISSUES_RETIRED_GOAL,,Empty semantic_triggers collection,PER_TASK,T08:semantic_triggers,T08:semantic_triggers:USER_REISSUES_RETIRED_GOAL,G-MEASUREMENT;G-SCOPE,AUTHOR_AND_VERIFY,Task-grounded predicate and feasibility guard; earliest/latest steps and spacing>=10; actual monitor/observation provenance,catalog_complete;semantic_schedule;fresh_event_observation,primary_absent_trigger,PER_TASK_ALL_TEN_IMPLEMENTATION_CONFLICT,cope_benchmark/repeated_v2/task_catalog.py:259,research/repeated_v2_formal_readiness_20260906/CURRENT_PREFLIGHT.txt,78da922e4dbd1411f1aa91846b88fc5d621be4856faf76cd87ca864eeeb0348c
GAP-0649,8,KITCHEN_SCENE8_put_both_moka_pots_on_the_stove,"task 8: invalid semantic trigger USER_REPLACES_ACTIVE_GOAL: BLOCKED_TASK_CATALOG_GAP: missing trigger fields ['earliest_policy_step', 'latest_policy_step', 'min_steps_since_previous_event', 'physical_feasibility_guard', 'predicate']",semantic_triggers,USER_REPLACES_ACTIVE_GOAL,,Empty semantic_triggers collection,PER_TASK,T08:semantic_triggers,T08:semantic_triggers:USER_REPLACES_ACTIVE_GOAL,G-MEASUREMENT;G-SCOPE,AUTHOR_AND_VERIFY,Task-grounded predicate and feasibility guard; earliest/latest steps and spacing>=10; actual monitor/observation provenance,catalog_complete;semantic_schedule;fresh_event_observation,primary_absent_trigger,PER_TASK_ALL_TEN_IMPLEMENTATION_CONFLICT,cope_benchmark/repeated_v2/task_catalog.py:259,research/repeated_v2_formal_readiness_20260906/CURRENT_PREFLIGHT.txt,78da922e4dbd1411f1aa91846b88fc5d621be4856faf76cd87ca864eeeb0348c
GAP-0650,8,KITCHEN_SCENE8_put_both_moka_pots_on_the_stove,task 8: invalid semantic trigger window GOAL_RECEPTACLE_OR_GROUNDING_CHANGED,semantic_triggers,GOAL_RECEPTACLE_OR_GROUNDING_CHANGED,,Empty semantic_triggers collection,PER_TASK,T08:semantic_triggers,T08:semantic_triggers:GOAL_RECEPTACLE_OR_GROUNDING_CHANGED,G-MEASUREMENT;G-SCOPE,AUTHOR_AND_VERIFY,Task-grounded predicate and feasibility guard; earliest/latest steps and spacing>=10; actual monitor/observation provenance,catalog_complete;semantic_schedule;fresh_event_observation,same_absent_trigger_window_cascade,PER_TASK_ALL_TEN_IMPLEMENTATION_CONFLICT,cope_benchmark/repeated_v2/task_catalog.py:266,research/repeated_v2_formal_readiness_20260906/CURRENT_PREFLIGHT.txt,78da922e4dbd1411f1aa91846b88fc5d621be4856faf76cd87ca864eeeb0348c
GAP-0651,8,KITCHEN_SCENE8_put_both_moka_pots_on_the_stove,task 8: invalid semantic trigger window TARGET_OBJECT_DISPLACED,semantic_triggers,TARGET_OBJECT_DISPLACED,,Empty semantic_triggers collection,PER_TASK,T08:semantic_triggers,T08:semantic_triggers:TARGET_OBJECT_DISPLACED,G-MEASUREMENT;G-SCOPE,AUTHOR_AND_VERIFY,Task-grounded predicate and feasibility guard; earliest/latest steps and spacing>=10; actual monitor/observation provenance,catalog_complete;semantic_schedule;fresh_event_observation,same_absent_trigger_window_cascade,PER_TASK_ALL_TEN_IMPLEMENTATION_CONFLICT,cope_benchmark/repeated_v2/task_catalog.py:266,research/repeated_v2_formal_readiness_20260906/CURRENT_PREFLIGHT.txt,78da922e4dbd1411f1aa91846b88fc5d621be4856faf76cd87ca864eeeb0348c
GAP-0652,8,KITCHEN_SCENE8_put_both_moka_pots_on_the_stove,task 8: invalid semantic trigger window TEMPORARY_NO_GO_APPEARS,semantic_triggers,TEMPORARY_NO_GO_APPEARS,,Empty semantic_triggers collection,PER_TASK,T08:semantic_triggers,T08:semantic_triggers:TEMPORARY_NO_GO_APPEARS,G-MEASUREMENT;G-SCOPE,AUTHOR_AND_VERIFY,Task-grounded predicate and feasibility guard; earliest/latest steps and spacing>=10; actual monitor/observation provenance,catalog_complete;semantic_schedule;fresh_event_observation,same_absent_trigger_window_cascade,PER_TASK_ALL_TEN_IMPLEMENTATION_CONFLICT,cope_benchmark/repeated_v2/task_catalog.py:266,research/repeated_v2_formal_readiness_20260906/CURRENT_PREFLIGHT.txt,78da922e4dbd1411f1aa91846b88fc5d621be4856faf76cd87ca864eeeb0348c
GAP-0653,8,KITCHEN_SCENE8_put_both_moka_pots_on_the_stove,task 8: invalid semantic trigger window TEMPORARY_NO_GO_CLEARS,semantic_triggers,TEMPORARY_NO_GO_CLEARS,,Empty semantic_triggers collection,PER_TASK,T08:semantic_triggers,T08:semantic_triggers:TEMPORARY_NO_GO_CLEARS,G-MEASUREMENT;G-SCOPE,AUTHOR_AND_VERIFY,Task-grounded predicate and feasibility guard; earliest/latest steps and spacing>=10; actual monitor/observation provenance,catalog_complete;semantic_schedule;fresh_event_observation,same_absent_trigger_window_cascade,PER_TASK_ALL_TEN_IMPLEMENTATION_CONFLICT,cope_benchmark/repeated_v2/task_catalog.py:266,research/repeated_v2_formal_readiness_20260906/CURRENT_PREFLIGHT.txt,78da922e4dbd1411f1aa91846b88fc5d621be4856faf76cd87ca864eeeb0348c
GAP-0654,8,KITCHEN_SCENE8_put_both_moka_pots_on_the_stove,task 8: invalid semantic trigger window TOOL_OR_TARGET_AVAILABLE_AGAIN,semantic_triggers,TOOL_OR_TARGET_AVAILABLE_AGAIN,,Empty semantic_triggers collection,PER_TASK,T08:semantic_triggers,T08:semantic_triggers:TOOL_OR_TARGET_AVAILABLE_AGAIN,G-MEASUREMENT;G-SCOPE,AUTHOR_AND_VERIFY,Task-grounded predicate and feasibility guard; earliest/latest steps and spacing>=10; actual monitor/observation provenance,catalog_complete;semantic_schedule;fresh_event_observation,same_absent_trigger_window_cascade,PER_TASK_ALL_TEN_IMPLEMENTATION_CONFLICT,cope_benchmark/repeated_v2/task_catalog.py:266,research/repeated_v2_formal_readiness_20260906/CURRENT_PREFLIGHT.txt,78da922e4dbd1411f1aa91846b88fc5d621be4856faf76cd87ca864eeeb0348c
GAP-0655,8,KITCHEN_SCENE8_put_both_moka_pots_on_the_stove,task 8: invalid semantic trigger window TOOL_OR_TARGET_TEMPORARILY_UNAVAILABLE,semantic_triggers,TOOL_OR_TARGET_TEMPORARILY_UNAVAILABLE,,Empty semantic_triggers collection,PER_TASK,T08:semantic_triggers,T08:semantic_triggers:TOOL_OR_TARGET_TEMPORARILY_UNAVAILABLE,G-MEASUREMENT;G-SCOPE,AUTHOR_AND_VERIFY,Task-grounded predicate and feasibility guard; earliest/latest steps and spacing>=10; actual monitor/observation provenance,catalog_complete;semantic_schedule;fresh_event_observation,same_absent_trigger_window_cascade,PER_TASK_ALL_TEN_IMPLEMENTATION_CONFLICT,cope_benchmark/repeated_v2/task_catalog.py:266,research/repeated_v2_formal_readiness_20260906/CURRENT_PREFLIGHT.txt,78da922e4dbd1411f1aa91846b88fc5d621be4856faf76cd87ca864eeeb0348c
GAP-0656,8,KITCHEN_SCENE8_put_both_moka_pots_on_the_stove,task 8: invalid semantic trigger window USER_ADDS_PERSISTENT_PREFERENCE,semantic_triggers,USER_ADDS_PERSISTENT_PREFERENCE,,Empty semantic_triggers collection,PER_TASK,T08:semantic_triggers,T08:semantic_triggers:USER_ADDS_PERSISTENT_PREFERENCE,G-MEASUREMENT;G-SCOPE,AUTHOR_AND_VERIFY,Task-grounded predicate and feasibility guard; earliest/latest steps and spacing>=10; actual monitor/observation provenance,catalog_complete;semantic_schedule;fresh_event_observation,same_absent_trigger_window_cascade,PER_TASK_ALL_TEN_IMPLEMENTATION_CONFLICT,cope_benchmark/repeated_v2/task_catalog.py:266,research/repeated_v2_formal_readiness_20260906/CURRENT_PREFLIGHT.txt,78da922e4dbd1411f1aa91846b88fc5d621be4856faf76cd87ca864eeeb0348c
GAP-0657,8,KITCHEN_SCENE8_put_both_moka_pots_on_the_stove,task 8: invalid semantic trigger window USER_CANCELS_ACTIVE_GOAL,semantic_triggers,USER_CANCELS_ACTIVE_GOAL,,Empty semantic_triggers collection,PER_TASK,T08:semantic_triggers,T08:semantic_triggers:USER_CANCELS_ACTIVE_GOAL,G-MEASUREMENT;G-SCOPE,AUTHOR_AND_VERIFY,Task-grounded predicate and feasibility guard; earliest/latest steps and spacing>=10; actual monitor/observation provenance,catalog_complete;semantic_schedule;fresh_event_observation,same_absent_trigger_window_cascade,PER_TASK_ALL_TEN_IMPLEMENTATION_CONFLICT,cope_benchmark/repeated_v2/task_catalog.py:266,research/repeated_v2_formal_readiness_20260906/CURRENT_PREFLIGHT.txt,78da922e4dbd1411f1aa91846b88fc5d621be4856faf76cd87ca864eeeb0348c
GAP-0658,8,KITCHEN_SCENE8_put_both_moka_pots_on_the_stove,task 8: invalid semantic trigger window USER_REISSUES_RETIRED_GOAL,semantic_triggers,USER_REISSUES_RETIRED_GOAL,,Empty semantic_triggers collection,PER_TASK,T08:semantic_triggers,T08:semantic_triggers:USER_REISSUES_RETIRED_GOAL,G-MEASUREMENT;G-SCOPE,AUTHOR_AND_VERIFY,Task-grounded predicate and feasibility guard; earliest/latest steps and spacing>=10; actual monitor/observation provenance,catalog_complete;semantic_schedule;fresh_event_observation,same_absent_trigger_window_cascade,PER_TASK_ALL_TEN_IMPLEMENTATION_CONFLICT,cope_benchmark/repeated_v2/task_catalog.py:266,research/repeated_v2_formal_readiness_20260906/CURRENT_PREFLIGHT.txt,78da922e4dbd1411f1aa91846b88fc5d621be4856faf76cd87ca864eeeb0348c
GAP-0659,8,KITCHEN_SCENE8_put_both_moka_pots_on_the_stove,task 8: invalid semantic trigger window USER_REPLACES_ACTIVE_GOAL,semantic_triggers,USER_REPLACES_ACTIVE_GOAL,,Empty semantic_triggers collection,PER_TASK,T08:semantic_triggers,T08:semantic_triggers:USER_REPLACES_ACTIVE_GOAL,G-MEASUREMENT;G-SCOPE,AUTHOR_AND_VERIFY,Task-grounded predicate and feasibility guard; earliest/latest steps and spacing>=10; actual monitor/observation provenance,catalog_complete;semantic_schedule;fresh_event_observation,same_absent_trigger_window_cascade,PER_TASK_ALL_TEN_IMPLEMENTATION_CONFLICT,cope_benchmark/repeated_v2/task_catalog.py:266,research/repeated_v2_formal_readiness_20260906/CURRENT_PREFLIGHT.txt,78da922e4dbd1411f1aa91846b88fc5d621be4856faf76cd87ca864eeeb0348c
GAP-0660,8,KITCHEN_SCENE8_put_both_moka_pots_on_the_stove,task 8: missing alternative_valid_goals,alternative_valid_goals,,,Alternative valid goals absent and unresolved,PER_TASK,T08:alternative_valid_goals,T08:alternative_valid_goals,G-MEASUREMENT;G-SCOPE,SOURCE_GROUNDED_AUTHORING_THEN_VERIFY,Feasible task-valid family/predicate/arguments/source_ref records and verifier grounding; no invented alternatives,catalog_complete;goal_replacement_semantics,empty_required_semantic_field,DEPENDS_ON_REQUIRED_REPLACEMENT_VARIANTS,cope_benchmark/repeated_v2/task_catalog.py:213,research/repeated_v2_formal_readiness_20260906/CURRENT_PREFLIGHT.txt,78da922e4dbd1411f1aa91846b88fc5d621be4856faf76cd87ca864eeeb0348c
GAP-0661,8,KITCHEN_SCENE8_put_both_moka_pots_on_the_stove,task 8: missing certified safe event injection poses/regions GOAL_RECEPTACLE_OR_GROUNDING_CHANGED,safe_event_injections,GOAL_RECEPTACLE_OR_GROUNDING_CHANGED,,Empty safe-event intervention collection,PER_TASK,T08:safe_event_injections,T08:safe_event_injections:GOAL_RECEPTACLE_OR_GROUNDING_CHANGED,G-MEASUREMENT;G-SCOPE,AUTHOR_AND_MEASURE,"Alias-bound entity, explicit safe pose or region, hashed evidence; held-object rules and unaffected progress checked",catalog_complete;physical_intervention_safety,primary_absent_intervention_certificate,PER_TASK_ALL_TEN_IMPLEMENTATION_CONFLICT,cope_benchmark/repeated_v2/task_catalog.py:269,research/repeated_v2_formal_readiness_20260906/CURRENT_PREFLIGHT.txt,78da922e4dbd1411f1aa91846b88fc5d621be4856faf76cd87ca864eeeb0348c
GAP-0662,8,KITCHEN_SCENE8_put_both_moka_pots_on_the_stove,task 8: missing certified safe event injection poses/regions TARGET_OBJECT_DISPLACED,safe_event_injections,TARGET_OBJECT_DISPLACED,,Empty safe-event intervention collection,PER_TASK,T08:safe_event_injections,T08:safe_event_injections:TARGET_OBJECT_DISPLACED,G-MEASUREMENT;G-SCOPE,AUTHOR_AND_MEASURE,"Alias-bound entity, explicit safe pose or region, hashed evidence; held-object rules and unaffected progress checked",catalog_complete;physical_intervention_safety,primary_absent_intervention_certificate,PER_TASK_ALL_TEN_IMPLEMENTATION_CONFLICT,cope_benchmark/repeated_v2/task_catalog.py:269,research/repeated_v2_formal_readiness_20260906/CURRENT_PREFLIGHT.txt,78da922e4dbd1411f1aa91846b88fc5d621be4856faf76cd87ca864eeeb0348c
GAP-0663,8,KITCHEN_SCENE8_put_both_moka_pots_on_the_stove,task 8: missing certified safe event injection poses/regions TEMPORARY_NO_GO_APPEARS,safe_event_injections,TEMPORARY_NO_GO_APPEARS,,Empty safe-event intervention collection,PER_TASK,T08:safe_event_injections,T08:safe_event_injections:TEMPORARY_NO_GO_APPEARS,G-MEASUREMENT;G-SCOPE,AUTHOR_AND_MEASURE,"Alias-bound entity, explicit safe pose or region, hashed evidence; held-object rules and unaffected progress checked",catalog_complete;physical_intervention_safety,primary_absent_intervention_certificate,PER_TASK_ALL_TEN_IMPLEMENTATION_CONFLICT,cope_benchmark/repeated_v2/task_catalog.py:269,research/repeated_v2_formal_readiness_20260906/CURRENT_PREFLIGHT.txt,78da922e4dbd1411f1aa91846b88fc5d621be4856faf76cd87ca864eeeb0348c
GAP-0664,8,KITCHEN_SCENE8_put_both_moka_pots_on_the_stove,task 8: missing certified safe event injection poses/regions TEMPORARY_NO_GO_CLEARS,safe_event_injections,TEMPORARY_NO_GO_CLEARS,,Empty safe-event intervention collection,PER_TASK,T08:safe_event_injections,T08:safe_event_injections:TEMPORARY_NO_GO_CLEARS,G-MEASUREMENT;G-SCOPE,AUTHOR_AND_MEASURE,"Alias-bound entity, explicit safe pose or region, hashed evidence; held-object rules and unaffected progress checked",catalog_complete;physical_intervention_safety,primary_absent_intervention_certificate,PER_TASK_ALL_TEN_IMPLEMENTATION_CONFLICT,cope_benchmark/repeated_v2/task_catalog.py:269,research/repeated_v2_formal_readiness_20260906/CURRENT_PREFLIGHT.txt,78da922e4dbd1411f1aa91846b88fc5d621be4856faf76cd87ca864eeeb0348c
GAP-0665,8,KITCHEN_SCENE8_put_both_moka_pots_on_the_stove,task 8: missing certified safe event injection poses/regions TOOL_OR_TARGET_AVAILABLE_AGAIN,safe_event_injections,TOOL_OR_TARGET_AVAILABLE_AGAIN,,Empty safe-event intervention collection,PER_TASK,T08:safe_event_injections,T08:safe_event_injections:TOOL_OR_TARGET_AVAILABLE_AGAIN,G-MEASUREMENT;G-SCOPE,AUTHOR_AND_MEASURE,"Alias-bound entity, explicit safe pose or region, hashed evidence; held-object rules and unaffected progress checked",catalog_complete;physical_intervention_safety,primary_absent_intervention_certificate,PER_TASK_ALL_TEN_IMPLEMENTATION_CONFLICT,cope_benchmark/repeated_v2/task_catalog.py:269,research/repeated_v2_formal_readiness_20260906/CURRENT_PREFLIGHT.txt,78da922e4dbd1411f1aa91846b88fc5d621be4856faf76cd87ca864eeeb0348c
GAP-0666,8,KITCHEN_SCENE8_put_both_moka_pots_on_the_stove,task 8: missing certified safe event injection poses/regions TOOL_OR_TARGET_TEMPORARILY_UNAVAILABLE,safe_event_injections,TOOL_OR_TARGET_TEMPORARILY_UNAVAILABLE,,Empty safe-event intervention collection,PER_TASK,T08:safe_event_injections,T08:safe_event_injections:TOOL_OR_TARGET_TEMPORARILY_UNAVAILABLE,G-MEASUREMENT;G-SCOPE,AUTHOR_AND_MEASURE,"Alias-bound entity, explicit safe pose or region, hashed evidence; held-object rules and unaffected progress checked",catalog_complete;physical_intervention_safety,primary_absent_intervention_certificate,PER_TASK_ALL_TEN_IMPLEMENTATION_CONFLICT,cope_benchmark/repeated_v2/task_catalog.py:269,research/repeated_v2_formal_readiness_20260906/CURRENT_PREFLIGHT.txt,78da922e4dbd1411f1aa91846b88fc5d621be4856faf76cd87ca864eeeb0348c
GAP-0667,8,KITCHEN_SCENE8_put_both_moka_pots_on_the_stove,task 8: missing hard_safety_constraints,hard_safety_constraints,,,Task hard requirements absent and unresolved,PER_TASK,T08:hard_safety_constraints,T08:hard_safety_constraints,G-MEASUREMENT;G-RUNTIME,SOURCE_GROUNDED_AUTHORING_THEN_VERIFY,Grounded hard requirements and verifier bindings consistent with real task geometry/interventions; no copied defaults,catalog_complete;sealed_hard_requirement_evaluation,empty_required_semantic_field,NO_SCOPE_CHANGE_ASSUMED,cope_benchmark/repeated_v2/task_catalog.py:213,research/repeated_v2_formal_readiness_20260906/CURRENT_PREFLIGHT.txt,78da922e4dbd1411f1aa91846b88fc5d621be4856faf76cd87ca864eeeb0348c
GAP-0668,8,KITCHEN_SCENE8_put_both_moka_pots_on_the_stove,task 8: missing initial state digest 0,initial_state_digests,,0,Five-state initial-state hash pack absent,PER_TASK,T08:initial_state_digests,T08:initial_state_digests,G-ASSETS,CONDITIONAL_AUTOMATIC_FROM_AUTHENTIC_BYTES,"Exact states0..4 and serialization/source/version binding, yielding five SHA256 receipts; authentic source-asset availability was not audited here",catalog_complete;calibration_state_binding;manifest_identity,distinct_hash_receipt_in_task_pack,NO_SCOPE_CHANGE_ASSUMED,cope_benchmark/repeated_v2/task_catalog.py:250,research/repeated_v2_formal_readiness_20260906/CURRENT_PREFLIGHT.txt,78da922e4dbd1411f1aa91846b88fc5d621be4856faf76cd87ca864eeeb0348c
GAP-0669,8,KITCHEN_SCENE8_put_both_moka_pots_on_the_stove,task 8: missing initial state digest 1,initial_state_digests,,1,Five-state initial-state hash pack absent,PER_TASK,T08:initial_state_digests,T08:initial_state_digests,G-ASSETS,CONDITIONAL_AUTOMATIC_FROM_AUTHENTIC_BYTES,"Exact states0..4 and serialization/source/version binding, yielding five SHA256 receipts; authentic source-asset availability was not audited here",catalog_complete;calibration_state_binding;manifest_identity,distinct_hash_receipt_in_task_pack,NO_SCOPE_CHANGE_ASSUMED,cope_benchmark/repeated_v2/task_catalog.py:250,research/repeated_v2_formal_readiness_20260906/CURRENT_PREFLIGHT.txt,78da922e4dbd1411f1aa91846b88fc5d621be4856faf76cd87ca864eeeb0348c
GAP-0670,8,KITCHEN_SCENE8_put_both_moka_pots_on_the_stove,task 8: missing initial state digest 2,initial_state_digests,,2,Five-state initial-state hash pack absent,PER_TASK,T08:initial_state_digests,T08:initial_state_digests,G-ASSETS,CONDITIONAL_AUTOMATIC_FROM_AUTHENTIC_BYTES,"Exact states0..4 and serialization/source/version binding, yielding five SHA256 receipts; authentic source-asset availability was not audited here",catalog_complete;calibration_state_binding;manifest_identity,distinct_hash_receipt_in_task_pack,NO_SCOPE_CHANGE_ASSUMED,cope_benchmark/repeated_v2/task_catalog.py:250,research/repeated_v2_formal_readiness_20260906/CURRENT_PREFLIGHT.txt,78da922e4dbd1411f1aa91846b88fc5d621be4856faf76cd87ca864eeeb0348c
GAP-0671,8,KITCHEN_SCENE8_put_both_moka_pots_on_the_stove,task 8: missing initial state digest 3,initial_state_digests,,3,Five-state initial-state hash pack absent,PER_TASK,T08:initial_state_digests,T08:initial_state_digests,G-ASSETS,CONDITIONAL_AUTOMATIC_FROM_AUTHENTIC_BYTES,"Exact states0..4 and serialization/source/version binding, yielding five SHA256 receipts; authentic source-asset availability was not audited here",catalog_complete;calibration_state_binding;manifest_identity,distinct_hash_receipt_in_task_pack,NO_SCOPE_CHANGE_ASSUMED,cope_benchmark/repeated_v2/task_catalog.py:250,research/repeated_v2_formal_readiness_20260906/CURRENT_PREFLIGHT.txt,78da922e4dbd1411f1aa91846b88fc5d621be4856faf76cd87ca864eeeb0348c
GAP-0672,8,KITCHEN_SCENE8_put_both_moka_pots_on_the_stove,task 8: missing initial state digest 4,initial_state_digests,,4,Five-state initial-state hash pack absent,PER_TASK,T08:initial_state_digests,T08:initial_state_digests,G-ASSETS,CONDITIONAL_AUTOMATIC_FROM_AUTHENTIC_BYTES,"Exact states0..4 and serialization/source/version binding, yielding five SHA256 receipts; authentic source-asset availability was not audited here",catalog_complete;calibration_state_binding;manifest_identity,distinct_hash_receipt_in_task_pack,NO_SCOPE_CHANGE_ASSUMED,cope_benchmark/repeated_v2/task_catalog.py:250,research/repeated_v2_formal_readiness_20260906/CURRENT_PREFLIGHT.txt,78da922e4dbd1411f1aa91846b88fc5d621be4856faf76cd87ca864eeeb0348c
GAP-0673,8,KITCHEN_SCENE8_put_both_moka_pots_on_the_stove,task 8: missing planner_compiler_metadata,planner_compiler_metadata,,,Task compiler grounding metadata absent and unresolved,PER_TASK,T08:planner_compiler_metadata,T08:planner_compiler_metadata,G-RUNTIME;G-MEASUREMENT,BIND_IMPLEMENTATION_AND_VERIFY,Explicit supported predicate/operator/skill/instruction bindings; preserve accepted omissions and corruption; no canonical-truth repair,catalog_complete;pure_common_compiler;neutral_backend,empty_required_semantic_field,NO_SCOPE_CHANGE_ASSUMED,cope_benchmark/repeated_v2/task_catalog.py:213,research/repeated_v2_formal_readiness_20260906/CURRENT_PREFLIGHT.txt,78da922e4dbd1411f1aa91846b88fc5d621be4856faf76cd87ca864eeeb0348c
GAP-0674,8,KITCHEN_SCENE8_put_both_moka_pots_on_the_stove,task 8: missing replaceable_goal_families,replaceable_goal_families,,,Replaceable family map absent and unresolved,PER_TASK,T08:replaceable_goal_families,T08:replaceable_goal_families,G-MEASUREMENT;G-SCOPE,SOURCE_GROUNDED_AUTHORING_THEN_VERIFY,Explicit family IDs already present in initial goals; supported replacement/retirement/reissue semantics,catalog_complete;goal_lifecycle_semantics,empty_required_semantic_field,DEPENDS_ON_REQUIRED_REPLACEMENT_VARIANTS,cope_benchmark/repeated_v2/task_catalog.py:213,research/repeated_v2_formal_readiness_20260906/CURRENT_PREFLIGHT.txt,78da922e4dbd1411f1aa91846b88fc5d621be4856faf76cd87ca864eeeb0348c
GAP-0675,8,KITCHEN_SCENE8_put_both_moka_pots_on_the_stove,task 8: missing semantic trigger/guard GOAL_RECEPTACLE_OR_GROUNDING_CHANGED,semantic_triggers,GOAL_RECEPTACLE_OR_GROUNDING_CHANGED,,Empty semantic_triggers collection,PER_TASK,T08:semantic_triggers,T08:semantic_triggers:GOAL_RECEPTACLE_OR_GROUNDING_CHANGED,G-MEASUREMENT;G-SCOPE,AUTHOR_AND_VERIFY,Task-grounded predicate and feasibility guard; earliest/latest steps and spacing>=10; actual monitor/observation provenance,catalog_complete;semantic_schedule;fresh_event_observation,same_absent_trigger_guard_cascade,PER_TASK_ALL_TEN_IMPLEMENTATION_CONFLICT,cope_benchmark/repeated_v2/task_catalog.py:264,research/repeated_v2_formal_readiness_20260906/CURRENT_PREFLIGHT.txt,78da922e4dbd1411f1aa91846b88fc5d621be4856faf76cd87ca864eeeb0348c
GAP-0676,8,KITCHEN_SCENE8_put_both_moka_pots_on_the_stove,task 8: missing semantic trigger/guard TARGET_OBJECT_DISPLACED,semantic_triggers,TARGET_OBJECT_DISPLACED,,Empty semantic_triggers collection,PER_TASK,T08:semantic_triggers,T08:semantic_triggers:TARGET_OBJECT_DISPLACED,G-MEASUREMENT;G-SCOPE,AUTHOR_AND_VERIFY,Task-grounded predicate and feasibility guard; earliest/latest steps and spacing>=10; actual monitor/observation provenance,catalog_complete;semantic_schedule;fresh_event_observation,same_absent_trigger_guard_cascade,PER_TASK_ALL_TEN_IMPLEMENTATION_CONFLICT,cope_benchmark/repeated_v2/task_catalog.py:264,research/repeated_v2_formal_readiness_20260906/CURRENT_PREFLIGHT.txt,78da922e4dbd1411f1aa91846b88fc5d621be4856faf76cd87ca864eeeb0348c
GAP-0677,8,KITCHEN_SCENE8_put_both_moka_pots_on_the_stove,task 8: missing semantic trigger/guard TEMPORARY_NO_GO_APPEARS,semantic_triggers,TEMPORARY_NO_GO_APPEARS,,Empty semantic_triggers collection,PER_TASK,T08:semantic_triggers,T08:semantic_triggers:TEMPORARY_NO_GO_APPEARS,G-MEASUREMENT;G-SCOPE,AUTHOR_AND_VERIFY,Task-grounded predicate and feasibility guard; earliest/latest steps and spacing>=10; actual monitor/observation provenance,catalog_complete;semantic_schedule;fresh_event_observation,same_absent_trigger_guard_cascade,PER_TASK_ALL_TEN_IMPLEMENTATION_CONFLICT,cope_benchmark/repeated_v2/task_catalog.py:264,research/repeated_v2_formal_readiness_20260906/CURRENT_PREFLIGHT.txt,78da922e4dbd1411f1aa91846b88fc5d621be4856faf76cd87ca864eeeb0348c
GAP-0678,8,KITCHEN_SCENE8_put_both_moka_pots_on_the_stove,task 8: missing semantic trigger/guard TEMPORARY_NO_GO_CLEARS,semantic_triggers,TEMPORARY_NO_GO_CLEARS,,Empty semantic_triggers collection,PER_TASK,T08:semantic_triggers,T08:semantic_triggers:TEMPORARY_NO_GO_CLEARS,G-MEASUREMENT;G-SCOPE,AUTHOR_AND_VERIFY,Task-grounded predicate and feasibility guard; earliest/latest steps and spacing>=10; actual monitor/observation provenance,catalog_complete;semantic_schedule;fresh_event_observation,same_absent_trigger_guard_cascade,PER_TASK_ALL_TEN_IMPLEMENTATION_CONFLICT,cope_benchmark/repeated_v2/task_catalog.py:264,research/repeated_v2_formal_readiness_20260906/CURRENT_PREFLIGHT.txt,78da922e4dbd1411f1aa91846b88fc5d621be4856faf76cd87ca864eeeb0348c
GAP-0679,8,KITCHEN_SCENE8_put_both_moka_pots_on_the_stove,task 8: missing semantic trigger/guard TOOL_OR_TARGET_AVAILABLE_AGAIN,semantic_triggers,TOOL_OR_TARGET_AVAILABLE_AGAIN,,Empty semantic_triggers collection,PER_TASK,T08:semantic_triggers,T08:semantic_triggers:TOOL_OR_TARGET_AVAILABLE_AGAIN,G-MEASUREMENT;G-SCOPE,AUTHOR_AND_VERIFY,Task-grounded predicate and feasibility guard; earliest/latest steps and spacing>=10; actual monitor/observation provenance,catalog_complete;semantic_schedule;fresh_event_observation,same_absent_trigger_guard_cascade,PER_TASK_ALL_TEN_IMPLEMENTATION_CONFLICT,cope_benchmark/repeated_v2/task_catalog.py:264,research/repeated_v2_formal_readiness_20260906/CURRENT_PREFLIGHT.txt,78da922e4dbd1411f1aa91846b88fc5d621be4856faf76cd87ca864eeeb0348c
GAP-0680,8,KITCHEN_SCENE8_put_both_moka_pots_on_the_stove,task 8: missing semantic trigger/guard TOOL_OR_TARGET_TEMPORARILY_UNAVAILABLE,semantic_triggers,TOOL_OR_TARGET_TEMPORARILY_UNAVAILABLE,,Empty semantic_triggers collection,PER_TASK,T08:semantic_triggers,T08:semantic_triggers:TOOL_OR_TARGET_TEMPORARILY_UNAVAILABLE,G-MEASUREMENT;G-SCOPE,AUTHOR_AND_VERIFY,Task-grounded predicate and feasibility guard; earliest/latest steps and spacing>=10; actual monitor/observation provenance,catalog_complete;semantic_schedule;fresh_event_observation,same_absent_trigger_guard_cascade,PER_TASK_ALL_TEN_IMPLEMENTATION_CONFLICT,cope_benchmark/repeated_v2/task_catalog.py:264,research/repeated_v2_formal_readiness_20260906/CURRENT_PREFLIGHT.txt,78da922e4dbd1411f1aa91846b88fc5d621be4856faf76cd87ca864eeeb0348c
GAP-0681,8,KITCHEN_SCENE8_put_both_moka_pots_on_the_stove,task 8: missing semantic trigger/guard USER_ADDS_PERSISTENT_PREFERENCE,semantic_triggers,USER_ADDS_PERSISTENT_PREFERENCE,,Empty semantic_triggers collection,PER_TASK,T08:semantic_triggers,T08:semantic_triggers:USER_ADDS_PERSISTENT_PREFERENCE,G-MEASUREMENT;G-SCOPE,AUTHOR_AND_VERIFY,Task-grounded predicate and feasibility guard; earliest/latest steps and spacing>=10; actual monitor/observation provenance,catalog_complete;semantic_schedule;fresh_event_observation,same_absent_trigger_guard_cascade,PER_TASK_ALL_TEN_IMPLEMENTATION_CONFLICT,cope_benchmark/repeated_v2/task_catalog.py:264,research/repeated_v2_formal_readiness_20260906/CURRENT_PREFLIGHT.txt,78da922e4dbd1411f1aa91846b88fc5d621be4856faf76cd87ca864eeeb0348c
GAP-0682,8,KITCHEN_SCENE8_put_both_moka_pots_on_the_stove,task 8: missing semantic trigger/guard USER_CANCELS_ACTIVE_GOAL,semantic_triggers,USER_CANCELS_ACTIVE_GOAL,,Empty semantic_triggers collection,PER_TASK,T08:semantic_triggers,T08:semantic_triggers:USER_CANCELS_ACTIVE_GOAL,G-MEASUREMENT;G-SCOPE,AUTHOR_AND_VERIFY,Task-grounded predicate and feasibility guard; earliest/latest steps and spacing>=10; actual monitor/observation provenance,catalog_complete;semantic_schedule;fresh_event_observation,same_absent_trigger_guard_cascade,PER_TASK_ALL_TEN_IMPLEMENTATION_CONFLICT,cope_benchmark/repeated_v2/task_catalog.py:264,research/repeated_v2_formal_readiness_20260906/CURRENT_PREFLIGHT.txt,78da922e4dbd1411f1aa91846b88fc5d621be4856faf76cd87ca864eeeb0348c
GAP-0683,8,KITCHEN_SCENE8_put_both_moka_pots_on_the_stove,task 8: missing semantic trigger/guard USER_REISSUES_RETIRED_GOAL,semantic_triggers,USER_REISSUES_RETIRED_GOAL,,Empty semantic_triggers collection,PER_TASK,T08:semantic_triggers,T08:semantic_triggers:USER_REISSUES_RETIRED_GOAL,G-MEASUREMENT;G-SCOPE,AUTHOR_AND_VERIFY,Task-grounded predicate and feasibility guard; earliest/latest steps and spacing>=10; actual monitor/observation provenance,catalog_complete;semantic_schedule;fresh_event_observation,same_absent_trigger_guard_cascade,PER_TASK_ALL_TEN_IMPLEMENTATION_CONFLICT,cope_benchmark/repeated_v2/task_catalog.py:264,research/repeated_v2_formal_readiness_20260906/CURRENT_PREFLIGHT.txt,78da922e4dbd1411f1aa91846b88fc5d621be4856faf76cd87ca864eeeb0348c
GAP-0684,8,KITCHEN_SCENE8_put_both_moka_pots_on_the_stove,task 8: missing semantic trigger/guard USER_REPLACES_ACTIVE_GOAL,semantic_triggers,USER_REPLACES_ACTIVE_GOAL,,Empty semantic_triggers collection,PER_TASK,T08:semantic_triggers,T08:semantic_triggers:USER_REPLACES_ACTIVE_GOAL,G-MEASUREMENT;G-SCOPE,AUTHOR_AND_VERIFY,Task-grounded predicate and feasibility guard; earliest/latest steps and spacing>=10; actual monitor/observation provenance,catalog_complete;semantic_schedule;fresh_event_observation,same_absent_trigger_guard_cascade,PER_TASK_ALL_TEN_IMPLEMENTATION_CONFLICT,cope_benchmark/repeated_v2/task_catalog.py:264,research/repeated_v2_formal_readiness_20260906/CURRENT_PREFLIGHT.txt,78da922e4dbd1411f1aa91846b88fc5d621be4856faf76cd87ca864eeeb0348c
GAP-0685,8,KITCHEN_SCENE8_put_both_moka_pots_on_the_stove,task 8: missing soft_preference_templates,soft_preference_templates,,,Persistent preference templates absent and unresolved,PER_TASK,T08:soft_preference_templates,T08:soft_preference_templates,G-MEASUREMENT;G-RUNTIME,SOURCE_GROUNDED_AUTHORING_THEN_VERIFY,Task-valid public preference templates with persistence scope and separately sealed scoring semantics,catalog_complete;persistent_preference_event,empty_required_semantic_field,NO_SCOPE_CHANGE_ASSUMED,cope_benchmark/repeated_v2/task_catalog.py:213,research/repeated_v2_formal_readiness_20260906/CURRENT_PREFLIGHT.txt,78da922e4dbd1411f1aa91846b88fc5d621be4856faf76cd87ca864eeeb0348c
GAP-0686,8,KITCHEN_SCENE8_put_both_moka_pots_on_the_stove,task 8: no verified preservable milestone,structural_and_milestones,,,No structural/milestone evidence dossier; BDDL predicates are candidates only,PER_TASK,T08:structural_and_milestones,T08:structural_and_milestones,G-MEASUREMENT,AUTHOR_AND_MEASURE_NO_AUTOFILL,"Four structural decisions with evidence_refs; >=2 distinct independently verifiable milestones, >=1 preservable; task5 needs a valid second milestone or documented ineligibility",catalog_complete;structural_task_eligibility;progress_preservation,structural_checks_share_task_dossier,NO_SCOPE_CHANGE_ASSUMED,cope_benchmark/repeated_v2/task_catalog.py:241,research/repeated_v2_formal_readiness_20260906/CURRENT_PREFLIGHT.txt,78da922e4dbd1411f1aa91846b88fc5d621be4856faf76cd87ca864eeeb0348c
GAP-0687,8,KITCHEN_SCENE8_put_both_moka_pots_on_the_stove,task 8: unresolved alternative_valid_goals,alternative_valid_goals,,,Alternative valid goals absent and unresolved,PER_TASK,T08:alternative_valid_goals,T08:alternative_valid_goals,G-MEASUREMENT;G-SCOPE,SOURCE_GROUNDED_AUTHORING_THEN_VERIFY,Feasible task-valid family/predicate/arguments/source_ref records and verifier grounding; no invented alternatives,catalog_complete;goal_replacement_semantics,collection_unresolved_marker,DEPENDS_ON_REQUIRED_REPLACEMENT_VARIANTS,cope_benchmark/repeated_v2/task_catalog.py:211,research/repeated_v2_formal_readiness_20260906/CURRENT_PREFLIGHT.txt,78da922e4dbd1411f1aa91846b88fc5d621be4856faf76cd87ca864eeeb0348c
GAP-0688,8,KITCHEN_SCENE8_put_both_moka_pots_on_the_stove,task 8: unresolved calibration_records,calibration_records,,,Zero authentic v2 calibration records; identity-cardinality errors are empty-set cascades,PER_TASK,T08:calibration_records,T08:calibration_records,G-POLICY;G-RUNTIME,MEASURE_OR_RECOVER_AUTHENTIC_EVIDENCE,"10 clean learned/nonprivileged outcomes per task: states0..4 x seeds101,131; horizon260; terminal outcome including failures; shared policy/checkpoint/protocol; unique raw trace hashes",catalog_complete;clean_policy_calibration;task_eligibility,collection_unresolved_marker,NO_SCOPE_CHANGE_ASSUMED,cope_benchmark/repeated_v2/task_catalog.py:211,research/repeated_v2_formal_readiness_20260906/CURRENT_PREFLIGHT.txt,78da922e4dbd1411f1aa91846b88fc5d621be4856faf76cd87ca864eeeb0348c
GAP-0689,8,KITCHEN_SCENE8_put_both_moka_pots_on_the_stove,task 8: unresolved event_feasibility,event_feasibility,,,Empty event_feasibility collection,PER_TASK,T08:event_feasibility,T08:event_feasibility:TARGET_OBJECT_DISPLACED;T08:event_feasibility:GOAL_RECEPTACLE_OR_GROUNDING_CHANGED;T08:event_feasibility:TEMPORARY_NO_GO_APPEARS;T08:event_feasibility:TEMPORARY_NO_GO_CLEARS;T08:event_feasibility:USER_ADDS_PERSISTENT_PREFERENCE;T08:event_feasibility:TOOL_OR_TARGET_TEMPORARILY_UNAVAILABLE;T08:event_feasibility:TOOL_OR_TARGET_AVAILABLE_AGAIN;T08:event_feasibility:USER_REPLACES_ACTIVE_GOAL;T08:event_feasibility:USER_CANCELS_ACTIVE_GOAL;T08:event_feasibility:USER_REISSUES_RETIRED_GOAL,G-MEASUREMENT;G-SCOPE,MEASURE_OR_RECOVER_AUTHENTIC_EVIDENCE,"Explicit passed true/false, evidence_refs and covered_state_ids0..4 for each applicable task/family under current code; real simulator/safety evidence",catalog_complete;event_feasibility;task_eligibility,collection_unresolved_marker,PER_TASK_ALL_TEN_IMPLEMENTATION_CONFLICT,cope_benchmark/repeated_v2/task_catalog.py:211,research/repeated_v2_formal_readiness_20260906/CURRENT_PREFLIGHT.txt,78da922e4dbd1411f1aa91846b88fc5d621be4856faf76cd87ca864eeeb0348c
GAP-0690,8,KITCHEN_SCENE8_put_both_moka_pots_on_the_stove,task 8: unresolved hard_safety_constraints,hard_safety_constraints,,,Task hard requirements absent and unresolved,PER_TASK,T08:hard_safety_constraints,T08:hard_safety_constraints,G-MEASUREMENT;G-RUNTIME,SOURCE_GROUNDED_AUTHORING_THEN_VERIFY,Grounded hard requirements and verifier bindings consistent with real task geometry/interventions; no copied defaults,catalog_complete;sealed_hard_requirement_evaluation,collection_unresolved_marker,NO_SCOPE_CHANGE_ASSUMED,cope_benchmark/repeated_v2/task_catalog.py:211,research/repeated_v2_formal_readiness_20260906/CURRENT_PREFLIGHT.txt,78da922e4dbd1411f1aa91846b88fc5d621be4856faf76cd87ca864eeeb0348c
GAP-0691,8,KITCHEN_SCENE8_put_both_moka_pots_on_the_stove,task 8: unresolved initial_state_digests,initial_state_digests,,,Five-state initial-state hash pack absent,PER_TASK,T08:initial_state_digests,T08:initial_state_digests,G-ASSETS,CONDITIONAL_AUTOMATIC_FROM_AUTHENTIC_BYTES,"Exact states0..4 and serialization/source/version binding, yielding five SHA256 receipts; authentic source-asset availability was not audited here",catalog_complete;calibration_state_binding;manifest_identity,collection_unresolved_marker,NO_SCOPE_CHANGE_ASSUMED,cope_benchmark/repeated_v2/task_catalog.py:211,research/repeated_v2_formal_readiness_20260906/CURRENT_PREFLIGHT.txt,78da922e4dbd1411f1aa91846b88fc5d621be4856faf76cd87ca864eeeb0348c
GAP-0692,8,KITCHEN_SCENE8_put_both_moka_pots_on_the_stove,task 8: unresolved maintenance_invariants,maintenance_invariants,,,Maintenance semantics unresolved; empty list does not prove none apply,PER_TASK,T08:maintenance_invariants,T08:maintenance_invariants,G-MEASUREMENT,SOURCE_GROUNDED_AUTHORING_THEN_VERIFY,Identify unaffected achievements/continuous maintenance requirements or certify empty semantics where allowed; evidence must precede clearing unresolved marker,catalog_complete;unaffected_progress_preservation,collection_unresolved_marker,NO_SCOPE_CHANGE_ASSUMED,cope_benchmark/repeated_v2/task_catalog.py:211,research/repeated_v2_formal_readiness_20260906/CURRENT_PREFLIGHT.txt,78da922e4dbd1411f1aa91846b88fc5d621be4856faf76cd87ca864eeeb0348c
GAP-0693,8,KITCHEN_SCENE8_put_both_moka_pots_on_the_stove,task 8: unresolved planner_compiler_metadata,planner_compiler_metadata,,,Task compiler grounding metadata absent and unresolved,PER_TASK,T08:planner_compiler_metadata,T08:planner_compiler_metadata,G-RUNTIME;G-MEASUREMENT,BIND_IMPLEMENTATION_AND_VERIFY,Explicit supported predicate/operator/skill/instruction bindings; preserve accepted omissions and corruption; no canonical-truth repair,catalog_complete;pure_common_compiler;neutral_backend,collection_unresolved_marker,NO_SCOPE_CHANGE_ASSUMED,cope_benchmark/repeated_v2/task_catalog.py:211,research/repeated_v2_formal_readiness_20260906/CURRENT_PREFLIGHT.txt,78da922e4dbd1411f1aa91846b88fc5d621be4856faf76cd87ca864eeeb0348c
GAP-0694,8,KITCHEN_SCENE8_put_both_moka_pots_on_the_stove,task 8: unresolved replaceable_goal_families,replaceable_goal_families,,,Replaceable family map absent and unresolved,PER_TASK,T08:replaceable_goal_families,T08:replaceable_goal_families,G-MEASUREMENT;G-SCOPE,SOURCE_GROUNDED_AUTHORING_THEN_VERIFY,Explicit family IDs already present in initial goals; supported replacement/retirement/reissue semantics,catalog_complete;goal_lifecycle_semantics,collection_unresolved_marker,DEPENDS_ON_REQUIRED_REPLACEMENT_VARIANTS,cope_benchmark/repeated_v2/task_catalog.py:211,research/repeated_v2_formal_readiness_20260906/CURRENT_PREFLIGHT.txt,78da922e4dbd1411f1aa91846b88fc5d621be4856faf76cd87ca864eeeb0348c
GAP-0695,8,KITCHEN_SCENE8_put_both_moka_pots_on_the_stove,task 8: unresolved safe_event_injection_poses,safe_event_injections,,,Empty safe-event intervention collection,PER_TASK,T08:safe_event_injections,T08:safe_event_injections:TARGET_OBJECT_DISPLACED;T08:safe_event_injections:GOAL_RECEPTACLE_OR_GROUNDING_CHANGED;T08:safe_event_injections:TEMPORARY_NO_GO_APPEARS;T08:safe_event_injections:TEMPORARY_NO_GO_CLEARS;T08:safe_event_injections:TOOL_OR_TARGET_TEMPORARILY_UNAVAILABLE;T08:safe_event_injections:TOOL_OR_TARGET_AVAILABLE_AGAIN,G-MEASUREMENT;G-SCOPE,AUTHOR_AND_MEASURE,"Alias-bound entity, explicit safe pose or region, hashed evidence; held-object rules and unaffected progress checked",catalog_complete;physical_intervention_safety,collection_unresolved_marker,PER_TASK_ALL_TEN_IMPLEMENTATION_CONFLICT,cope_benchmark/repeated_v2/task_catalog.py:211,research/repeated_v2_formal_readiness_20260906/CURRENT_PREFLIGHT.txt,78da922e4dbd1411f1aa91846b88fc5d621be4856faf76cd87ca864eeeb0348c
GAP-0696,8,KITCHEN_SCENE8_put_both_moka_pots_on_the_stove,task 8: unresolved semantic_triggers,semantic_triggers,,,Empty semantic_triggers collection,PER_TASK,T08:semantic_triggers,T08:semantic_triggers:TARGET_OBJECT_DISPLACED;T08:semantic_triggers:GOAL_RECEPTACLE_OR_GROUNDING_CHANGED;T08:semantic_triggers:TEMPORARY_NO_GO_APPEARS;T08:semantic_triggers:TEMPORARY_NO_GO_CLEARS;T08:semantic_triggers:USER_ADDS_PERSISTENT_PREFERENCE;T08:semantic_triggers:TOOL_OR_TARGET_TEMPORARILY_UNAVAILABLE;T08:semantic_triggers:TOOL_OR_TARGET_AVAILABLE_AGAIN;T08:semantic_triggers:USER_REPLACES_ACTIVE_GOAL;T08:semantic_triggers:USER_CANCELS_ACTIVE_GOAL;T08:semantic_triggers:USER_REISSUES_RETIRED_GOAL,G-MEASUREMENT;G-SCOPE,AUTHOR_AND_VERIFY,Task-grounded predicate and feasibility guard; earliest/latest steps and spacing>=10; actual monitor/observation provenance,catalog_complete;semantic_schedule;fresh_event_observation,collection_unresolved_marker,PER_TASK_ALL_TEN_IMPLEMENTATION_CONFLICT,cope_benchmark/repeated_v2/task_catalog.py:211,research/repeated_v2_formal_readiness_20260906/CURRENT_PREFLIGHT.txt,78da922e4dbd1411f1aa91846b88fc5d621be4856faf76cd87ca864eeeb0348c
GAP-0697,8,KITCHEN_SCENE8_put_both_moka_pots_on_the_stove,task 8: unresolved soft_preference_templates,soft_preference_templates,,,Persistent preference templates absent and unresolved,PER_TASK,T08:soft_preference_templates,T08:soft_preference_templates,G-MEASUREMENT;G-RUNTIME,SOURCE_GROUNDED_AUTHORING_THEN_VERIFY,Task-valid public preference templates with persistence scope and separately sealed scoring semantics,catalog_complete;persistent_preference_event,collection_unresolved_marker,NO_SCOPE_CHANGE_ASSUMED,cope_benchmark/repeated_v2/task_catalog.py:211,research/repeated_v2_formal_readiness_20260906/CURRENT_PREFLIGHT.txt,78da922e4dbd1411f1aa91846b88fc5d621be4856faf76cd87ca864eeeb0348c
GAP-0698,8,KITCHEN_SCENE8_put_both_moka_pots_on_the_stove,task 8: unresolved structural_checks,structural_and_milestones,,,No structural/milestone evidence dossier; BDDL predicates are candidates only,PER_TASK,T08:structural_and_milestones,T08:structural_and_milestones,G-MEASUREMENT,AUTHOR_AND_MEASURE_NO_AUTOFILL,"Four structural decisions with evidence_refs; >=2 distinct independently verifiable milestones, >=1 preservable; task5 needs a valid second milestone or documented ineligibility",catalog_complete;structural_task_eligibility;progress_preservation,collection_unresolved_marker,NO_SCOPE_CHANGE_ASSUMED,cope_benchmark/repeated_v2/task_catalog.py:211,research/repeated_v2_formal_readiness_20260906/CURRENT_PREFLIGHT.txt,78da922e4dbd1411f1aa91846b88fc5d621be4856faf76cd87ca864eeeb0348c
GAP-0699,8,KITCHEN_SCENE8_put_both_moka_pots_on_the_stove,task 8: unresolved supported_event_families,supported_event_families,,,No task support declaration; validator demands all ten per task,PER_TASK,T08:supported_event_families,T08:supported_event_families,G-SCOPE;G-MEASUREMENT,REQUIRES_SCOPE_DECISION_AND_EVIDENCE,Actual task-specific supported/unsupported family map; explicit review of all-ten validator conflict; never copy global library as support evidence,catalog_complete;task_eligibility;schedule_support,collection_unresolved_marker,PER_TASK_ALL_TEN_IMPLEMENTATION_CONFLICT,cope_benchmark/repeated_v2/task_catalog.py:211,research/repeated_v2_formal_readiness_20260906/CURRENT_PREFLIGHT.txt,78da922e4dbd1411f1aa91846b88fc5d621be4856faf76cd87ca864eeeb0348c
GAP-0700,8,KITCHEN_SCENE8_put_both_moka_pots_on_the_stove,task 8: unverified event feasibility GOAL_RECEPTACLE_OR_GROUNDING_CHANGED,event_feasibility,GOAL_RECEPTACLE_OR_GROUNDING_CHANGED,,Empty event_feasibility collection,PER_TASK,T08:event_feasibility,T08:event_feasibility:GOAL_RECEPTACLE_OR_GROUNDING_CHANGED,G-MEASUREMENT;G-SCOPE,MEASURE_OR_RECOVER_AUTHENTIC_EVIDENCE,"Explicit passed true/false, evidence_refs and covered_state_ids0..4 for each applicable task/family under current code; real simulator/safety evidence",catalog_complete;event_feasibility;task_eligibility,primary_absent_family_certificate,PER_TASK_ALL_TEN_IMPLEMENTATION_CONFLICT,cope_benchmark/repeated_v2/task_catalog.py:255,research/repeated_v2_formal_readiness_20260906/CURRENT_PREFLIGHT.txt,78da922e4dbd1411f1aa91846b88fc5d621be4856faf76cd87ca864eeeb0348c
GAP-0701,8,KITCHEN_SCENE8_put_both_moka_pots_on_the_stove,task 8: unverified event feasibility TARGET_OBJECT_DISPLACED,event_feasibility,TARGET_OBJECT_DISPLACED,,Empty event_feasibility collection,PER_TASK,T08:event_feasibility,T08:event_feasibility:TARGET_OBJECT_DISPLACED,G-MEASUREMENT;G-SCOPE,MEASURE_OR_RECOVER_AUTHENTIC_EVIDENCE,"Explicit passed true/false, evidence_refs and covered_state_ids0..4 for each applicable task/family under current code; real simulator/safety evidence",catalog_complete;event_feasibility;task_eligibility,primary_absent_family_certificate,PER_TASK_ALL_TEN_IMPLEMENTATION_CONFLICT,cope_benchmark/repeated_v2/task_catalog.py:255,research/repeated_v2_formal_readiness_20260906/CURRENT_PREFLIGHT.txt,78da922e4dbd1411f1aa91846b88fc5d621be4856faf76cd87ca864eeeb0348c
GAP-0702,8,KITCHEN_SCENE8_put_both_moka_pots_on_the_stove,task 8: unverified event feasibility TEMPORARY_NO_GO_APPEARS,event_feasibility,TEMPORARY_NO_GO_APPEARS,,Empty event_feasibility collection,PER_TASK,T08:event_feasibility,T08:event_feasibility:TEMPORARY_NO_GO_APPEARS,G-MEASUREMENT;G-SCOPE,MEASURE_OR_RECOVER_AUTHENTIC_EVIDENCE,"Explicit passed true/false, evidence_refs and covered_state_ids0..4 for each applicable task/family under current code; real simulator/safety evidence",catalog_complete;event_feasibility;task_eligibility,primary_absent_family_certificate,PER_TASK_ALL_TEN_IMPLEMENTATION_CONFLICT,cope_benchmark/repeated_v2/task_catalog.py:255,research/repeated_v2_formal_readiness_20260906/CURRENT_PREFLIGHT.txt,78da922e4dbd1411f1aa91846b88fc5d621be4856faf76cd87ca864eeeb0348c
GAP-0703,8,KITCHEN_SCENE8_put_both_moka_pots_on_the_stove,task 8: unverified event feasibility TEMPORARY_NO_GO_CLEARS,event_feasibility,TEMPORARY_NO_GO_CLEARS,,Empty event_feasibility collection,PER_TASK,T08:event_feasibility,T08:event_feasibility:TEMPORARY_NO_GO_CLEARS,G-MEASUREMENT;G-SCOPE,MEASURE_OR_RECOVER_AUTHENTIC_EVIDENCE,"Explicit passed true/false, evidence_refs and covered_state_ids0..4 for each applicable task/family under current code; real simulator/safety evidence",catalog_complete;event_feasibility;task_eligibility,primary_absent_family_certificate,PER_TASK_ALL_TEN_IMPLEMENTATION_CONFLICT,cope_benchmark/repeated_v2/task_catalog.py:255,research/repeated_v2_formal_readiness_20260906/CURRENT_PREFLIGHT.txt,78da922e4dbd1411f1aa91846b88fc5d621be4856faf76cd87ca864eeeb0348c
GAP-0704,8,KITCHEN_SCENE8_put_both_moka_pots_on_the_stove,task 8: unverified event feasibility TOOL_OR_TARGET_AVAILABLE_AGAIN,event_feasibility,TOOL_OR_TARGET_AVAILABLE_AGAIN,,Empty event_feasibility collection,PER_TASK,T08:event_feasibility,T08:event_feasibility:TOOL_OR_TARGET_AVAILABLE_AGAIN,G-MEASUREMENT;G-SCOPE,MEASURE_OR_RECOVER_AUTHENTIC_EVIDENCE,"Explicit passed true/false, evidence_refs and covered_state_ids0..4 for each applicable task/family under current code; real simulator/safety evidence",catalog_complete;event_feasibility;task_eligibility,primary_absent_family_certificate,PER_TASK_ALL_TEN_IMPLEMENTATION_CONFLICT,cope_benchmark/repeated_v2/task_catalog.py:255,research/repeated_v2_formal_readiness_20260906/CURRENT_PREFLIGHT.txt,78da922e4dbd1411f1aa91846b88fc5d621be4856faf76cd87ca864eeeb0348c
GAP-0705,8,KITCHEN_SCENE8_put_both_moka_pots_on_the_stove,task 8: unverified event feasibility TOOL_OR_TARGET_TEMPORARILY_UNAVAILABLE,event_feasibility,TOOL_OR_TARGET_TEMPORARILY_UNAVAILABLE,,Empty event_feasibility collection,PER_TASK,T08:event_feasibility,T08:event_feasibility:TOOL_OR_TARGET_TEMPORARILY_UNAVAILABLE,G-MEASUREMENT;G-SCOPE,MEASURE_OR_RECOVER_AUTHENTIC_EVIDENCE,"Explicit passed true/false, evidence_refs and covered_state_ids0..4 for each applicable task/family under current code; real simulator/safety evidence",catalog_complete;event_feasibility;task_eligibility,primary_absent_family_certificate,PER_TASK_ALL_TEN_IMPLEMENTATION_CONFLICT,cope_benchmark/repeated_v2/task_catalog.py:255,research/repeated_v2_formal_readiness_20260906/CURRENT_PREFLIGHT.txt,78da922e4dbd1411f1aa91846b88fc5d621be4856faf76cd87ca864eeeb0348c
GAP-0706,8,KITCHEN_SCENE8_put_both_moka_pots_on_the_stove,task 8: unverified event feasibility USER_ADDS_PERSISTENT_PREFERENCE,event_feasibility,USER_ADDS_PERSISTENT_PREFERENCE,,Empty event_feasibility collection,PER_TASK,T08:event_feasibility,T08:event_feasibility:USER_ADDS_PERSISTENT_PREFERENCE,G-MEASUREMENT;G-SCOPE,MEASURE_OR_RECOVER_AUTHENTIC_EVIDENCE,"Explicit passed true/false, evidence_refs and covered_state_ids0..4 for each applicable task/family under current code; real simulator/safety evidence",catalog_complete;event_feasibility;task_eligibility,primary_absent_family_certificate,PER_TASK_ALL_TEN_IMPLEMENTATION_CONFLICT,cope_benchmark/repeated_v2/task_catalog.py:255,research/repeated_v2_formal_readiness_20260906/CURRENT_PREFLIGHT.txt,78da922e4dbd1411f1aa91846b88fc5d621be4856faf76cd87ca864eeeb0348c
GAP-0707,8,KITCHEN_SCENE8_put_both_moka_pots_on_the_stove,task 8: unverified event feasibility USER_CANCELS_ACTIVE_GOAL,event_feasibility,USER_CANCELS_ACTIVE_GOAL,,Empty event_feasibility collection,PER_TASK,T08:event_feasibility,T08:event_feasibility:USER_CANCELS_ACTIVE_GOAL,G-MEASUREMENT;G-SCOPE,MEASURE_OR_RECOVER_AUTHENTIC_EVIDENCE,"Explicit passed true/false, evidence_refs and covered_state_ids0..4 for each applicable task/family under current code; real simulator/safety evidence",catalog_complete;event_feasibility;task_eligibility,primary_absent_family_certificate,PER_TASK_ALL_TEN_IMPLEMENTATION_CONFLICT,cope_benchmark/repeated_v2/task_catalog.py:255,research/repeated_v2_formal_readiness_20260906/CURRENT_PREFLIGHT.txt,78da922e4dbd1411f1aa91846b88fc5d621be4856faf76cd87ca864eeeb0348c
GAP-0708,8,KITCHEN_SCENE8_put_both_moka_pots_on_the_stove,task 8: unverified event feasibility USER_REISSUES_RETIRED_GOAL,event_feasibility,USER_REISSUES_RETIRED_GOAL,,Empty event_feasibility collection,PER_TASK,T08:event_feasibility,T08:event_feasibility:USER_REISSUES_RETIRED_GOAL,G-MEASUREMENT;G-SCOPE,MEASURE_OR_RECOVER_AUTHENTIC_EVIDENCE,"Explicit passed true/false, evidence_refs and covered_state_ids0..4 for each applicable task/family under current code; real simulator/safety evidence",catalog_complete;event_feasibility;task_eligibility,primary_absent_family_certificate,PER_TASK_ALL_TEN_IMPLEMENTATION_CONFLICT,cope_benchmark/repeated_v2/task_catalog.py:255,research/repeated_v2_formal_readiness_20260906/CURRENT_PREFLIGHT.txt,78da922e4dbd1411f1aa91846b88fc5d621be4856faf76cd87ca864eeeb0348c
GAP-0709,8,KITCHEN_SCENE8_put_both_moka_pots_on_the_stove,task 8: unverified event feasibility USER_REPLACES_ACTIVE_GOAL,event_feasibility,USER_REPLACES_ACTIVE_GOAL,,Empty event_feasibility collection,PER_TASK,T08:event_feasibility,T08:event_feasibility:USER_REPLACES_ACTIVE_GOAL,G-MEASUREMENT;G-SCOPE,MEASURE_OR_RECOVER_AUTHENTIC_EVIDENCE,"Explicit passed true/false, evidence_refs and covered_state_ids0..4 for each applicable task/family under current code; real simulator/safety evidence",catalog_complete;event_feasibility;task_eligibility,primary_absent_family_certificate,PER_TASK_ALL_TEN_IMPLEMENTATION_CONFLICT,cope_benchmark/repeated_v2/task_catalog.py:255,research/repeated_v2_formal_readiness_20260906/CURRENT_PREFLIGHT.txt,78da922e4dbd1411f1aa91846b88fc5d621be4856faf76cd87ca864eeeb0348c
GAP-0710,8,KITCHEN_SCENE8_put_both_moka_pots_on_the_stove,task 8: unverified structural check completed_milestone_preservable,structural_and_milestones,,,No structural/milestone evidence dossier; BDDL predicates are candidates only,PER_TASK,T08:structural_and_milestones,T08:structural_and_milestones,G-MEASUREMENT,AUTHOR_AND_MEASURE_NO_AUTOFILL,"Four structural decisions with evidence_refs; >=2 distinct independently verifiable milestones, >=1 preservable; task5 needs a valid second milestone or documented ineligibility",catalog_complete;structural_task_eligibility;progress_preservation,structural_checks_share_task_dossier,NO_SCOPE_CHANGE_ASSUMED,cope_benchmark/repeated_v2/task_catalog.py:246,research/repeated_v2_formal_readiness_20260906/CURRENT_PREFLIGHT.txt,78da922e4dbd1411f1aa91846b88fc5d621be4856faf76cd87ca864eeeb0348c
GAP-0711,8,KITCHEN_SCENE8_put_both_moka_pots_on_the_stove,task 8: unverified structural check cross_skill_requirement_or_persistent_preference,structural_and_milestones,,,No structural/milestone evidence dossier; BDDL predicates are candidates only,PER_TASK,T08:structural_and_milestones,T08:structural_and_milestones,G-MEASUREMENT,AUTHOR_AND_MEASURE_NO_AUTOFILL,"Four structural decisions with evidence_refs; >=2 distinct independently verifiable milestones, >=1 preservable; task5 needs a valid second milestone or documented ineligibility",catalog_complete;structural_task_eligibility;progress_preservation,structural_checks_share_task_dossier,NO_SCOPE_CHANGE_ASSUMED,cope_benchmark/repeated_v2/task_catalog.py:246,research/repeated_v2_formal_readiness_20260906/CURRENT_PREFLIGHT.txt,78da922e4dbd1411f1aa91846b88fc5d621be4856faf76cd87ca864eeeb0348c
GAP-0712,8,KITCHEN_SCENE8_put_both_moka_pots_on_the_stove,task 8: unverified structural check safe_changeable_grounding,structural_and_milestones,,,No structural/milestone evidence dossier; BDDL predicates are candidates only,PER_TASK,T08:structural_and_milestones,T08:structural_and_milestones,G-MEASUREMENT,AUTHOR_AND_MEASURE_NO_AUTOFILL,"Four structural decisions with evidence_refs; >=2 distinct independently verifiable milestones, >=1 preservable; task5 needs a valid second milestone or documented ineligibility",catalog_complete;structural_task_eligibility;progress_preservation,structural_checks_share_task_dossier,NO_SCOPE_CHANGE_ASSUMED,cope_benchmark/repeated_v2/task_catalog.py:246,research/repeated_v2_formal_readiness_20260906/CURRENT_PREFLIGHT.txt,78da922e4dbd1411f1aa91846b88fc5d621be4856faf76cd87ca864eeeb0348c
GAP-0713,8,KITCHEN_SCENE8_put_both_moka_pots_on_the_stove,task 8: unverified structural check two_independently_verifiable_milestones,structural_and_milestones,,,No structural/milestone evidence dossier; BDDL predicates are candidates only,PER_TASK,T08:structural_and_milestones,T08:structural_and_milestones,G-MEASUREMENT,AUTHOR_AND_MEASURE_NO_AUTOFILL,"Four structural decisions with evidence_refs; >=2 distinct independently verifiable milestones, >=1 preservable; task5 needs a valid second milestone or documented ineligibility",catalog_complete;structural_task_eligibility;progress_preservation,structural_checks_share_task_dossier,NO_SCOPE_CHANGE_ASSUMED,cope_benchmark/repeated_v2/task_catalog.py:246,research/repeated_v2_formal_readiness_20260906/CURRENT_PREFLIGHT.txt,78da922e4dbd1411f1aa91846b88fc5d621be4856faf76cd87ca864eeeb0348c
GAP-0714,9,KITCHEN_SCENE6_put_the_yellow_and_white_mug_in_the_microwave_and_close_it,task 9: all ten event families require explicit support/feasibility,supported_event_families,,,No task support declaration; validator demands all ten per task,PER_TASK,T09:supported_event_families,T09:supported_event_families,G-SCOPE;G-MEASUREMENT,REQUIRES_SCOPE_DECISION_AND_EVIDENCE,Actual task-specific supported/unsupported family map; explicit review of all-ten validator conflict; never copy global library as support evidence,catalog_complete;task_eligibility;schedule_support,support_declaration_and_scope_check,PER_TASK_ALL_TEN_IMPLEMENTATION_CONFLICT,cope_benchmark/repeated_v2/task_catalog.py:253,research/repeated_v2_formal_readiness_20260906/CURRENT_PREFLIGHT.txt,78da922e4dbd1411f1aa91846b88fc5d621be4856faf76cd87ca864eeeb0348c
GAP-0715,9,KITCHEN_SCENE6_put_the_yellow_and_white_mug_in_the_microwave_and_close_it,task 9: calibration must use one checkpoint_sha256,calibration_records,,,Zero authentic v2 calibration records; identity-cardinality errors are empty-set cascades,PER_TASK,T09:calibration_records,T09:calibration_records,G-POLICY;G-RUNTIME,MEASURE_OR_RECOVER_AUTHENTIC_EVIDENCE,"10 clean learned/nonprivileged outcomes per task: states0..4 x seeds101,131; horizon260; terminal outcome including failures; shared policy/checkpoint/protocol; unique raw trace hashes",catalog_complete;clean_policy_calibration;task_eligibility,empty_collection_consistency_cascade,NO_SCOPE_CHANGE_ASSUMED,cope_benchmark/repeated_v2/task_calibration.py:175,research/repeated_v2_formal_readiness_20260906/CURRENT_PREFLIGHT.txt,78da922e4dbd1411f1aa91846b88fc5d621be4856faf76cd87ca864eeeb0348c
GAP-0716,9,KITCHEN_SCENE6_put_the_yellow_and_white_mug_in_the_microwave_and_close_it,task 9: calibration must use one policy_id,calibration_records,,,Zero authentic v2 calibration records; identity-cardinality errors are empty-set cascades,PER_TASK,T09:calibration_records,T09:calibration_records,G-POLICY;G-RUNTIME,MEASURE_OR_RECOVER_AUTHENTIC_EVIDENCE,"10 clean learned/nonprivileged outcomes per task: states0..4 x seeds101,131; horizon260; terminal outcome including failures; shared policy/checkpoint/protocol; unique raw trace hashes",catalog_complete;clean_policy_calibration;task_eligibility,empty_collection_consistency_cascade,NO_SCOPE_CHANGE_ASSUMED,cope_benchmark/repeated_v2/task_calibration.py:175,research/repeated_v2_formal_readiness_20260906/CURRENT_PREFLIGHT.txt,78da922e4dbd1411f1aa91846b88fc5d621be4856faf76cd87ca864eeeb0348c
GAP-0717,9,KITCHEN_SCENE6_put_the_yellow_and_white_mug_in_the_microwave_and_close_it,task 9: calibration must use one protocol_sha256,calibration_records,,,Zero authentic v2 calibration records; identity-cardinality errors are empty-set cascades,PER_TASK,T09:calibration_records,T09:calibration_records,G-POLICY;G-RUNTIME,MEASURE_OR_RECOVER_AUTHENTIC_EVIDENCE,"10 clean learned/nonprivileged outcomes per task: states0..4 x seeds101,131; horizon260; terminal outcome including failures; shared policy/checkpoint/protocol; unique raw trace hashes",catalog_complete;clean_policy_calibration;task_eligibility,empty_collection_consistency_cascade,NO_SCOPE_CHANGE_ASSUMED,cope_benchmark/repeated_v2/task_calibration.py:175,research/repeated_v2_formal_readiness_20260906/CURRENT_PREFLIGHT.txt,78da922e4dbd1411f1aa91846b88fc5d621be4856faf76cd87ca864eeeb0348c
GAP-0718,9,KITCHEN_SCENE6_put_the_yellow_and_white_mug_in_the_microwave_and_close_it,task 9: calibration must use one provenance_kind,calibration_records,,,Zero authentic v2 calibration records; identity-cardinality errors are empty-set cascades,PER_TASK,T09:calibration_records,T09:calibration_records,G-POLICY;G-RUNTIME,MEASURE_OR_RECOVER_AUTHENTIC_EVIDENCE,"10 clean learned/nonprivileged outcomes per task: states0..4 x seeds101,131; horizon260; terminal outcome including failures; shared policy/checkpoint/protocol; unique raw trace hashes",catalog_complete;clean_policy_calibration;task_eligibility,empty_collection_consistency_cascade,NO_SCOPE_CHANGE_ASSUMED,cope_benchmark/repeated_v2/task_calibration.py:175,research/repeated_v2_formal_readiness_20260906/CURRENT_PREFLIGHT.txt,78da922e4dbd1411f1aa91846b88fc5d621be4856faf76cd87ca864eeeb0348c
GAP-0719,9,KITCHEN_SCENE6_put_the_yellow_and_white_mug_in_the_microwave_and_close_it,task 9: fewer than two independently verified distinct milestone predicates,structural_and_milestones,,,No structural/milestone evidence dossier; BDDL predicates are candidates only,PER_TASK,T09:structural_and_milestones,T09:structural_and_milestones,G-MEASUREMENT,AUTHOR_AND_MEASURE_NO_AUTOFILL,"Four structural decisions with evidence_refs; >=2 distinct independently verifiable milestones, >=1 preservable; task5 needs a valid second milestone or documented ineligibility",catalog_complete;structural_task_eligibility;progress_preservation,structural_checks_share_task_dossier,NO_SCOPE_CHANGE_ASSUMED,cope_benchmark/repeated_v2/task_catalog.py:238,research/repeated_v2_formal_readiness_20260906/CURRENT_PREFLIGHT.txt,78da922e4dbd1411f1aa91846b88fc5d621be4856faf76cd87ca864eeeb0348c
GAP-0720,9,KITCHEN_SCENE6_put_the_yellow_and_white_mug_in_the_microwave_and_close_it,"task 9: incomplete calibration grid: expected 10 cells, missing [(0, 101), (0, 131), (1, 101), (1, 131), (2, 101), (2, 131), (3, 101), (3, 131), (4, 101), (4, 131)], unexpected []",calibration_records,,,Zero authentic v2 calibration records; identity-cardinality errors are empty-set cascades,PER_TASK,T09:calibration_records,T09:calibration_records,G-POLICY;G-RUNTIME,MEASURE_OR_RECOVER_AUTHENTIC_EVIDENCE,"10 clean learned/nonprivileged outcomes per task: states0..4 x seeds101,131; horizon260; terminal outcome including failures; shared policy/checkpoint/protocol; unique raw trace hashes",catalog_complete;clean_policy_calibration;task_eligibility,primary_absent_grid,NO_SCOPE_CHANGE_ASSUMED,cope_benchmark/repeated_v2/task_calibration.py:173,research/repeated_v2_formal_readiness_20260906/CURRENT_PREFLIGHT.txt,78da922e4dbd1411f1aa91846b88fc5d621be4856faf76cd87ca864eeeb0348c
GAP-0721,9,KITCHEN_SCENE6_put_the_yellow_and_white_mug_in_the_microwave_and_close_it,"task 9: invalid semantic trigger GOAL_RECEPTACLE_OR_GROUNDING_CHANGED: BLOCKED_TASK_CATALOG_GAP: missing trigger fields ['earliest_policy_step', 'latest_policy_step', 'min_steps_since_previous_event', 'physical_feasibility_guard', 'predicate']",semantic_triggers,GOAL_RECEPTACLE_OR_GROUNDING_CHANGED,,Empty semantic_triggers collection,PER_TASK,T09:semantic_triggers,T09:semantic_triggers:GOAL_RECEPTACLE_OR_GROUNDING_CHANGED,G-MEASUREMENT;G-SCOPE,AUTHOR_AND_VERIFY,Task-grounded predicate and feasibility guard; earliest/latest steps and spacing>=10; actual monitor/observation provenance,catalog_complete;semantic_schedule;fresh_event_observation,primary_absent_trigger,PER_TASK_ALL_TEN_IMPLEMENTATION_CONFLICT,cope_benchmark/repeated_v2/task_catalog.py:259,research/repeated_v2_formal_readiness_20260906/CURRENT_PREFLIGHT.txt,78da922e4dbd1411f1aa91846b88fc5d621be4856faf76cd87ca864eeeb0348c
GAP-0722,9,KITCHEN_SCENE6_put_the_yellow_and_white_mug_in_the_microwave_and_close_it,"task 9: invalid semantic trigger TARGET_OBJECT_DISPLACED: BLOCKED_TASK_CATALOG_GAP: missing trigger fields ['earliest_policy_step', 'latest_policy_step', 'min_steps_since_previous_event', 'physical_feasibility_guard', 'predicate']",semantic_triggers,TARGET_OBJECT_DISPLACED,,Empty semantic_triggers collection,PER_TASK,T09:semantic_triggers,T09:semantic_triggers:TARGET_OBJECT_DISPLACED,G-MEASUREMENT;G-SCOPE,AUTHOR_AND_VERIFY,Task-grounded predicate and feasibility guard; earliest/latest steps and spacing>=10; actual monitor/observation provenance,catalog_complete;semantic_schedule;fresh_event_observation,primary_absent_trigger,PER_TASK_ALL_TEN_IMPLEMENTATION_CONFLICT,cope_benchmark/repeated_v2/task_catalog.py:259,research/repeated_v2_formal_readiness_20260906/CURRENT_PREFLIGHT.txt,78da922e4dbd1411f1aa91846b88fc5d621be4856faf76cd87ca864eeeb0348c
GAP-0723,9,KITCHEN_SCENE6_put_the_yellow_and_white_mug_in_the_microwave_and_close_it,"task 9: invalid semantic trigger TEMPORARY_NO_GO_APPEARS: BLOCKED_TASK_CATALOG_GAP: missing trigger fields ['earliest_policy_step', 'latest_policy_step', 'min_steps_since_previous_event', 'physical_feasibility_guard', 'predicate']",semantic_triggers,TEMPORARY_NO_GO_APPEARS,,Empty semantic_triggers collection,PER_TASK,T09:semantic_triggers,T09:semantic_triggers:TEMPORARY_NO_GO_APPEARS,G-MEASUREMENT;G-SCOPE,AUTHOR_AND_VERIFY,Task-grounded predicate and feasibility guard; earliest/latest steps and spacing>=10; actual monitor/observation provenance,catalog_complete;semantic_schedule;fresh_event_observation,primary_absent_trigger,PER_TASK_ALL_TEN_IMPLEMENTATION_CONFLICT,cope_benchmark/repeated_v2/task_catalog.py:259,research/repeated_v2_formal_readiness_20260906/CURRENT_PREFLIGHT.txt,78da922e4dbd1411f1aa91846b88fc5d621be4856faf76cd87ca864eeeb0348c
GAP-0724,9,KITCHEN_SCENE6_put_the_yellow_and_white_mug_in_the_microwave_and_close_it,"task 9: invalid semantic trigger TEMPORARY_NO_GO_CLEARS: BLOCKED_TASK_CATALOG_GAP: missing trigger fields ['earliest_policy_step', 'latest_policy_step', 'min_steps_since_previous_event', 'physical_feasibility_guard', 'predicate']",semantic_triggers,TEMPORARY_NO_GO_CLEARS,,Empty semantic_triggers collection,PER_TASK,T09:semantic_triggers,T09:semantic_triggers:TEMPORARY_NO_GO_CLEARS,G-MEASUREMENT;G-SCOPE,AUTHOR_AND_VERIFY,Task-grounded predicate and feasibility guard; earliest/latest steps and spacing>=10; actual monitor/observation provenance,catalog_complete;semantic_schedule;fresh_event_observation,primary_absent_trigger,PER_TASK_ALL_TEN_IMPLEMENTATION_CONFLICT,cope_benchmark/repeated_v2/task_catalog.py:259,research/repeated_v2_formal_readiness_20260906/CURRENT_PREFLIGHT.txt,78da922e4dbd1411f1aa91846b88fc5d621be4856faf76cd87ca864eeeb0348c
GAP-0725,9,KITCHEN_SCENE6_put_the_yellow_and_white_mug_in_the_microwave_and_close_it,"task 9: invalid semantic trigger TOOL_OR_TARGET_AVAILABLE_AGAIN: BLOCKED_TASK_CATALOG_GAP: missing trigger fields ['earliest_policy_step', 'latest_policy_step', 'min_steps_since_previous_event', 'physical_feasibility_guard', 'predicate']",semantic_triggers,TOOL_OR_TARGET_AVAILABLE_AGAIN,,Empty semantic_triggers collection,PER_TASK,T09:semantic_triggers,T09:semantic_triggers:TOOL_OR_TARGET_AVAILABLE_AGAIN,G-MEASUREMENT;G-SCOPE,AUTHOR_AND_VERIFY,Task-grounded predicate and feasibility guard; earliest/latest steps and spacing>=10; actual monitor/observation provenance,catalog_complete;semantic_schedule;fresh_event_observation,primary_absent_trigger,PER_TASK_ALL_TEN_IMPLEMENTATION_CONFLICT,cope_benchmark/repeated_v2/task_catalog.py:259,research/repeated_v2_formal_readiness_20260906/CURRENT_PREFLIGHT.txt,78da922e4dbd1411f1aa91846b88fc5d621be4856faf76cd87ca864eeeb0348c
GAP-0726,9,KITCHEN_SCENE6_put_the_yellow_and_white_mug_in_the_microwave_and_close_it,"task 9: invalid semantic trigger TOOL_OR_TARGET_TEMPORARILY_UNAVAILABLE: BLOCKED_TASK_CATALOG_GAP: missing trigger fields ['earliest_policy_step', 'latest_policy_step', 'min_steps_since_previous_event', 'physical_feasibility_guard', 'predicate']",semantic_triggers,TOOL_OR_TARGET_TEMPORARILY_UNAVAILABLE,,Empty semantic_triggers collection,PER_TASK,T09:semantic_triggers,T09:semantic_triggers:TOOL_OR_TARGET_TEMPORARILY_UNAVAILABLE,G-MEASUREMENT;G-SCOPE,AUTHOR_AND_VERIFY,Task-grounded predicate and feasibility guard; earliest/latest steps and spacing>=10; actual monitor/observation provenance,catalog_complete;semantic_schedule;fresh_event_observation,primary_absent_trigger,PER_TASK_ALL_TEN_IMPLEMENTATION_CONFLICT,cope_benchmark/repeated_v2/task_catalog.py:259,research/repeated_v2_formal_readiness_20260906/CURRENT_PREFLIGHT.txt,78da922e4dbd1411f1aa91846b88fc5d621be4856faf76cd87ca864eeeb0348c
GAP-0727,9,KITCHEN_SCENE6_put_the_yellow_and_white_mug_in_the_microwave_and_close_it,"task 9: invalid semantic trigger USER_ADDS_PERSISTENT_PREFERENCE: BLOCKED_TASK_CATALOG_GAP: missing trigger fields ['earliest_policy_step', 'latest_policy_step', 'min_steps_since_previous_event', 'physical_feasibility_guard', 'predicate']",semantic_triggers,USER_ADDS_PERSISTENT_PREFERENCE,,Empty semantic_triggers collection,PER_TASK,T09:semantic_triggers,T09:semantic_triggers:USER_ADDS_PERSISTENT_PREFERENCE,G-MEASUREMENT;G-SCOPE,AUTHOR_AND_VERIFY,Task-grounded predicate and feasibility guard; earliest/latest steps and spacing>=10; actual monitor/observation provenance,catalog_complete;semantic_schedule;fresh_event_observation,primary_absent_trigger,PER_TASK_ALL_TEN_IMPLEMENTATION_CONFLICT,cope_benchmark/repeated_v2/task_catalog.py:259,research/repeated_v2_formal_readiness_20260906/CURRENT_PREFLIGHT.txt,78da922e4dbd1411f1aa91846b88fc5d621be4856faf76cd87ca864eeeb0348c
GAP-0728,9,KITCHEN_SCENE6_put_the_yellow_and_white_mug_in_the_microwave_and_close_it,"task 9: invalid semantic trigger USER_CANCELS_ACTIVE_GOAL: BLOCKED_TASK_CATALOG_GAP: missing trigger fields ['earliest_policy_step', 'latest_policy_step', 'min_steps_since_previous_event', 'physical_feasibility_guard', 'predicate']",semantic_triggers,USER_CANCELS_ACTIVE_GOAL,,Empty semantic_triggers collection,PER_TASK,T09:semantic_triggers,T09:semantic_triggers:USER_CANCELS_ACTIVE_GOAL,G-MEASUREMENT;G-SCOPE,AUTHOR_AND_VERIFY,Task-grounded predicate and feasibility guard; earliest/latest steps and spacing>=10; actual monitor/observation provenance,catalog_complete;semantic_schedule;fresh_event_observation,primary_absent_trigger,PER_TASK_ALL_TEN_IMPLEMENTATION_CONFLICT,cope_benchmark/repeated_v2/task_catalog.py:259,research/repeated_v2_formal_readiness_20260906/CURRENT_PREFLIGHT.txt,78da922e4dbd1411f1aa91846b88fc5d621be4856faf76cd87ca864eeeb0348c
GAP-0729,9,KITCHEN_SCENE6_put_the_yellow_and_white_mug_in_the_microwave_and_close_it,"task 9: invalid semantic trigger USER_REISSUES_RETIRED_GOAL: BLOCKED_TASK_CATALOG_GAP: missing trigger fields ['earliest_policy_step', 'latest_policy_step', 'min_steps_since_previous_event', 'physical_feasibility_guard', 'predicate']",semantic_triggers,USER_REISSUES_RETIRED_GOAL,,Empty semantic_triggers collection,PER_TASK,T09:semantic_triggers,T09:semantic_triggers:USER_REISSUES_RETIRED_GOAL,G-MEASUREMENT;G-SCOPE,AUTHOR_AND_VERIFY,Task-grounded predicate and feasibility guard; earliest/latest steps and spacing>=10; actual monitor/observation provenance,catalog_complete;semantic_schedule;fresh_event_observation,primary_absent_trigger,PER_TASK_ALL_TEN_IMPLEMENTATION_CONFLICT,cope_benchmark/repeated_v2/task_catalog.py:259,research/repeated_v2_formal_readiness_20260906/CURRENT_PREFLIGHT.txt,78da922e4dbd1411f1aa91846b88fc5d621be4856faf76cd87ca864eeeb0348c
GAP-0730,9,KITCHEN_SCENE6_put_the_yellow_and_white_mug_in_the_microwave_and_close_it,"task 9: invalid semantic trigger USER_REPLACES_ACTIVE_GOAL: BLOCKED_TASK_CATALOG_GAP: missing trigger fields ['earliest_policy_step', 'latest_policy_step', 'min_steps_since_previous_event', 'physical_feasibility_guard', 'predicate']",semantic_triggers,USER_REPLACES_ACTIVE_GOAL,,Empty semantic_triggers collection,PER_TASK,T09:semantic_triggers,T09:semantic_triggers:USER_REPLACES_ACTIVE_GOAL,G-MEASUREMENT;G-SCOPE,AUTHOR_AND_VERIFY,Task-grounded predicate and feasibility guard; earliest/latest steps and spacing>=10; actual monitor/observation provenance,catalog_complete;semantic_schedule;fresh_event_observation,primary_absent_trigger,PER_TASK_ALL_TEN_IMPLEMENTATION_CONFLICT,cope_benchmark/repeated_v2/task_catalog.py:259,research/repeated_v2_formal_readiness_20260906/CURRENT_PREFLIGHT.txt,78da922e4dbd1411f1aa91846b88fc5d621be4856faf76cd87ca864eeeb0348c
GAP-0731,9,KITCHEN_SCENE6_put_the_yellow_and_white_mug_in_the_microwave_and_close_it,task 9: invalid semantic trigger window GOAL_RECEPTACLE_OR_GROUNDING_CHANGED,semantic_triggers,GOAL_RECEPTACLE_OR_GROUNDING_CHANGED,,Empty semantic_triggers collection,PER_TASK,T09:semantic_triggers,T09:semantic_triggers:GOAL_RECEPTACLE_OR_GROUNDING_CHANGED,G-MEASUREMENT;G-SCOPE,AUTHOR_AND_VERIFY,Task-grounded predicate and feasibility guard; earliest/latest steps and spacing>=10; actual monitor/observation provenance,catalog_complete;semantic_schedule;fresh_event_observation,same_absent_trigger_window_cascade,PER_TASK_ALL_TEN_IMPLEMENTATION_CONFLICT,cope_benchmark/repeated_v2/task_catalog.py:266,research/repeated_v2_formal_readiness_20260906/CURRENT_PREFLIGHT.txt,78da922e4dbd1411f1aa91846b88fc5d621be4856faf76cd87ca864eeeb0348c
GAP-0732,9,KITCHEN_SCENE6_put_the_yellow_and_white_mug_in_the_microwave_and_close_it,task 9: invalid semantic trigger window TARGET_OBJECT_DISPLACED,semantic_triggers,TARGET_OBJECT_DISPLACED,,Empty semantic_triggers collection,PER_TASK,T09:semantic_triggers,T09:semantic_triggers:TARGET_OBJECT_DISPLACED,G-MEASUREMENT;G-SCOPE,AUTHOR_AND_VERIFY,Task-grounded predicate and feasibility guard; earliest/latest steps and spacing>=10; actual monitor/observation provenance,catalog_complete;semantic_schedule;fresh_event_observation,same_absent_trigger_window_cascade,PER_TASK_ALL_TEN_IMPLEMENTATION_CONFLICT,cope_benchmark/repeated_v2/task_catalog.py:266,research/repeated_v2_formal_readiness_20260906/CURRENT_PREFLIGHT.txt,78da922e4dbd1411f1aa91846b88fc5d621be4856faf76cd87ca864eeeb0348c
GAP-0733,9,KITCHEN_SCENE6_put_the_yellow_and_white_mug_in_the_microwave_and_close_it,task 9: invalid semantic trigger window TEMPORARY_NO_GO_APPEARS,semantic_triggers,TEMPORARY_NO_GO_APPEARS,,Empty semantic_triggers collection,PER_TASK,T09:semantic_triggers,T09:semantic_triggers:TEMPORARY_NO_GO_APPEARS,G-MEASUREMENT;G-SCOPE,AUTHOR_AND_VERIFY,Task-grounded predicate and feasibility guard; earliest/latest steps and spacing>=10; actual monitor/observation provenance,catalog_complete;semantic_schedule;fresh_event_observation,same_absent_trigger_window_cascade,PER_TASK_ALL_TEN_IMPLEMENTATION_CONFLICT,cope_benchmark/repeated_v2/task_catalog.py:266,research/repeated_v2_formal_readiness_20260906/CURRENT_PREFLIGHT.txt,78da922e4dbd1411f1aa91846b88fc5d621be4856faf76cd87ca864eeeb0348c
GAP-0734,9,KITCHEN_SCENE6_put_the_yellow_and_white_mug_in_the_microwave_and_close_it,task 9: invalid semantic trigger window TEMPORARY_NO_GO_CLEARS,semantic_triggers,TEMPORARY_NO_GO_CLEARS,,Empty semantic_triggers collection,PER_TASK,T09:semantic_triggers,T09:semantic_triggers:TEMPORARY_NO_GO_CLEARS,G-MEASUREMENT;G-SCOPE,AUTHOR_AND_VERIFY,Task-grounded predicate and feasibility guard; earliest/latest steps and spacing>=10; actual monitor/observation provenance,catalog_complete;semantic_schedule;fresh_event_observation,same_absent_trigger_window_cascade,PER_TASK_ALL_TEN_IMPLEMENTATION_CONFLICT,cope_benchmark/repeated_v2/task_catalog.py:266,research/repeated_v2_formal_readiness_20260906/CURRENT_PREFLIGHT.txt,78da922e4dbd1411f1aa91846b88fc5d621be4856faf76cd87ca864eeeb0348c
GAP-0735,9,KITCHEN_SCENE6_put_the_yellow_and_white_mug_in_the_microwave_and_close_it,task 9: invalid semantic trigger window TOOL_OR_TARGET_AVAILABLE_AGAIN,semantic_triggers,TOOL_OR_TARGET_AVAILABLE_AGAIN,,Empty semantic_triggers collection,PER_TASK,T09:semantic_triggers,T09:semantic_triggers:TOOL_OR_TARGET_AVAILABLE_AGAIN,G-MEASUREMENT;G-SCOPE,AUTHOR_AND_VERIFY,Task-grounded predicate and feasibility guard; earliest/latest steps and spacing>=10; actual monitor/observation provenance,catalog_complete;semantic_schedule;fresh_event_observation,same_absent_trigger_window_cascade,PER_TASK_ALL_TEN_IMPLEMENTATION_CONFLICT,cope_benchmark/repeated_v2/task_catalog.py:266,research/repeated_v2_formal_readiness_20260906/CURRENT_PREFLIGHT.txt,78da922e4dbd1411f1aa91846b88fc5d621be4856faf76cd87ca864eeeb0348c
GAP-0736,9,KITCHEN_SCENE6_put_the_yellow_and_white_mug_in_the_microwave_and_close_it,task 9: invalid semantic trigger window TOOL_OR_TARGET_TEMPORARILY_UNAVAILABLE,semantic_triggers,TOOL_OR_TARGET_TEMPORARILY_UNAVAILABLE,,Empty semantic_triggers collection,PER_TASK,T09:semantic_triggers,T09:semantic_triggers:TOOL_OR_TARGET_TEMPORARILY_UNAVAILABLE,G-MEASUREMENT;G-SCOPE,AUTHOR_AND_VERIFY,Task-grounded predicate and feasibility guard; earliest/latest steps and spacing>=10; actual monitor/observation provenance,catalog_complete;semantic_schedule;fresh_event_observation,same_absent_trigger_window_cascade,PER_TASK_ALL_TEN_IMPLEMENTATION_CONFLICT,cope_benchmark/repeated_v2/task_catalog.py:266,research/repeated_v2_formal_readiness_20260906/CURRENT_PREFLIGHT.txt,78da922e4dbd1411f1aa91846b88fc5d621be4856faf76cd87ca864eeeb0348c
GAP-0737,9,KITCHEN_SCENE6_put_the_yellow_and_white_mug_in_the_microwave_and_close_it,task 9: invalid semantic trigger window USER_ADDS_PERSISTENT_PREFERENCE,semantic_triggers,USER_ADDS_PERSISTENT_PREFERENCE,,Empty semantic_triggers collection,PER_TASK,T09:semantic_triggers,T09:semantic_triggers:USER_ADDS_PERSISTENT_PREFERENCE,G-MEASUREMENT;G-SCOPE,AUTHOR_AND_VERIFY,Task-grounded predicate and feasibility guard; earliest/latest steps and spacing>=10; actual monitor/observation provenance,catalog_complete;semantic_schedule;fresh_event_observation,same_absent_trigger_window_cascade,PER_TASK_ALL_TEN_IMPLEMENTATION_CONFLICT,cope_benchmark/repeated_v2/task_catalog.py:266,research/repeated_v2_formal_readiness_20260906/CURRENT_PREFLIGHT.txt,78da922e4dbd1411f1aa91846b88fc5d621be4856faf76cd87ca864eeeb0348c
GAP-0738,9,KITCHEN_SCENE6_put_the_yellow_and_white_mug_in_the_microwave_and_close_it,task 9: invalid semantic trigger window USER_CANCELS_ACTIVE_GOAL,semantic_triggers,USER_CANCELS_ACTIVE_GOAL,,Empty semantic_triggers collection,PER_TASK,T09:semantic_triggers,T09:semantic_triggers:USER_CANCELS_ACTIVE_GOAL,G-MEASUREMENT;G-SCOPE,AUTHOR_AND_VERIFY,Task-grounded predicate and feasibility guard; earliest/latest steps and spacing>=10; actual monitor/observation provenance,catalog_complete;semantic_schedule;fresh_event_observation,same_absent_trigger_window_cascade,PER_TASK_ALL_TEN_IMPLEMENTATION_CONFLICT,cope_benchmark/repeated_v2/task_catalog.py:266,research/repeated_v2_formal_readiness_20260906/CURRENT_PREFLIGHT.txt,78da922e4dbd1411f1aa91846b88fc5d621be4856faf76cd87ca864eeeb0348c
GAP-0739,9,KITCHEN_SCENE6_put_the_yellow_and_white_mug_in_the_microwave_and_close_it,task 9: invalid semantic trigger window USER_REISSUES_RETIRED_GOAL,semantic_triggers,USER_REISSUES_RETIRED_GOAL,,Empty semantic_triggers collection,PER_TASK,T09:semantic_triggers,T09:semantic_triggers:USER_REISSUES_RETIRED_GOAL,G-MEASUREMENT;G-SCOPE,AUTHOR_AND_VERIFY,Task-grounded predicate and feasibility guard; earliest/latest steps and spacing>=10; actual monitor/observation provenance,catalog_complete;semantic_schedule;fresh_event_observation,same_absent_trigger_window_cascade,PER_TASK_ALL_TEN_IMPLEMENTATION_CONFLICT,cope_benchmark/repeated_v2/task_catalog.py:266,research/repeated_v2_formal_readiness_20260906/CURRENT_PREFLIGHT.txt,78da922e4dbd1411f1aa91846b88fc5d621be4856faf76cd87ca864eeeb0348c
GAP-0740,9,KITCHEN_SCENE6_put_the_yellow_and_white_mug_in_the_microwave_and_close_it,task 9: invalid semantic trigger window USER_REPLACES_ACTIVE_GOAL,semantic_triggers,USER_REPLACES_ACTIVE_GOAL,,Empty semantic_triggers collection,PER_TASK,T09:semantic_triggers,T09:semantic_triggers:USER_REPLACES_ACTIVE_GOAL,G-MEASUREMENT;G-SCOPE,AUTHOR_AND_VERIFY,Task-grounded predicate and feasibility guard; earliest/latest steps and spacing>=10; actual monitor/observation provenance,catalog_complete;semantic_schedule;fresh_event_observation,same_absent_trigger_window_cascade,PER_TASK_ALL_TEN_IMPLEMENTATION_CONFLICT,cope_benchmark/repeated_v2/task_catalog.py:266,research/repeated_v2_formal_readiness_20260906/CURRENT_PREFLIGHT.txt,78da922e4dbd1411f1aa91846b88fc5d621be4856faf76cd87ca864eeeb0348c
GAP-0741,9,KITCHEN_SCENE6_put_the_yellow_and_white_mug_in_the_microwave_and_close_it,task 9: missing alternative_valid_goals,alternative_valid_goals,,,Alternative valid goals absent and unresolved,PER_TASK,T09:alternative_valid_goals,T09:alternative_valid_goals,G-MEASUREMENT;G-SCOPE,SOURCE_GROUNDED_AUTHORING_THEN_VERIFY,Feasible task-valid family/predicate/arguments/source_ref records and verifier grounding; no invented alternatives,catalog_complete;goal_replacement_semantics,empty_required_semantic_field,DEPENDS_ON_REQUIRED_REPLACEMENT_VARIANTS,cope_benchmark/repeated_v2/task_catalog.py:213,research/repeated_v2_formal_readiness_20260906/CURRENT_PREFLIGHT.txt,78da922e4dbd1411f1aa91846b88fc5d621be4856faf76cd87ca864eeeb0348c
GAP-0742,9,KITCHEN_SCENE6_put_the_yellow_and_white_mug_in_the_microwave_and_close_it,task 9: missing certified safe event injection poses/regions GOAL_RECEPTACLE_OR_GROUNDING_CHANGED,safe_event_injections,GOAL_RECEPTACLE_OR_GROUNDING_CHANGED,,Empty safe-event intervention collection,PER_TASK,T09:safe_event_injections,T09:safe_event_injections:GOAL_RECEPTACLE_OR_GROUNDING_CHANGED,G-MEASUREMENT;G-SCOPE,AUTHOR_AND_MEASURE,"Alias-bound entity, explicit safe pose or region, hashed evidence; held-object rules and unaffected progress checked",catalog_complete;physical_intervention_safety,primary_absent_intervention_certificate,PER_TASK_ALL_TEN_IMPLEMENTATION_CONFLICT,cope_benchmark/repeated_v2/task_catalog.py:269,research/repeated_v2_formal_readiness_20260906/CURRENT_PREFLIGHT.txt,78da922e4dbd1411f1aa91846b88fc5d621be4856faf76cd87ca864eeeb0348c
GAP-0743,9,KITCHEN_SCENE6_put_the_yellow_and_white_mug_in_the_microwave_and_close_it,task 9: missing certified safe event injection poses/regions TARGET_OBJECT_DISPLACED,safe_event_injections,TARGET_OBJECT_DISPLACED,,Empty safe-event intervention collection,PER_TASK,T09:safe_event_injections,T09:safe_event_injections:TARGET_OBJECT_DISPLACED,G-MEASUREMENT;G-SCOPE,AUTHOR_AND_MEASURE,"Alias-bound entity, explicit safe pose or region, hashed evidence; held-object rules and unaffected progress checked",catalog_complete;physical_intervention_safety,primary_absent_intervention_certificate,PER_TASK_ALL_TEN_IMPLEMENTATION_CONFLICT,cope_benchmark/repeated_v2/task_catalog.py:269,research/repeated_v2_formal_readiness_20260906/CURRENT_PREFLIGHT.txt,78da922e4dbd1411f1aa91846b88fc5d621be4856faf76cd87ca864eeeb0348c
GAP-0744,9,KITCHEN_SCENE6_put_the_yellow_and_white_mug_in_the_microwave_and_close_it,task 9: missing certified safe event injection poses/regions TEMPORARY_NO_GO_APPEARS,safe_event_injections,TEMPORARY_NO_GO_APPEARS,,Empty safe-event intervention collection,PER_TASK,T09:safe_event_injections,T09:safe_event_injections:TEMPORARY_NO_GO_APPEARS,G-MEASUREMENT;G-SCOPE,AUTHOR_AND_MEASURE,"Alias-bound entity, explicit safe pose or region, hashed evidence; held-object rules and unaffected progress checked",catalog_complete;physical_intervention_safety,primary_absent_intervention_certificate,PER_TASK_ALL_TEN_IMPLEMENTATION_CONFLICT,cope_benchmark/repeated_v2/task_catalog.py:269,research/repeated_v2_formal_readiness_20260906/CURRENT_PREFLIGHT.txt,78da922e4dbd1411f1aa91846b88fc5d621be4856faf76cd87ca864eeeb0348c
GAP-0745,9,KITCHEN_SCENE6_put_the_yellow_and_white_mug_in_the_microwave_and_close_it,task 9: missing certified safe event injection poses/regions TEMPORARY_NO_GO_CLEARS,safe_event_injections,TEMPORARY_NO_GO_CLEARS,,Empty safe-event intervention collection,PER_TASK,T09:safe_event_injections,T09:safe_event_injections:TEMPORARY_NO_GO_CLEARS,G-MEASUREMENT;G-SCOPE,AUTHOR_AND_MEASURE,"Alias-bound entity, explicit safe pose or region, hashed evidence; held-object rules and unaffected progress checked",catalog_complete;physical_intervention_safety,primary_absent_intervention_certificate,PER_TASK_ALL_TEN_IMPLEMENTATION_CONFLICT,cope_benchmark/repeated_v2/task_catalog.py:269,research/repeated_v2_formal_readiness_20260906/CURRENT_PREFLIGHT.txt,78da922e4dbd1411f1aa91846b88fc5d621be4856faf76cd87ca864eeeb0348c
GAP-0746,9,KITCHEN_SCENE6_put_the_yellow_and_white_mug_in_the_microwave_and_close_it,task 9: missing certified safe event injection poses/regions TOOL_OR_TARGET_AVAILABLE_AGAIN,safe_event_injections,TOOL_OR_TARGET_AVAILABLE_AGAIN,,Empty safe-event intervention collection,PER_TASK,T09:safe_event_injections,T09:safe_event_injections:TOOL_OR_TARGET_AVAILABLE_AGAIN,G-MEASUREMENT;G-SCOPE,AUTHOR_AND_MEASURE,"Alias-bound entity, explicit safe pose or region, hashed evidence; held-object rules and unaffected progress checked",catalog_complete;physical_intervention_safety,primary_absent_intervention_certificate,PER_TASK_ALL_TEN_IMPLEMENTATION_CONFLICT,cope_benchmark/repeated_v2/task_catalog.py:269,research/repeated_v2_formal_readiness_20260906/CURRENT_PREFLIGHT.txt,78da922e4dbd1411f1aa91846b88fc5d621be4856faf76cd87ca864eeeb0348c
GAP-0747,9,KITCHEN_SCENE6_put_the_yellow_and_white_mug_in_the_microwave_and_close_it,task 9: missing certified safe event injection poses/regions TOOL_OR_TARGET_TEMPORARILY_UNAVAILABLE,safe_event_injections,TOOL_OR_TARGET_TEMPORARILY_UNAVAILABLE,,Empty safe-event intervention collection,PER_TASK,T09:safe_event_injections,T09:safe_event_injections:TOOL_OR_TARGET_TEMPORARILY_UNAVAILABLE,G-MEASUREMENT;G-SCOPE,AUTHOR_AND_MEASURE,"Alias-bound entity, explicit safe pose or region, hashed evidence; held-object rules and unaffected progress checked",catalog_complete;physical_intervention_safety,primary_absent_intervention_certificate,PER_TASK_ALL_TEN_IMPLEMENTATION_CONFLICT,cope_benchmark/repeated_v2/task_catalog.py:269,research/repeated_v2_formal_readiness_20260906/CURRENT_PREFLIGHT.txt,78da922e4dbd1411f1aa91846b88fc5d621be4856faf76cd87ca864eeeb0348c
GAP-0748,9,KITCHEN_SCENE6_put_the_yellow_and_white_mug_in_the_microwave_and_close_it,task 9: missing hard_safety_constraints,hard_safety_constraints,,,Task hard requirements absent and unresolved,PER_TASK,T09:hard_safety_constraints,T09:hard_safety_constraints,G-MEASUREMENT;G-RUNTIME,SOURCE_GROUNDED_AUTHORING_THEN_VERIFY,Grounded hard requirements and verifier bindings consistent with real task geometry/interventions; no copied defaults,catalog_complete;sealed_hard_requirement_evaluation,empty_required_semantic_field,NO_SCOPE_CHANGE_ASSUMED,cope_benchmark/repeated_v2/task_catalog.py:213,research/repeated_v2_formal_readiness_20260906/CURRENT_PREFLIGHT.txt,78da922e4dbd1411f1aa91846b88fc5d621be4856faf76cd87ca864eeeb0348c
GAP-0749,9,KITCHEN_SCENE6_put_the_yellow_and_white_mug_in_the_microwave_and_close_it,task 9: missing initial state digest 0,initial_state_digests,,0,Five-state initial-state hash pack absent,PER_TASK,T09:initial_state_digests,T09:initial_state_digests,G-ASSETS,CONDITIONAL_AUTOMATIC_FROM_AUTHENTIC_BYTES,"Exact states0..4 and serialization/source/version binding, yielding five SHA256 receipts; authentic source-asset availability was not audited here",catalog_complete;calibration_state_binding;manifest_identity,distinct_hash_receipt_in_task_pack,NO_SCOPE_CHANGE_ASSUMED,cope_benchmark/repeated_v2/task_catalog.py:250,research/repeated_v2_formal_readiness_20260906/CURRENT_PREFLIGHT.txt,78da922e4dbd1411f1aa91846b88fc5d621be4856faf76cd87ca864eeeb0348c
GAP-0750,9,KITCHEN_SCENE6_put_the_yellow_and_white_mug_in_the_microwave_and_close_it,task 9: missing initial state digest 1,initial_state_digests,,1,Five-state initial-state hash pack absent,PER_TASK,T09:initial_state_digests,T09:initial_state_digests,G-ASSETS,CONDITIONAL_AUTOMATIC_FROM_AUTHENTIC_BYTES,"Exact states0..4 and serialization/source/version binding, yielding five SHA256 receipts; authentic source-asset availability was not audited here",catalog_complete;calibration_state_binding;manifest_identity,distinct_hash_receipt_in_task_pack,NO_SCOPE_CHANGE_ASSUMED,cope_benchmark/repeated_v2/task_catalog.py:250,research/repeated_v2_formal_readiness_20260906/CURRENT_PREFLIGHT.txt,78da922e4dbd1411f1aa91846b88fc5d621be4856faf76cd87ca864eeeb0348c
GAP-0751,9,KITCHEN_SCENE6_put_the_yellow_and_white_mug_in_the_microwave_and_close_it,task 9: missing initial state digest 2,initial_state_digests,,2,Five-state initial-state hash pack absent,PER_TASK,T09:initial_state_digests,T09:initial_state_digests,G-ASSETS,CONDITIONAL_AUTOMATIC_FROM_AUTHENTIC_BYTES,"Exact states0..4 and serialization/source/version binding, yielding five SHA256 receipts; authentic source-asset availability was not audited here",catalog_complete;calibration_state_binding;manifest_identity,distinct_hash_receipt_in_task_pack,NO_SCOPE_CHANGE_ASSUMED,cope_benchmark/repeated_v2/task_catalog.py:250,research/repeated_v2_formal_readiness_20260906/CURRENT_PREFLIGHT.txt,78da922e4dbd1411f1aa91846b88fc5d621be4856faf76cd87ca864eeeb0348c
GAP-0752,9,KITCHEN_SCENE6_put_the_yellow_and_white_mug_in_the_microwave_and_close_it,task 9: missing initial state digest 3,initial_state_digests,,3,Five-state initial-state hash pack absent,PER_TASK,T09:initial_state_digests,T09:initial_state_digests,G-ASSETS,CONDITIONAL_AUTOMATIC_FROM_AUTHENTIC_BYTES,"Exact states0..4 and serialization/source/version binding, yielding five SHA256 receipts; authentic source-asset availability was not audited here",catalog_complete;calibration_state_binding;manifest_identity,distinct_hash_receipt_in_task_pack,NO_SCOPE_CHANGE_ASSUMED,cope_benchmark/repeated_v2/task_catalog.py:250,research/repeated_v2_formal_readiness_20260906/CURRENT_PREFLIGHT.txt,78da922e4dbd1411f1aa91846b88fc5d621be4856faf76cd87ca864eeeb0348c
GAP-0753,9,KITCHEN_SCENE6_put_the_yellow_and_white_mug_in_the_microwave_and_close_it,task 9: missing initial state digest 4,initial_state_digests,,4,Five-state initial-state hash pack absent,PER_TASK,T09:initial_state_digests,T09:initial_state_digests,G-ASSETS,CONDITIONAL_AUTOMATIC_FROM_AUTHENTIC_BYTES,"Exact states0..4 and serialization/source/version binding, yielding five SHA256 receipts; authentic source-asset availability was not audited here",catalog_complete;calibration_state_binding;manifest_identity,distinct_hash_receipt_in_task_pack,NO_SCOPE_CHANGE_ASSUMED,cope_benchmark/repeated_v2/task_catalog.py:250,research/repeated_v2_formal_readiness_20260906/CURRENT_PREFLIGHT.txt,78da922e4dbd1411f1aa91846b88fc5d621be4856faf76cd87ca864eeeb0348c
GAP-0754,9,KITCHEN_SCENE6_put_the_yellow_and_white_mug_in_the_microwave_and_close_it,task 9: missing planner_compiler_metadata,planner_compiler_metadata,,,Task compiler grounding metadata absent and unresolved,PER_TASK,T09:planner_compiler_metadata,T09:planner_compiler_metadata,G-RUNTIME;G-MEASUREMENT,BIND_IMPLEMENTATION_AND_VERIFY,Explicit supported predicate/operator/skill/instruction bindings; preserve accepted omissions and corruption; no canonical-truth repair,catalog_complete;pure_common_compiler;neutral_backend,empty_required_semantic_field,NO_SCOPE_CHANGE_ASSUMED,cope_benchmark/repeated_v2/task_catalog.py:213,research/repeated_v2_formal_readiness_20260906/CURRENT_PREFLIGHT.txt,78da922e4dbd1411f1aa91846b88fc5d621be4856faf76cd87ca864eeeb0348c
GAP-0755,9,KITCHEN_SCENE6_put_the_yellow_and_white_mug_in_the_microwave_and_close_it,task 9: missing replaceable_goal_families,replaceable_goal_families,,,Replaceable family map absent and unresolved,PER_TASK,T09:replaceable_goal_families,T09:replaceable_goal_families,G-MEASUREMENT;G-SCOPE,SOURCE_GROUNDED_AUTHORING_THEN_VERIFY,Explicit family IDs already present in initial goals; supported replacement/retirement/reissue semantics,catalog_complete;goal_lifecycle_semantics,empty_required_semantic_field,DEPENDS_ON_REQUIRED_REPLACEMENT_VARIANTS,cope_benchmark/repeated_v2/task_catalog.py:213,research/repeated_v2_formal_readiness_20260906/CURRENT_PREFLIGHT.txt,78da922e4dbd1411f1aa91846b88fc5d621be4856faf76cd87ca864eeeb0348c
GAP-0756,9,KITCHEN_SCENE6_put_the_yellow_and_white_mug_in_the_microwave_and_close_it,task 9: missing semantic trigger/guard GOAL_RECEPTACLE_OR_GROUNDING_CHANGED,semantic_triggers,GOAL_RECEPTACLE_OR_GROUNDING_CHANGED,,Empty semantic_triggers collection,PER_TASK,T09:semantic_triggers,T09:semantic_triggers:GOAL_RECEPTACLE_OR_GROUNDING_CHANGED,G-MEASUREMENT;G-SCOPE,AUTHOR_AND_VERIFY,Task-grounded predicate and feasibility guard; earliest/latest steps and spacing>=10; actual monitor/observation provenance,catalog_complete;semantic_schedule;fresh_event_observation,same_absent_trigger_guard_cascade,PER_TASK_ALL_TEN_IMPLEMENTATION_CONFLICT,cope_benchmark/repeated_v2/task_catalog.py:264,research/repeated_v2_formal_readiness_20260906/CURRENT_PREFLIGHT.txt,78da922e4dbd1411f1aa91846b88fc5d621be4856faf76cd87ca864eeeb0348c
GAP-0757,9,KITCHEN_SCENE6_put_the_yellow_and_white_mug_in_the_microwave_and_close_it,task 9: missing semantic trigger/guard TARGET_OBJECT_DISPLACED,semantic_triggers,TARGET_OBJECT_DISPLACED,,Empty semantic_triggers collection,PER_TASK,T09:semantic_triggers,T09:semantic_triggers:TARGET_OBJECT_DISPLACED,G-MEASUREMENT;G-SCOPE,AUTHOR_AND_VERIFY,Task-grounded predicate and feasibility guard; earliest/latest steps and spacing>=10; actual monitor/observation provenance,catalog_complete;semantic_schedule;fresh_event_observation,same_absent_trigger_guard_cascade,PER_TASK_ALL_TEN_IMPLEMENTATION_CONFLICT,cope_benchmark/repeated_v2/task_catalog.py:264,research/repeated_v2_formal_readiness_20260906/CURRENT_PREFLIGHT.txt,78da922e4dbd1411f1aa91846b88fc5d621be4856faf76cd87ca864eeeb0348c
GAP-0758,9,KITCHEN_SCENE6_put_the_yellow_and_white_mug_in_the_microwave_and_close_it,task 9: missing semantic trigger/guard TEMPORARY_NO_GO_APPEARS,semantic_triggers,TEMPORARY_NO_GO_APPEARS,,Empty semantic_triggers collection,PER_TASK,T09:semantic_triggers,T09:semantic_triggers:TEMPORARY_NO_GO_APPEARS,G-MEASUREMENT;G-SCOPE,AUTHOR_AND_VERIFY,Task-grounded predicate and feasibility guard; earliest/latest steps and spacing>=10; actual monitor/observation provenance,catalog_complete;semantic_schedule;fresh_event_observation,same_absent_trigger_guard_cascade,PER_TASK_ALL_TEN_IMPLEMENTATION_CONFLICT,cope_benchmark/repeated_v2/task_catalog.py:264,research/repeated_v2_formal_readiness_20260906/CURRENT_PREFLIGHT.txt,78da922e4dbd1411f1aa91846b88fc5d621be4856faf76cd87ca864eeeb0348c
GAP-0759,9,KITCHEN_SCENE6_put_the_yellow_and_white_mug_in_the_microwave_and_close_it,task 9: missing semantic trigger/guard TEMPORARY_NO_GO_CLEARS,semantic_triggers,TEMPORARY_NO_GO_CLEARS,,Empty semantic_triggers collection,PER_TASK,T09:semantic_triggers,T09:semantic_triggers:TEMPORARY_NO_GO_CLEARS,G-MEASUREMENT;G-SCOPE,AUTHOR_AND_VERIFY,Task-grounded predicate and feasibility guard; earliest/latest steps and spacing>=10; actual monitor/observation provenance,catalog_complete;semantic_schedule;fresh_event_observation,same_absent_trigger_guard_cascade,PER_TASK_ALL_TEN_IMPLEMENTATION_CONFLICT,cope_benchmark/repeated_v2/task_catalog.py:264,research/repeated_v2_formal_readiness_20260906/CURRENT_PREFLIGHT.txt,78da922e4dbd1411f1aa91846b88fc5d621be4856faf76cd87ca864eeeb0348c
GAP-0760,9,KITCHEN_SCENE6_put_the_yellow_and_white_mug_in_the_microwave_and_close_it,task 9: missing semantic trigger/guard TOOL_OR_TARGET_AVAILABLE_AGAIN,semantic_triggers,TOOL_OR_TARGET_AVAILABLE_AGAIN,,Empty semantic_triggers collection,PER_TASK,T09:semantic_triggers,T09:semantic_triggers:TOOL_OR_TARGET_AVAILABLE_AGAIN,G-MEASUREMENT;G-SCOPE,AUTHOR_AND_VERIFY,Task-grounded predicate and feasibility guard; earliest/latest steps and spacing>=10; actual monitor/observation provenance,catalog_complete;semantic_schedule;fresh_event_observation,same_absent_trigger_guard_cascade,PER_TASK_ALL_TEN_IMPLEMENTATION_CONFLICT,cope_benchmark/repeated_v2/task_catalog.py:264,research/repeated_v2_formal_readiness_20260906/CURRENT_PREFLIGHT.txt,78da922e4dbd1411f1aa91846b88fc5d621be4856faf76cd87ca864eeeb0348c
GAP-0761,9,KITCHEN_SCENE6_put_the_yellow_and_white_mug_in_the_microwave_and_close_it,task 9: missing semantic trigger/guard TOOL_OR_TARGET_TEMPORARILY_UNAVAILABLE,semantic_triggers,TOOL_OR_TARGET_TEMPORARILY_UNAVAILABLE,,Empty semantic_triggers collection,PER_TASK,T09:semantic_triggers,T09:semantic_triggers:TOOL_OR_TARGET_TEMPORARILY_UNAVAILABLE,G-MEASUREMENT;G-SCOPE,AUTHOR_AND_VERIFY,Task-grounded predicate and feasibility guard; earliest/latest steps and spacing>=10; actual monitor/observation provenance,catalog_complete;semantic_schedule;fresh_event_observation,same_absent_trigger_guard_cascade,PER_TASK_ALL_TEN_IMPLEMENTATION_CONFLICT,cope_benchmark/repeated_v2/task_catalog.py:264,research/repeated_v2_formal_readiness_20260906/CURRENT_PREFLIGHT.txt,78da922e4dbd1411f1aa91846b88fc5d621be4856faf76cd87ca864eeeb0348c
GAP-0762,9,KITCHEN_SCENE6_put_the_yellow_and_white_mug_in_the_microwave_and_close_it,task 9: missing semantic trigger/guard USER_ADDS_PERSISTENT_PREFERENCE,semantic_triggers,USER_ADDS_PERSISTENT_PREFERENCE,,Empty semantic_triggers collection,PER_TASK,T09:semantic_triggers,T09:semantic_triggers:USER_ADDS_PERSISTENT_PREFERENCE,G-MEASUREMENT;G-SCOPE,AUTHOR_AND_VERIFY,Task-grounded predicate and feasibility guard; earliest/latest steps and spacing>=10; actual monitor/observation provenance,catalog_complete;semantic_schedule;fresh_event_observation,same_absent_trigger_guard_cascade,PER_TASK_ALL_TEN_IMPLEMENTATION_CONFLICT,cope_benchmark/repeated_v2/task_catalog.py:264,research/repeated_v2_formal_readiness_20260906/CURRENT_PREFLIGHT.txt,78da922e4dbd1411f1aa91846b88fc5d621be4856faf76cd87ca864eeeb0348c
GAP-0763,9,KITCHEN_SCENE6_put_the_yellow_and_white_mug_in_the_microwave_and_close_it,task 9: missing semantic trigger/guard USER_CANCELS_ACTIVE_GOAL,semantic_triggers,USER_CANCELS_ACTIVE_GOAL,,Empty semantic_triggers collection,PER_TASK,T09:semantic_triggers,T09:semantic_triggers:USER_CANCELS_ACTIVE_GOAL,G-MEASUREMENT;G-SCOPE,AUTHOR_AND_VERIFY,Task-grounded predicate and feasibility guard; earliest/latest steps and spacing>=10; actual monitor/observation provenance,catalog_complete;semantic_schedule;fresh_event_observation,same_absent_trigger_guard_cascade,PER_TASK_ALL_TEN_IMPLEMENTATION_CONFLICT,cope_benchmark/repeated_v2/task_catalog.py:264,research/repeated_v2_formal_readiness_20260906/CURRENT_PREFLIGHT.txt,78da922e4dbd1411f1aa91846b88fc5d621be4856faf76cd87ca864eeeb0348c
GAP-0764,9,KITCHEN_SCENE6_put_the_yellow_and_white_mug_in_the_microwave_and_close_it,task 9: missing semantic trigger/guard USER_REISSUES_RETIRED_GOAL,semantic_triggers,USER_REISSUES_RETIRED_GOAL,,Empty semantic_triggers collection,PER_TASK,T09:semantic_triggers,T09:semantic_triggers:USER_REISSUES_RETIRED_GOAL,G-MEASUREMENT;G-SCOPE,AUTHOR_AND_VERIFY,Task-grounded predicate and feasibility guard; earliest/latest steps and spacing>=10; actual monitor/observation provenance,catalog_complete;semantic_schedule;fresh_event_observation,same_absent_trigger_guard_cascade,PER_TASK_ALL_TEN_IMPLEMENTATION_CONFLICT,cope_benchmark/repeated_v2/task_catalog.py:264,research/repeated_v2_formal_readiness_20260906/CURRENT_PREFLIGHT.txt,78da922e4dbd1411f1aa91846b88fc5d621be4856faf76cd87ca864eeeb0348c
GAP-0765,9,KITCHEN_SCENE6_put_the_yellow_and_white_mug_in_the_microwave_and_close_it,task 9: missing semantic trigger/guard USER_REPLACES_ACTIVE_GOAL,semantic_triggers,USER_REPLACES_ACTIVE_GOAL,,Empty semantic_triggers collection,PER_TASK,T09:semantic_triggers,T09:semantic_triggers:USER_REPLACES_ACTIVE_GOAL,G-MEASUREMENT;G-SCOPE,AUTHOR_AND_VERIFY,Task-grounded predicate and feasibility guard; earliest/latest steps and spacing>=10; actual monitor/observation provenance,catalog_complete;semantic_schedule;fresh_event_observation,same_absent_trigger_guard_cascade,PER_TASK_ALL_TEN_IMPLEMENTATION_CONFLICT,cope_benchmark/repeated_v2/task_catalog.py:264,research/repeated_v2_formal_readiness_20260906/CURRENT_PREFLIGHT.txt,78da922e4dbd1411f1aa91846b88fc5d621be4856faf76cd87ca864eeeb0348c
GAP-0766,9,KITCHEN_SCENE6_put_the_yellow_and_white_mug_in_the_microwave_and_close_it,task 9: missing soft_preference_templates,soft_preference_templates,,,Persistent preference templates absent and unresolved,PER_TASK,T09:soft_preference_templates,T09:soft_preference_templates,G-MEASUREMENT;G-RUNTIME,SOURCE_GROUNDED_AUTHORING_THEN_VERIFY,Task-valid public preference templates with persistence scope and separately sealed scoring semantics,catalog_complete;persistent_preference_event,empty_required_semantic_field,NO_SCOPE_CHANGE_ASSUMED,cope_benchmark/repeated_v2/task_catalog.py:213,research/repeated_v2_formal_readiness_20260906/CURRENT_PREFLIGHT.txt,78da922e4dbd1411f1aa91846b88fc5d621be4856faf76cd87ca864eeeb0348c
GAP-0767,9,KITCHEN_SCENE6_put_the_yellow_and_white_mug_in_the_microwave_and_close_it,task 9: no verified preservable milestone,structural_and_milestones,,,No structural/milestone evidence dossier; BDDL predicates are candidates only,PER_TASK,T09:structural_and_milestones,T09:structural_and_milestones,G-MEASUREMENT,AUTHOR_AND_MEASURE_NO_AUTOFILL,"Four structural decisions with evidence_refs; >=2 distinct independently verifiable milestones, >=1 preservable; task5 needs a valid second milestone or documented ineligibility",catalog_complete;structural_task_eligibility;progress_preservation,structural_checks_share_task_dossier,NO_SCOPE_CHANGE_ASSUMED,cope_benchmark/repeated_v2/task_catalog.py:241,research/repeated_v2_formal_readiness_20260906/CURRENT_PREFLIGHT.txt,78da922e4dbd1411f1aa91846b88fc5d621be4856faf76cd87ca864eeeb0348c
GAP-0768,9,KITCHEN_SCENE6_put_the_yellow_and_white_mug_in_the_microwave_and_close_it,task 9: unresolved alternative_valid_goals,alternative_valid_goals,,,Alternative valid goals absent and unresolved,PER_TASK,T09:alternative_valid_goals,T09:alternative_valid_goals,G-MEASUREMENT;G-SCOPE,SOURCE_GROUNDED_AUTHORING_THEN_VERIFY,Feasible task-valid family/predicate/arguments/source_ref records and verifier grounding; no invented alternatives,catalog_complete;goal_replacement_semantics,collection_unresolved_marker,DEPENDS_ON_REQUIRED_REPLACEMENT_VARIANTS,cope_benchmark/repeated_v2/task_catalog.py:211,research/repeated_v2_formal_readiness_20260906/CURRENT_PREFLIGHT.txt,78da922e4dbd1411f1aa91846b88fc5d621be4856faf76cd87ca864eeeb0348c
GAP-0769,9,KITCHEN_SCENE6_put_the_yellow_and_white_mug_in_the_microwave_and_close_it,task 9: unresolved calibration_records,calibration_records,,,Zero authentic v2 calibration records; identity-cardinality errors are empty-set cascades,PER_TASK,T09:calibration_records,T09:calibration_records,G-POLICY;G-RUNTIME,MEASURE_OR_RECOVER_AUTHENTIC_EVIDENCE,"10 clean learned/nonprivileged outcomes per task: states0..4 x seeds101,131; horizon260; terminal outcome including failures; shared policy/checkpoint/protocol; unique raw trace hashes",catalog_complete;clean_policy_calibration;task_eligibility,collection_unresolved_marker,NO_SCOPE_CHANGE_ASSUMED,cope_benchmark/repeated_v2/task_catalog.py:211,research/repeated_v2_formal_readiness_20260906/CURRENT_PREFLIGHT.txt,78da922e4dbd1411f1aa91846b88fc5d621be4856faf76cd87ca864eeeb0348c
GAP-0770,9,KITCHEN_SCENE6_put_the_yellow_and_white_mug_in_the_microwave_and_close_it,task 9: unresolved event_feasibility,event_feasibility,,,Empty event_feasibility collection,PER_TASK,T09:event_feasibility,T09:event_feasibility:TARGET_OBJECT_DISPLACED;T09:event_feasibility:GOAL_RECEPTACLE_OR_GROUNDING_CHANGED;T09:event_feasibility:TEMPORARY_NO_GO_APPEARS;T09:event_feasibility:TEMPORARY_NO_GO_CLEARS;T09:event_feasibility:USER_ADDS_PERSISTENT_PREFERENCE;T09:event_feasibility:TOOL_OR_TARGET_TEMPORARILY_UNAVAILABLE;T09:event_feasibility:TOOL_OR_TARGET_AVAILABLE_AGAIN;T09:event_feasibility:USER_REPLACES_ACTIVE_GOAL;T09:event_feasibility:USER_CANCELS_ACTIVE_GOAL;T09:event_feasibility:USER_REISSUES_RETIRED_GOAL,G-MEASUREMENT;G-SCOPE,MEASURE_OR_RECOVER_AUTHENTIC_EVIDENCE,"Explicit passed true/false, evidence_refs and covered_state_ids0..4 for each applicable task/family under current code; real simulator/safety evidence",catalog_complete;event_feasibility;task_eligibility,collection_unresolved_marker,PER_TASK_ALL_TEN_IMPLEMENTATION_CONFLICT,cope_benchmark/repeated_v2/task_catalog.py:211,research/repeated_v2_formal_readiness_20260906/CURRENT_PREFLIGHT.txt,78da922e4dbd1411f1aa91846b88fc5d621be4856faf76cd87ca864eeeb0348c
GAP-0771,9,KITCHEN_SCENE6_put_the_yellow_and_white_mug_in_the_microwave_and_close_it,task 9: unresolved hard_safety_constraints,hard_safety_constraints,,,Task hard requirements absent and unresolved,PER_TASK,T09:hard_safety_constraints,T09:hard_safety_constraints,G-MEASUREMENT;G-RUNTIME,SOURCE_GROUNDED_AUTHORING_THEN_VERIFY,Grounded hard requirements and verifier bindings consistent with real task geometry/interventions; no copied defaults,catalog_complete;sealed_hard_requirement_evaluation,collection_unresolved_marker,NO_SCOPE_CHANGE_ASSUMED,cope_benchmark/repeated_v2/task_catalog.py:211,research/repeated_v2_formal_readiness_20260906/CURRENT_PREFLIGHT.txt,78da922e4dbd1411f1aa91846b88fc5d621be4856faf76cd87ca864eeeb0348c
GAP-0772,9,KITCHEN_SCENE6_put_the_yellow_and_white_mug_in_the_microwave_and_close_it,task 9: unresolved initial_state_digests,initial_state_digests,,,Five-state initial-state hash pack absent,PER_TASK,T09:initial_state_digests,T09:initial_state_digests,G-ASSETS,CONDITIONAL_AUTOMATIC_FROM_AUTHENTIC_BYTES,"Exact states0..4 and serialization/source/version binding, yielding five SHA256 receipts; authentic source-asset availability was not audited here",catalog_complete;calibration_state_binding;manifest_identity,collection_unresolved_marker,NO_SCOPE_CHANGE_ASSUMED,cope_benchmark/repeated_v2/task_catalog.py:211,research/repeated_v2_formal_readiness_20260906/CURRENT_PREFLIGHT.txt,78da922e4dbd1411f1aa91846b88fc5d621be4856faf76cd87ca864eeeb0348c
GAP-0773,9,KITCHEN_SCENE6_put_the_yellow_and_white_mug_in_the_microwave_and_close_it,task 9: unresolved maintenance_invariants,maintenance_invariants,,,Maintenance semantics unresolved; empty list does not prove none apply,PER_TASK,T09:maintenance_invariants,T09:maintenance_invariants,G-MEASUREMENT,SOURCE_GROUNDED_AUTHORING_THEN_VERIFY,Identify unaffected achievements/continuous maintenance requirements or certify empty semantics where allowed; evidence must precede clearing unresolved marker,catalog_complete;unaffected_progress_preservation,collection_unresolved_marker,NO_SCOPE_CHANGE_ASSUMED,cope_benchmark/repeated_v2/task_catalog.py:211,research/repeated_v2_formal_readiness_20260906/CURRENT_PREFLIGHT.txt,78da922e4dbd1411f1aa91846b88fc5d621be4856faf76cd87ca864eeeb0348c
GAP-0774,9,KITCHEN_SCENE6_put_the_yellow_and_white_mug_in_the_microwave_and_close_it,task 9: unresolved planner_compiler_metadata,planner_compiler_metadata,,,Task compiler grounding metadata absent and unresolved,PER_TASK,T09:planner_compiler_metadata,T09:planner_compiler_metadata,G-RUNTIME;G-MEASUREMENT,BIND_IMPLEMENTATION_AND_VERIFY,Explicit supported predicate/operator/skill/instruction bindings; preserve accepted omissions and corruption; no canonical-truth repair,catalog_complete;pure_common_compiler;neutral_backend,collection_unresolved_marker,NO_SCOPE_CHANGE_ASSUMED,cope_benchmark/repeated_v2/task_catalog.py:211,research/repeated_v2_formal_readiness_20260906/CURRENT_PREFLIGHT.txt,78da922e4dbd1411f1aa91846b88fc5d621be4856faf76cd87ca864eeeb0348c
GAP-0775,9,KITCHEN_SCENE6_put_the_yellow_and_white_mug_in_the_microwave_and_close_it,task 9: unresolved replaceable_goal_families,replaceable_goal_families,,,Replaceable family map absent and unresolved,PER_TASK,T09:replaceable_goal_families,T09:replaceable_goal_families,G-MEASUREMENT;G-SCOPE,SOURCE_GROUNDED_AUTHORING_THEN_VERIFY,Explicit family IDs already present in initial goals; supported replacement/retirement/reissue semantics,catalog_complete;goal_lifecycle_semantics,collection_unresolved_marker,DEPENDS_ON_REQUIRED_REPLACEMENT_VARIANTS,cope_benchmark/repeated_v2/task_catalog.py:211,research/repeated_v2_formal_readiness_20260906/CURRENT_PREFLIGHT.txt,78da922e4dbd1411f1aa91846b88fc5d621be4856faf76cd87ca864eeeb0348c
GAP-0776,9,KITCHEN_SCENE6_put_the_yellow_and_white_mug_in_the_microwave_and_close_it,task 9: unresolved safe_event_injection_poses,safe_event_injections,,,Empty safe-event intervention collection,PER_TASK,T09:safe_event_injections,T09:safe_event_injections:TARGET_OBJECT_DISPLACED;T09:safe_event_injections:GOAL_RECEPTACLE_OR_GROUNDING_CHANGED;T09:safe_event_injections:TEMPORARY_NO_GO_APPEARS;T09:safe_event_injections:TEMPORARY_NO_GO_CLEARS;T09:safe_event_injections:TOOL_OR_TARGET_TEMPORARILY_UNAVAILABLE;T09:safe_event_injections:TOOL_OR_TARGET_AVAILABLE_AGAIN,G-MEASUREMENT;G-SCOPE,AUTHOR_AND_MEASURE,"Alias-bound entity, explicit safe pose or region, hashed evidence; held-object rules and unaffected progress checked",catalog_complete;physical_intervention_safety,collection_unresolved_marker,PER_TASK_ALL_TEN_IMPLEMENTATION_CONFLICT,cope_benchmark/repeated_v2/task_catalog.py:211,research/repeated_v2_formal_readiness_20260906/CURRENT_PREFLIGHT.txt,78da922e4dbd1411f1aa91846b88fc5d621be4856faf76cd87ca864eeeb0348c
GAP-0777,9,KITCHEN_SCENE6_put_the_yellow_and_white_mug_in_the_microwave_and_close_it,task 9: unresolved semantic_triggers,semantic_triggers,,,Empty semantic_triggers collection,PER_TASK,T09:semantic_triggers,T09:semantic_triggers:TARGET_OBJECT_DISPLACED;T09:semantic_triggers:GOAL_RECEPTACLE_OR_GROUNDING_CHANGED;T09:semantic_triggers:TEMPORARY_NO_GO_APPEARS;T09:semantic_triggers:TEMPORARY_NO_GO_CLEARS;T09:semantic_triggers:USER_ADDS_PERSISTENT_PREFERENCE;T09:semantic_triggers:TOOL_OR_TARGET_TEMPORARILY_UNAVAILABLE;T09:semantic_triggers:TOOL_OR_TARGET_AVAILABLE_AGAIN;T09:semantic_triggers:USER_REPLACES_ACTIVE_GOAL;T09:semantic_triggers:USER_CANCELS_ACTIVE_GOAL;T09:semantic_triggers:USER_REISSUES_RETIRED_GOAL,G-MEASUREMENT;G-SCOPE,AUTHOR_AND_VERIFY,Task-grounded predicate and feasibility guard; earliest/latest steps and spacing>=10; actual monitor/observation provenance,catalog_complete;semantic_schedule;fresh_event_observation,collection_unresolved_marker,PER_TASK_ALL_TEN_IMPLEMENTATION_CONFLICT,cope_benchmark/repeated_v2/task_catalog.py:211,research/repeated_v2_formal_readiness_20260906/CURRENT_PREFLIGHT.txt,78da922e4dbd1411f1aa91846b88fc5d621be4856faf76cd87ca864eeeb0348c
GAP-0778,9,KITCHEN_SCENE6_put_the_yellow_and_white_mug_in_the_microwave_and_close_it,task 9: unresolved soft_preference_templates,soft_preference_templates,,,Persistent preference templates absent and unresolved,PER_TASK,T09:soft_preference_templates,T09:soft_preference_templates,G-MEASUREMENT;G-RUNTIME,SOURCE_GROUNDED_AUTHORING_THEN_VERIFY,Task-valid public preference templates with persistence scope and separately sealed scoring semantics,catalog_complete;persistent_preference_event,collection_unresolved_marker,NO_SCOPE_CHANGE_ASSUMED,cope_benchmark/repeated_v2/task_catalog.py:211,research/repeated_v2_formal_readiness_20260906/CURRENT_PREFLIGHT.txt,78da922e4dbd1411f1aa91846b88fc5d621be4856faf76cd87ca864eeeb0348c
GAP-0779,9,KITCHEN_SCENE6_put_the_yellow_and_white_mug_in_the_microwave_and_close_it,task 9: unresolved structural_checks,structural_and_milestones,,,No structural/milestone evidence dossier; BDDL predicates are candidates only,PER_TASK,T09:structural_and_milestones,T09:structural_and_milestones,G-MEASUREMENT,AUTHOR_AND_MEASURE_NO_AUTOFILL,"Four structural decisions with evidence_refs; >=2 distinct independently verifiable milestones, >=1 preservable; task5 needs a valid second milestone or documented ineligibility",catalog_complete;structural_task_eligibility;progress_preservation,collection_unresolved_marker,NO_SCOPE_CHANGE_ASSUMED,cope_benchmark/repeated_v2/task_catalog.py:211,research/repeated_v2_formal_readiness_20260906/CURRENT_PREFLIGHT.txt,78da922e4dbd1411f1aa91846b88fc5d621be4856faf76cd87ca864eeeb0348c
GAP-0780,9,KITCHEN_SCENE6_put_the_yellow_and_white_mug_in_the_microwave_and_close_it,task 9: unresolved supported_event_families,supported_event_families,,,No task support declaration; validator demands all ten per task,PER_TASK,T09:supported_event_families,T09:supported_event_families,G-SCOPE;G-MEASUREMENT,REQUIRES_SCOPE_DECISION_AND_EVIDENCE,Actual task-specific supported/unsupported family map; explicit review of all-ten validator conflict; never copy global library as support evidence,catalog_complete;task_eligibility;schedule_support,collection_unresolved_marker,PER_TASK_ALL_TEN_IMPLEMENTATION_CONFLICT,cope_benchmark/repeated_v2/task_catalog.py:211,research/repeated_v2_formal_readiness_20260906/CURRENT_PREFLIGHT.txt,78da922e4dbd1411f1aa91846b88fc5d621be4856faf76cd87ca864eeeb0348c
GAP-0781,9,KITCHEN_SCENE6_put_the_yellow_and_white_mug_in_the_microwave_and_close_it,task 9: unverified event feasibility GOAL_RECEPTACLE_OR_GROUNDING_CHANGED,event_feasibility,GOAL_RECEPTACLE_OR_GROUNDING_CHANGED,,Empty event_feasibility collection,PER_TASK,T09:event_feasibility,T09:event_feasibility:GOAL_RECEPTACLE_OR_GROUNDING_CHANGED,G-MEASUREMENT;G-SCOPE,MEASURE_OR_RECOVER_AUTHENTIC_EVIDENCE,"Explicit passed true/false, evidence_refs and covered_state_ids0..4 for each applicable task/family under current code; real simulator/safety evidence",catalog_complete;event_feasibility;task_eligibility,primary_absent_family_certificate,PER_TASK_ALL_TEN_IMPLEMENTATION_CONFLICT,cope_benchmark/repeated_v2/task_catalog.py:255,research/repeated_v2_formal_readiness_20260906/CURRENT_PREFLIGHT.txt,78da922e4dbd1411f1aa91846b88fc5d621be4856faf76cd87ca864eeeb0348c
GAP-0782,9,KITCHEN_SCENE6_put_the_yellow_and_white_mug_in_the_microwave_and_close_it,task 9: unverified event feasibility TARGET_OBJECT_DISPLACED,event_feasibility,TARGET_OBJECT_DISPLACED,,Empty event_feasibility collection,PER_TASK,T09:event_feasibility,T09:event_feasibility:TARGET_OBJECT_DISPLACED,G-MEASUREMENT;G-SCOPE,MEASURE_OR_RECOVER_AUTHENTIC_EVIDENCE,"Explicit passed true/false, evidence_refs and covered_state_ids0..4 for each applicable task/family under current code; real simulator/safety evidence",catalog_complete;event_feasibility;task_eligibility,primary_absent_family_certificate,PER_TASK_ALL_TEN_IMPLEMENTATION_CONFLICT,cope_benchmark/repeated_v2/task_catalog.py:255,research/repeated_v2_formal_readiness_20260906/CURRENT_PREFLIGHT.txt,78da922e4dbd1411f1aa91846b88fc5d621be4856faf76cd87ca864eeeb0348c
GAP-0783,9,KITCHEN_SCENE6_put_the_yellow_and_white_mug_in_the_microwave_and_close_it,task 9: unverified event feasibility TEMPORARY_NO_GO_APPEARS,event_feasibility,TEMPORARY_NO_GO_APPEARS,,Empty event_feasibility collection,PER_TASK,T09:event_feasibility,T09:event_feasibility:TEMPORARY_NO_GO_APPEARS,G-MEASUREMENT;G-SCOPE,MEASURE_OR_RECOVER_AUTHENTIC_EVIDENCE,"Explicit passed true/false, evidence_refs and covered_state_ids0..4 for each applicable task/family under current code; real simulator/safety evidence",catalog_complete;event_feasibility;task_eligibility,primary_absent_family_certificate,PER_TASK_ALL_TEN_IMPLEMENTATION_CONFLICT,cope_benchmark/repeated_v2/task_catalog.py:255,research/repeated_v2_formal_readiness_20260906/CURRENT_PREFLIGHT.txt,78da922e4dbd1411f1aa91846b88fc5d621be4856faf76cd87ca864eeeb0348c
GAP-0784,9,KITCHEN_SCENE6_put_the_yellow_and_white_mug_in_the_microwave_and_close_it,task 9: unverified event feasibility TEMPORARY_NO_GO_CLEARS,event_feasibility,TEMPORARY_NO_GO_CLEARS,,Empty event_feasibility collection,PER_TASK,T09:event_feasibility,T09:event_feasibility:TEMPORARY_NO_GO_CLEARS,G-MEASUREMENT;G-SCOPE,MEASURE_OR_RECOVER_AUTHENTIC_EVIDENCE,"Explicit passed true/false, evidence_refs and covered_state_ids0..4 for each applicable task/family under current code; real simulator/safety evidence",catalog_complete;event_feasibility;task_eligibility,primary_absent_family_certificate,PER_TASK_ALL_TEN_IMPLEMENTATION_CONFLICT,cope_benchmark/repeated_v2/task_catalog.py:255,research/repeated_v2_formal_readiness_20260906/CURRENT_PREFLIGHT.txt,78da922e4dbd1411f1aa91846b88fc5d621be4856faf76cd87ca864eeeb0348c
GAP-0785,9,KITCHEN_SCENE6_put_the_yellow_and_white_mug_in_the_microwave_and_close_it,task 9: unverified event feasibility TOOL_OR_TARGET_AVAILABLE_AGAIN,event_feasibility,TOOL_OR_TARGET_AVAILABLE_AGAIN,,Empty event_feasibility collection,PER_TASK,T09:event_feasibility,T09:event_feasibility:TOOL_OR_TARGET_AVAILABLE_AGAIN,G-MEASUREMENT;G-SCOPE,MEASURE_OR_RECOVER_AUTHENTIC_EVIDENCE,"Explicit passed true/false, evidence_refs and covered_state_ids0..4 for each applicable task/family under current code; real simulator/safety evidence",catalog_complete;event_feasibility;task_eligibility,primary_absent_family_certificate,PER_TASK_ALL_TEN_IMPLEMENTATION_CONFLICT,cope_benchmark/repeated_v2/task_catalog.py:255,research/repeated_v2_formal_readiness_20260906/CURRENT_PREFLIGHT.txt,78da922e4dbd1411f1aa91846b88fc5d621be4856faf76cd87ca864eeeb0348c
GAP-0786,9,KITCHEN_SCENE6_put_the_yellow_and_white_mug_in_the_microwave_and_close_it,task 9: unverified event feasibility TOOL_OR_TARGET_TEMPORARILY_UNAVAILABLE,event_feasibility,TOOL_OR_TARGET_TEMPORARILY_UNAVAILABLE,,Empty event_feasibility collection,PER_TASK,T09:event_feasibility,T09:event_feasibility:TOOL_OR_TARGET_TEMPORARILY_UNAVAILABLE,G-MEASUREMENT;G-SCOPE,MEASURE_OR_RECOVER_AUTHENTIC_EVIDENCE,"Explicit passed true/false, evidence_refs and covered_state_ids0..4 for each applicable task/family under current code; real simulator/safety evidence",catalog_complete;event_feasibility;task_eligibility,primary_absent_family_certificate,PER_TASK_ALL_TEN_IMPLEMENTATION_CONFLICT,cope_benchmark/repeated_v2/task_catalog.py:255,research/repeated_v2_formal_readiness_20260906/CURRENT_PREFLIGHT.txt,78da922e4dbd1411f1aa91846b88fc5d621be4856faf76cd87ca864eeeb0348c
GAP-0787,9,KITCHEN_SCENE6_put_the_yellow_and_white_mug_in_the_microwave_and_close_it,task 9: unverified event feasibility USER_ADDS_PERSISTENT_PREFERENCE,event_feasibility,USER_ADDS_PERSISTENT_PREFERENCE,,Empty event_feasibility collection,PER_TASK,T09:event_feasibility,T09:event_feasibility:USER_ADDS_PERSISTENT_PREFERENCE,G-MEASUREMENT;G-SCOPE,MEASURE_OR_RECOVER_AUTHENTIC_EVIDENCE,"Explicit passed true/false, evidence_refs and covered_state_ids0..4 for each applicable task/family under current code; real simulator/safety evidence",catalog_complete;event_feasibility;task_eligibility,primary_absent_family_certificate,PER_TASK_ALL_TEN_IMPLEMENTATION_CONFLICT,cope_benchmark/repeated_v2/task_catalog.py:255,research/repeated_v2_formal_readiness_20260906/CURRENT_PREFLIGHT.txt,78da922e4dbd1411f1aa91846b88fc5d621be4856faf76cd87ca864eeeb0348c
GAP-0788,9,KITCHEN_SCENE6_put_the_yellow_and_white_mug_in_the_microwave_and_close_it,task 9: unverified event feasibility USER_CANCELS_ACTIVE_GOAL,event_feasibility,USER_CANCELS_ACTIVE_GOAL,,Empty event_feasibility collection,PER_TASK,T09:event_feasibility,T09:event_feasibility:USER_CANCELS_ACTIVE_GOAL,G-MEASUREMENT;G-SCOPE,MEASURE_OR_RECOVER_AUTHENTIC_EVIDENCE,"Explicit passed true/false, evidence_refs and covered_state_ids0..4 for each applicable task/family under current code; real simulator/safety evidence",catalog_complete;event_feasibility;task_eligibility,primary_absent_family_certificate,PER_TASK_ALL_TEN_IMPLEMENTATION_CONFLICT,cope_benchmark/repeated_v2/task_catalog.py:255,research/repeated_v2_formal_readiness_20260906/CURRENT_PREFLIGHT.txt,78da922e4dbd1411f1aa91846b88fc5d621be4856faf76cd87ca864eeeb0348c
GAP-0789,9,KITCHEN_SCENE6_put_the_yellow_and_white_mug_in_the_microwave_and_close_it,task 9: unverified event feasibility USER_REISSUES_RETIRED_GOAL,event_feasibility,USER_REISSUES_RETIRED_GOAL,,Empty event_feasibility collection,PER_TASK,T09:event_feasibility,T09:event_feasibility:USER_REISSUES_RETIRED_GOAL,G-MEASUREMENT;G-SCOPE,MEASURE_OR_RECOVER_AUTHENTIC_EVIDENCE,"Explicit passed true/false, evidence_refs and covered_state_ids0..4 for each applicable task/family under current code; real simulator/safety evidence",catalog_complete;event_feasibility;task_eligibility,primary_absent_family_certificate,PER_TASK_ALL_TEN_IMPLEMENTATION_CONFLICT,cope_benchmark/repeated_v2/task_catalog.py:255,research/repeated_v2_formal_readiness_20260906/CURRENT_PREFLIGHT.txt,78da922e4dbd1411f1aa91846b88fc5d621be4856faf76cd87ca864eeeb0348c
GAP-0790,9,KITCHEN_SCENE6_put_the_yellow_and_white_mug_in_the_microwave_and_close_it,task 9: unverified event feasibility USER_REPLACES_ACTIVE_GOAL,event_feasibility,USER_REPLACES_ACTIVE_GOAL,,Empty event_feasibility collection,PER_TASK,T09:event_feasibility,T09:event_feasibility:USER_REPLACES_ACTIVE_GOAL,G-MEASUREMENT;G-SCOPE,MEASURE_OR_RECOVER_AUTHENTIC_EVIDENCE,"Explicit passed true/false, evidence_refs and covered_state_ids0..4 for each applicable task/family under current code; real simulator/safety evidence",catalog_complete;event_feasibility;task_eligibility,primary_absent_family_certificate,PER_TASK_ALL_TEN_IMPLEMENTATION_CONFLICT,cope_benchmark/repeated_v2/task_catalog.py:255,research/repeated_v2_formal_readiness_20260906/CURRENT_PREFLIGHT.txt,78da922e4dbd1411f1aa91846b88fc5d621be4856faf76cd87ca864eeeb0348c
GAP-0791,9,KITCHEN_SCENE6_put_the_yellow_and_white_mug_in_the_microwave_and_close_it,task 9: unverified structural check completed_milestone_preservable,structural_and_milestones,,,No structural/milestone evidence dossier; BDDL predicates are candidates only,PER_TASK,T09:structural_and_milestones,T09:structural_and_milestones,G-MEASUREMENT,AUTHOR_AND_MEASURE_NO_AUTOFILL,"Four structural decisions with evidence_refs; >=2 distinct independently verifiable milestones, >=1 preservable; task5 needs a valid second milestone or documented ineligibility",catalog_complete;structural_task_eligibility;progress_preservation,structural_checks_share_task_dossier,NO_SCOPE_CHANGE_ASSUMED,cope_benchmark/repeated_v2/task_catalog.py:246,research/repeated_v2_formal_readiness_20260906/CURRENT_PREFLIGHT.txt,78da922e4dbd1411f1aa91846b88fc5d621be4856faf76cd87ca864eeeb0348c
GAP-0792,9,KITCHEN_SCENE6_put_the_yellow_and_white_mug_in_the_microwave_and_close_it,task 9: unverified structural check cross_skill_requirement_or_persistent_preference,structural_and_milestones,,,No structural/milestone evidence dossier; BDDL predicates are candidates only,PER_TASK,T09:structural_and_milestones,T09:structural_and_milestones,G-MEASUREMENT,AUTHOR_AND_MEASURE_NO_AUTOFILL,"Four structural decisions with evidence_refs; >=2 distinct independently verifiable milestones, >=1 preservable; task5 needs a valid second milestone or documented ineligibility",catalog_complete;structural_task_eligibility;progress_preservation,structural_checks_share_task_dossier,NO_SCOPE_CHANGE_ASSUMED,cope_benchmark/repeated_v2/task_catalog.py:246,research/repeated_v2_formal_readiness_20260906/CURRENT_PREFLIGHT.txt,78da922e4dbd1411f1aa91846b88fc5d621be4856faf76cd87ca864eeeb0348c
GAP-0793,9,KITCHEN_SCENE6_put_the_yellow_and_white_mug_in_the_microwave_and_close_it,task 9: unverified structural check safe_changeable_grounding,structural_and_milestones,,,No structural/milestone evidence dossier; BDDL predicates are candidates only,PER_TASK,T09:structural_and_milestones,T09:structural_and_milestones,G-MEASUREMENT,AUTHOR_AND_MEASURE_NO_AUTOFILL,"Four structural decisions with evidence_refs; >=2 distinct independently verifiable milestones, >=1 preservable; task5 needs a valid second milestone or documented ineligibility",catalog_complete;structural_task_eligibility;progress_preservation,structural_checks_share_task_dossier,NO_SCOPE_CHANGE_ASSUMED,cope_benchmark/repeated_v2/task_catalog.py:246,research/repeated_v2_formal_readiness_20260906/CURRENT_PREFLIGHT.txt,78da922e4dbd1411f1aa91846b88fc5d621be4856faf76cd87ca864eeeb0348c
GAP-0794,9,KITCHEN_SCENE6_put_the_yellow_and_white_mug_in_the_microwave_and_close_it,task 9: unverified structural check two_independently_verifiable_milestones,structural_and_milestones,,,No structural/milestone evidence dossier; BDDL predicates are candidates only,PER_TASK,T09:structural_and_milestones,T09:structural_and_milestones,G-MEASUREMENT,AUTHOR_AND_MEASURE_NO_AUTOFILL,"Four structural decisions with evidence_refs; >=2 distinct independently verifiable milestones, >=1 preservable; task5 needs a valid second milestone or documented ineligibility",catalog_complete;structural_task_eligibility;progress_preservation,structural_checks_share_task_dossier,NO_SCOPE_CHANGE_ASSUMED,cope_benchmark/repeated_v2/task_catalog.py:246,research/repeated_v2_formal_readiness_20260906/CURRENT_PREFLIGHT.txt,78da922e4dbd1411f1aa91846b88fc5d621be4856faf76cd87ca864eeeb0348c
