case_id,family,arm,oracle_accepted,semantic_state_sha256,transaction_meta_sha256,common_input_sha256,rule_clause_count
SCE-S04-01,scale_04_single_root_expiry,cope_semantic,True,f234f0d2add4430314150047e8267dd901ef8c604f6ddae6e898eb6391f8ba83,d327ed474d44e96200193e4ac6b1ace76b0062bb4f3629640359c18a80d54453,d27d19aeff973e559325f34da86219fa620badb0d10ffd661df3eadb7069a86d,1
SCE-S04-01,scale_04_single_root_expiry,neutral_typed,True,f234f0d2add4430314150047e8267dd901ef8c604f6ddae6e898eb6391f8ba83,d327ed474d44e96200193e4ac6b1ace76b0062bb4f3629640359c18a80d54453,d27d19aeff973e559325f34da86219fa620badb0d10ffd661df3eadb7069a86d,1
SCE-S04-01,scale_04_single_root_expiry,compact_semantic,True,f234f0d2add4430314150047e8267dd901ef8c604f6ddae6e898eb6391f8ba83,d327ed474d44e96200193e4ac6b1ace76b0062bb4f3629640359c18a80d54453,d27d19aeff973e559325f34da86219fa620badb0d10ffd661df3eadb7069a86d,1
SCE-S04-01,scale_04_single_root_expiry,fsr_semantic,True,f234f0d2add4430314150047e8267dd901ef8c604f6ddae6e898eb6391f8ba83,d327ed474d44e96200193e4ac6b1ace76b0062bb4f3629640359c18a80d54453,d27d19aeff973e559325f34da86219fa620badb0d10ffd661df3eadb7069a86d,1
SCE-S04-02,scale_04_expiry_with_running_action,cope_semantic,True,a7fdb24abadea03211a48a3e32aebae94772e2b151fa777d9018ef79064a4dd6,1c4036ce05050edcea2f25575278652dd835daecf54feccefd6c90bfaf2a7eb5,e5000370828c02b1e8976532bdba5f4dcd2fe971e93d87dcfb75fdf65e54a31b,2
SCE-S04-02,scale_04_expiry_with_running_action,neutral_typed,True,a7fdb24abadea03211a48a3e32aebae94772e2b151fa777d9018ef79064a4dd6,1c4036ce05050edcea2f25575278652dd835daecf54feccefd6c90bfaf2a7eb5,e5000370828c02b1e8976532bdba5f4dcd2fe971e93d87dcfb75fdf65e54a31b,2
SCE-S04-02,scale_04_expiry_with_running_action,compact_semantic,True,a7fdb24abadea03211a48a3e32aebae94772e2b151fa777d9018ef79064a4dd6,1c4036ce05050edcea2f25575278652dd835daecf54feccefd6c90bfaf2a7eb5,e5000370828c02b1e8976532bdba5f4dcd2fe971e93d87dcfb75fdf65e54a31b,2
SCE-S04-02,scale_04_expiry_with_running_action,fsr_semantic,True,a7fdb24abadea03211a48a3e32aebae94772e2b151fa777d9018ef79064a4dd6,1c4036ce05050edcea2f25575278652dd835daecf54feccefd6c90bfaf2a7eb5,e5000370828c02b1e8976532bdba5f4dcd2fe971e93d87dcfb75fdf65e54a31b,2
SCE-S04-03,scale_04_conjunctive_dependency_block,cope_semantic,True,2a8680569e87b5e45a14bf959854744a85036f5041e47cb2e94ae192d1e9673f,3999b608da6d352a2c5bf557a8e695eb7ea45607836e2b38803b2e36ebe8eff2,b66d62e8f01b2cdd9039f7008c4e332b0ae342024b5205d20ab5f8293981fc59,3
SCE-S04-03,scale_04_conjunctive_dependency_block,neutral_typed,True,2a8680569e87b5e45a14bf959854744a85036f5041e47cb2e94ae192d1e9673f,3999b608da6d352a2c5bf557a8e695eb7ea45607836e2b38803b2e36ebe8eff2,b66d62e8f01b2cdd9039f7008c4e332b0ae342024b5205d20ab5f8293981fc59,3
SCE-S04-03,scale_04_conjunctive_dependency_block,compact_semantic,True,2a8680569e87b5e45a14bf959854744a85036f5041e47cb2e94ae192d1e9673f,3999b608da6d352a2c5bf557a8e695eb7ea45607836e2b38803b2e36ebe8eff2,b66d62e8f01b2cdd9039f7008c4e332b0ae342024b5205d20ab5f8293981fc59,3
SCE-S04-03,scale_04_conjunctive_dependency_block,fsr_semantic,True,2a8680569e87b5e45a14bf959854744a85036f5041e47cb2e94ae192d1e9673f,3999b608da6d352a2c5bf557a8e695eb7ea45607836e2b38803b2e36ebe8eff2,b66d62e8f01b2cdd9039f7008c4e332b0ae342024b5205d20ab5f8293981fc59,3
SCE-S04-04,scale_04_disjunctive_dependency_survival,cope_semantic,True,7ec1c6459c9a992833aca2b373d0b9f65a9e9cd27f92261567139cd64ceb9d22,deeaf591f712d21df45521d5e6f914ffbbf8a523fe262f564d0cba96a2956598,37c8637076def19dae41e062ee243ebd8de8dbf2a42f0eef0cd9cfec8ff70722,2
SCE-S04-04,scale_04_disjunctive_dependency_survival,neutral_typed,True,7ec1c6459c9a992833aca2b373d0b9f65a9e9cd27f92261567139cd64ceb9d22,deeaf591f712d21df45521d5e6f914ffbbf8a523fe262f564d0cba96a2956598,37c8637076def19dae41e062ee243ebd8de8dbf2a42f0eef0cd9cfec8ff70722,2
SCE-S04-04,scale_04_disjunctive_dependency_survival,compact_semantic,True,7ec1c6459c9a992833aca2b373d0b9f65a9e9cd27f92261567139cd64ceb9d22,deeaf591f712d21df45521d5e6f914ffbbf8a523fe262f564d0cba96a2956598,37c8637076def19dae41e062ee243ebd8de8dbf2a42f0eef0cd9cfec8ff70722,2
SCE-S04-04,scale_04_disjunctive_dependency_survival,fsr_semantic,True,7ec1c6459c9a992833aca2b373d0b9f65a9e9cd27f92261567139cd64ceb9d22,deeaf591f712d21df45521d5e6f914ffbbf8a523fe262f564d0cba96a2956598,37c8637076def19dae41e062ee243ebd8de8dbf2a42f0eef0cd9cfec8ff70722,2
SCE-S04-05,scale_04_priority_raise_without_preemption,cope_semantic,True,3f36504f10d26bdf27f705a6665b9f6ebf9c02a9fca43c90ed30ca934ea4709e,c81dbfeead0d28fd358fb0b228c005ce3de89555a3bf73ee82df0c17e85dc05b,3b28809daf30f719a389e62556f7a747224cae0d1414efe63bb09385725b244f,1
SCE-S04-05,scale_04_priority_raise_without_preemption,neutral_typed,True,3f36504f10d26bdf27f705a6665b9f6ebf9c02a9fca43c90ed30ca934ea4709e,c81dbfeead0d28fd358fb0b228c005ce3de89555a3bf73ee82df0c17e85dc05b,3b28809daf30f719a389e62556f7a747224cae0d1414efe63bb09385725b244f,1
SCE-S04-05,scale_04_priority_raise_without_preemption,compact_semantic,True,3f36504f10d26bdf27f705a6665b9f6ebf9c02a9fca43c90ed30ca934ea4709e,c81dbfeead0d28fd358fb0b228c005ce3de89555a3bf73ee82df0c17e85dc05b,3b28809daf30f719a389e62556f7a747224cae0d1414efe63bb09385725b244f,1
SCE-S04-05,scale_04_priority_raise_without_preemption,fsr_semantic,True,3f36504f10d26bdf27f705a6665b9f6ebf9c02a9fca43c90ed30ca934ea4709e,c81dbfeead0d28fd358fb0b228c005ce3de89555a3bf73ee82df0c17e85dc05b,3b28809daf30f719a389e62556f7a747224cae0d1414efe63bb09385725b244f,1
SCE-S04-06,scale_04_priority_raise_with_preemption,cope_semantic,True,681644e193d564de3e0dad7ab232286c9d09844b574dbfc4b4a23bdb80a0f07f,0f13a519aad40af49f9583f0c639df7984ddfc66be7acb93a086c225aaf5be60,84d03394162f4f7026158415674c1c1ca039814f1bb30cacadced3418dc9720e,3
SCE-S04-06,scale_04_priority_raise_with_preemption,neutral_typed,True,681644e193d564de3e0dad7ab232286c9d09844b574dbfc4b4a23bdb80a0f07f,0f13a519aad40af49f9583f0c639df7984ddfc66be7acb93a086c225aaf5be60,84d03394162f4f7026158415674c1c1ca039814f1bb30cacadced3418dc9720e,3
SCE-S04-06,scale_04_priority_raise_with_preemption,compact_semantic,True,681644e193d564de3e0dad7ab232286c9d09844b574dbfc4b4a23bdb80a0f07f,0f13a519aad40af49f9583f0c639df7984ddfc66be7acb93a086c225aaf5be60,84d03394162f4f7026158415674c1c1ca039814f1bb30cacadced3418dc9720e,3
SCE-S04-06,scale_04_priority_raise_with_preemption,fsr_semantic,True,681644e193d564de3e0dad7ab232286c9d09844b574dbfc4b4a23bdb80a0f07f,0f13a519aad40af49f9583f0c639df7984ddfc66be7acb93a086c225aaf5be60,84d03394162f4f7026158415674c1c1ca039814f1bb30cacadced3418dc9720e,3
SCE-S04-07,scale_04_replacement_insert_only,cope_semantic,True,973b5bdf65e37cb58b0a3959544508ec60a68b4cb01cecd4e6908978e21f8ca1,edf8e5047ac51a5c28626e83470a5cab54d7bfcd68d52be3f844911e3191513d,dbd72895c35b96d334fcd9e7b286601d1aa2e17e026d2c4beb21f47f390d8878,2
SCE-S04-07,scale_04_replacement_insert_only,neutral_typed,True,973b5bdf65e37cb58b0a3959544508ec60a68b4cb01cecd4e6908978e21f8ca1,edf8e5047ac51a5c28626e83470a5cab54d7bfcd68d52be3f844911e3191513d,dbd72895c35b96d334fcd9e7b286601d1aa2e17e026d2c4beb21f47f390d8878,2
SCE-S04-07,scale_04_replacement_insert_only,compact_semantic,True,973b5bdf65e37cb58b0a3959544508ec60a68b4cb01cecd4e6908978e21f8ca1,edf8e5047ac51a5c28626e83470a5cab54d7bfcd68d52be3f844911e3191513d,dbd72895c35b96d334fcd9e7b286601d1aa2e17e026d2c4beb21f47f390d8878,2
SCE-S04-07,scale_04_replacement_insert_only,fsr_semantic,True,973b5bdf65e37cb58b0a3959544508ec60a68b4cb01cecd4e6908978e21f8ca1,edf8e5047ac51a5c28626e83470a5cab54d7bfcd68d52be3f844911e3191513d,dbd72895c35b96d334fcd9e7b286601d1aa2e17e026d2c4beb21f47f390d8878,2
SCE-S04-08,scale_04_replacement_retarget_action,cope_semantic,True,1b1753bf666aa1ae7be6f66c5fd1b15664467d9b5bf79c4ff72ffe536640fcf0,1a3439707211dcd930d5bb15c1f9f4c9124c908152f7716cafbb0c634a021562,f5b99a333ce5dd41eab623721b01acdc4c515a9db9f5ded1bb5cace1e0207de6,3
SCE-S04-08,scale_04_replacement_retarget_action,neutral_typed,True,1b1753bf666aa1ae7be6f66c5fd1b15664467d9b5bf79c4ff72ffe536640fcf0,1a3439707211dcd930d5bb15c1f9f4c9124c908152f7716cafbb0c634a021562,f5b99a333ce5dd41eab623721b01acdc4c515a9db9f5ded1bb5cace1e0207de6,3
SCE-S04-08,scale_04_replacement_retarget_action,compact_semantic,True,1b1753bf666aa1ae7be6f66c5fd1b15664467d9b5bf79c4ff72ffe536640fcf0,1a3439707211dcd930d5bb15c1f9f4c9124c908152f7716cafbb0c634a021562,f5b99a333ce5dd41eab623721b01acdc4c515a9db9f5ded1bb5cace1e0207de6,3
SCE-S04-08,scale_04_replacement_retarget_action,fsr_semantic,True,1b1753bf666aa1ae7be6f66c5fd1b15664467d9b5bf79c4ff72ffe536640fcf0,1a3439707211dcd930d5bb15c1f9f4c9124c908152f7716cafbb0c634a021562,f5b99a333ce5dd41eab623721b01acdc4c515a9db9f5ded1bb5cace1e0207de6,3
SCE-S04-09,scale_04_replacement_retarget_progress,cope_semantic,True,aebe2dee53afccf35684c65d14f86bca4d49185a6524458a65a30fb3e5adc396,a8343574e249bf136902f7823a314c3851256f35ae1e865ed77685206675b1de,cab7b228ba5b2e706549bcc83b32dcd5d58f055de798fbeb87b1f2e71ef33ce6,3
SCE-S04-09,scale_04_replacement_retarget_progress,neutral_typed,True,aebe2dee53afccf35684c65d14f86bca4d49185a6524458a65a30fb3e5adc396,a8343574e249bf136902f7823a314c3851256f35ae1e865ed77685206675b1de,cab7b228ba5b2e706549bcc83b32dcd5d58f055de798fbeb87b1f2e71ef33ce6,3
SCE-S04-09,scale_04_replacement_retarget_progress,compact_semantic,True,aebe2dee53afccf35684c65d14f86bca4d49185a6524458a65a30fb3e5adc396,a8343574e249bf136902f7823a314c3851256f35ae1e865ed77685206675b1de,cab7b228ba5b2e706549bcc83b32dcd5d58f055de798fbeb87b1f2e71ef33ce6,3
SCE-S04-09,scale_04_replacement_retarget_progress,fsr_semantic,True,aebe2dee53afccf35684c65d14f86bca4d49185a6524458a65a30fb3e5adc396,a8343574e249bf136902f7823a314c3851256f35ae1e865ed77685206675b1de,cab7b228ba5b2e706549bcc83b32dcd5d58f055de798fbeb87b1f2e71ef33ce6,3
SCE-S04-10,scale_04_temporary_override_insert,cope_semantic,True,6afc42ea7066b2799ab76708fbf769aecf04e0b99710458ee8ed69546cc07818,02e90b651dc3d017d5ef7969b2f80f867b12e71291084e12aa060ba076c3606a,2f1a151681039108f35a57003de66977de3300835da17223057d43a86529124d,3
SCE-S04-10,scale_04_temporary_override_insert,neutral_typed,True,6afc42ea7066b2799ab76708fbf769aecf04e0b99710458ee8ed69546cc07818,02e90b651dc3d017d5ef7969b2f80f867b12e71291084e12aa060ba076c3606a,2f1a151681039108f35a57003de66977de3300835da17223057d43a86529124d,3
SCE-S04-10,scale_04_temporary_override_insert,compact_semantic,True,6afc42ea7066b2799ab76708fbf769aecf04e0b99710458ee8ed69546cc07818,02e90b651dc3d017d5ef7969b2f80f867b12e71291084e12aa060ba076c3606a,2f1a151681039108f35a57003de66977de3300835da17223057d43a86529124d,3
SCE-S04-10,scale_04_temporary_override_insert,fsr_semantic,True,6afc42ea7066b2799ab76708fbf769aecf04e0b99710458ee8ed69546cc07818,02e90b651dc3d017d5ef7969b2f80f867b12e71291084e12aa060ba076c3606a,2f1a151681039108f35a57003de66977de3300835da17223057d43a86529124d,3
SCE-S04-11,scale_04_temporary_override_with_restore,cope_semantic,True,aab63ffc4e77d78641d31eb0582fa27d3a9452d4d886c96680e4364d9c83ce1b,980159e1bac70a69cbf19ed2253ffa0edf3eaf5bc0825715d7ab407d31b79138,10fab6ba9c146b45f9418a66970926a10749ee77e9b4e6b303a9fc75f6a1945c,4
SCE-S04-11,scale_04_temporary_override_with_restore,neutral_typed,True,aab63ffc4e77d78641d31eb0582fa27d3a9452d4d886c96680e4364d9c83ce1b,980159e1bac70a69cbf19ed2253ffa0edf3eaf5bc0825715d7ab407d31b79138,10fab6ba9c146b45f9418a66970926a10749ee77e9b4e6b303a9fc75f6a1945c,4
SCE-S04-11,scale_04_temporary_override_with_restore,compact_semantic,True,aab63ffc4e77d78641d31eb0582fa27d3a9452d4d886c96680e4364d9c83ce1b,980159e1bac70a69cbf19ed2253ffa0edf3eaf5bc0825715d7ab407d31b79138,10fab6ba9c146b45f9418a66970926a10749ee77e9b4e6b303a9fc75f6a1945c,4
SCE-S04-11,scale_04_temporary_override_with_restore,fsr_semantic,True,aab63ffc4e77d78641d31eb0582fa27d3a9452d4d886c96680e4364d9c83ce1b,980159e1bac70a69cbf19ed2253ffa0edf3eaf5bc0825715d7ab407d31b79138,10fab6ba9c146b45f9418a66970926a10749ee77e9b4e6b303a9fc75f6a1945c,4
SCE-S04-12,scale_04_override_release_resume,cope_semantic,True,3560710dce3a30affc7fdb8d52bc1db3554d04474e56427c97566de40a6b814a,b2d1e361bb801365d170142c729974e43bea4717b684dcf464276c8888e38bda,23209de3a4de0832d3f5f54dbb40d005874c5619149556b6e04e3b67f228c6f2,4
SCE-S04-12,scale_04_override_release_resume,neutral_typed,True,3560710dce3a30affc7fdb8d52bc1db3554d04474e56427c97566de40a6b814a,b2d1e361bb801365d170142c729974e43bea4717b684dcf464276c8888e38bda,23209de3a4de0832d3f5f54dbb40d005874c5619149556b6e04e3b67f228c6f2,4
SCE-S04-12,scale_04_override_release_resume,compact_semantic,True,3560710dce3a30affc7fdb8d52bc1db3554d04474e56427c97566de40a6b814a,b2d1e361bb801365d170142c729974e43bea4717b684dcf464276c8888e38bda,23209de3a4de0832d3f5f54dbb40d005874c5619149556b6e04e3b67f228c6f2,4
SCE-S04-12,scale_04_override_release_resume,fsr_semantic,True,3560710dce3a30affc7fdb8d52bc1db3554d04474e56427c97566de40a6b814a,b2d1e361bb801365d170142c729974e43bea4717b684dcf464276c8888e38bda,23209de3a4de0832d3f5f54dbb40d005874c5619149556b6e04e3b67f228c6f2,4
SCE-S04-13,scale_04_override_release_complete,cope_semantic,True,e4829276ec669f2969f66c4f67b80d487f7fc6ff41740e1748d39e0bf86153ea,06a427bf4f91d26afab905814118fbc9b2bbdaec5b023d8fbad3f5aff48bfa1c,caa37d03f45f7f97b3fc7529f0b4674b3e09f6214a66a8bbfe2efdd8525fc27f,4
SCE-S04-13,scale_04_override_release_complete,neutral_typed,True,e4829276ec669f2969f66c4f67b80d487f7fc6ff41740e1748d39e0bf86153ea,06a427bf4f91d26afab905814118fbc9b2bbdaec5b023d8fbad3f5aff48bfa1c,caa37d03f45f7f97b3fc7529f0b4674b3e09f6214a66a8bbfe2efdd8525fc27f,4
SCE-S04-13,scale_04_override_release_complete,compact_semantic,True,e4829276ec669f2969f66c4f67b80d487f7fc6ff41740e1748d39e0bf86153ea,06a427bf4f91d26afab905814118fbc9b2bbdaec5b023d8fbad3f5aff48bfa1c,caa37d03f45f7f97b3fc7529f0b4674b3e09f6214a66a8bbfe2efdd8525fc27f,4
SCE-S04-13,scale_04_override_release_complete,fsr_semantic,True,e4829276ec669f2969f66c4f67b80d487f7fc6ff41740e1748d39e0bf86153ea,06a427bf4f91d26afab905814118fbc9b2bbdaec5b023d8fbad3f5aff48bfa1c,caa37d03f45f7f97b3fc7529f0b4674b3e09f6214a66a8bbfe2efdd8525fc27f,4
SCE-S04-14,scale_04_world_fact_blocks_pending,cope_semantic,True,10cc36b5661335f9b3d8839c5b1cab040110316834e33aa82aee17e603facedb,fb333909c0c4769a2941a2fd46fca9169c3e038bbcfec3ea0f1cee8d5cd33cf1,3595f41047957f1c93f1157dd6f4bf8a672ce8c2dc4aa22e96afc49537e11d67,2
SCE-S04-14,scale_04_world_fact_blocks_pending,neutral_typed,True,10cc36b5661335f9b3d8839c5b1cab040110316834e33aa82aee17e603facedb,fb333909c0c4769a2941a2fd46fca9169c3e038bbcfec3ea0f1cee8d5cd33cf1,3595f41047957f1c93f1157dd6f4bf8a672ce8c2dc4aa22e96afc49537e11d67,2
SCE-S04-14,scale_04_world_fact_blocks_pending,compact_semantic,True,10cc36b5661335f9b3d8839c5b1cab040110316834e33aa82aee17e603facedb,fb333909c0c4769a2941a2fd46fca9169c3e038bbcfec3ea0f1cee8d5cd33cf1,3595f41047957f1c93f1157dd6f4bf8a672ce8c2dc4aa22e96afc49537e11d67,2
SCE-S04-14,scale_04_world_fact_blocks_pending,fsr_semantic,True,10cc36b5661335f9b3d8839c5b1cab040110316834e33aa82aee17e603facedb,fb333909c0c4769a2941a2fd46fca9169c3e038bbcfec3ea0f1cee8d5cd33cf1,3595f41047957f1c93f1157dd6f4bf8a672ce8c2dc4aa22e96afc49537e11d67,2
SCE-S04-15,scale_04_world_fact_halts_running,cope_semantic,True,5b352a43248b8428398b4fb45278ecdc784a89c84b7e007942d0cb9b78fb98a0,235b999a671059daa2bd59397bbccccce7055118dac5d28b086e7dac1c4b401e,5c2a6b6156d4c74d9a43c8ed382696592d609e22fcd2fa93447514b66328f938,3
SCE-S04-15,scale_04_world_fact_halts_running,neutral_typed,True,5b352a43248b8428398b4fb45278ecdc784a89c84b7e007942d0cb9b78fb98a0,235b999a671059daa2bd59397bbccccce7055118dac5d28b086e7dac1c4b401e,5c2a6b6156d4c74d9a43c8ed382696592d609e22fcd2fa93447514b66328f938,3
SCE-S04-15,scale_04_world_fact_halts_running,compact_semantic,True,5b352a43248b8428398b4fb45278ecdc784a89c84b7e007942d0cb9b78fb98a0,235b999a671059daa2bd59397bbccccce7055118dac5d28b086e7dac1c4b401e,5c2a6b6156d4c74d9a43c8ed382696592d609e22fcd2fa93447514b66328f938,3
SCE-S04-15,scale_04_world_fact_halts_running,fsr_semantic,True,5b352a43248b8428398b4fb45278ecdc784a89c84b7e007942d0cb9b78fb98a0,235b999a671059daa2bd59397bbccccce7055118dac5d28b086e7dac1c4b401e,5c2a6b6156d4c74d9a43c8ed382696592d609e22fcd2fa93447514b66328f938,3
SCE-S04-16,scale_04_evidence_invalidates_progress,cope_semantic,True,0386b4ef74caf4d3281b3877016a52c833096c254a781deb308dc6007e8821dd,b519764180b5a3eeb4ba01288e1e722be76acd94b8932257d0fb23afbf0fecf8,98eba791e05bbd6b272eb4b3425ad31a3dae3dc2606a6d5578a2186f28a6f3a6,3
SCE-S04-16,scale_04_evidence_invalidates_progress,neutral_typed,True,0386b4ef74caf4d3281b3877016a52c833096c254a781deb308dc6007e8821dd,b519764180b5a3eeb4ba01288e1e722be76acd94b8932257d0fb23afbf0fecf8,98eba791e05bbd6b272eb4b3425ad31a3dae3dc2606a6d5578a2186f28a6f3a6,3
SCE-S04-16,scale_04_evidence_invalidates_progress,compact_semantic,True,0386b4ef74caf4d3281b3877016a52c833096c254a781deb308dc6007e8821dd,b519764180b5a3eeb4ba01288e1e722be76acd94b8932257d0fb23afbf0fecf8,98eba791e05bbd6b272eb4b3425ad31a3dae3dc2606a6d5578a2186f28a6f3a6,3
SCE-S04-16,scale_04_evidence_invalidates_progress,fsr_semantic,True,0386b4ef74caf4d3281b3877016a52c833096c254a781deb308dc6007e8821dd,b519764180b5a3eeb4ba01288e1e722be76acd94b8932257d0fb23afbf0fecf8,98eba791e05bbd6b272eb4b3425ad31a3dae3dc2606a6d5578a2186f28a6f3a6,3
SCE-S04-17,scale_04_evidence_revalidates_progress,cope_semantic,True,0307474f0de2abb8464f6e90c049f3ebf6f64084c33a54c6ada9a575289b217e,b512a8b0d853e44d3717eec295e059fec9e3b6eb9852ec9651d523522ced76dd,8bc8725415cbdcb54aaffe78d312fbef57184b59ff2b6bf335e92e88c36ae53c,3
SCE-S04-17,scale_04_evidence_revalidates_progress,neutral_typed,True,0307474f0de2abb8464f6e90c049f3ebf6f64084c33a54c6ada9a575289b217e,b512a8b0d853e44d3717eec295e059fec9e3b6eb9852ec9651d523522ced76dd,8bc8725415cbdcb54aaffe78d312fbef57184b59ff2b6bf335e92e88c36ae53c,3
SCE-S04-17,scale_04_evidence_revalidates_progress,compact_semantic,True,0307474f0de2abb8464f6e90c049f3ebf6f64084c33a54c6ada9a575289b217e,b512a8b0d853e44d3717eec295e059fec9e3b6eb9852ec9651d523522ced76dd,8bc8725415cbdcb54aaffe78d312fbef57184b59ff2b6bf335e92e88c36ae53c,3
SCE-S04-17,scale_04_evidence_revalidates_progress,fsr_semantic,True,0307474f0de2abb8464f6e90c049f3ebf6f64084c33a54c6ada9a575289b217e,b512a8b0d853e44d3717eec295e059fec9e3b6eb9852ec9651d523522ced76dd,8bc8725415cbdcb54aaffe78d312fbef57184b59ff2b6bf335e92e88c36ae53c,3
SCE-S04-18,scale_04_nonreversible_safe_stop,cope_semantic,True,a5967200dadeb7e61da82695351f6adf3024e7d1dd75b9fd70b5a7248b102693,3c9d8f58184305d34236a011ea24eb62d0bbae2d9ddefcbd71f65b784b627d84,30217130676717edba7500c491878a771205d461a8a9072fb06b094c6e46ce9f,3
SCE-S04-18,scale_04_nonreversible_safe_stop,neutral_typed,True,a5967200dadeb7e61da82695351f6adf3024e7d1dd75b9fd70b5a7248b102693,3c9d8f58184305d34236a011ea24eb62d0bbae2d9ddefcbd71f65b784b627d84,30217130676717edba7500c491878a771205d461a8a9072fb06b094c6e46ce9f,3
SCE-S04-18,scale_04_nonreversible_safe_stop,compact_semantic,True,a5967200dadeb7e61da82695351f6adf3024e7d1dd75b9fd70b5a7248b102693,3c9d8f58184305d34236a011ea24eb62d0bbae2d9ddefcbd71f65b784b627d84,30217130676717edba7500c491878a771205d461a8a9072fb06b094c6e46ce9f,3
SCE-S04-18,scale_04_nonreversible_safe_stop,fsr_semantic,True,a5967200dadeb7e61da82695351f6adf3024e7d1dd75b9fd70b5a7248b102693,3c9d8f58184305d34236a011ea24eb62d0bbae2d9ddefcbd71f65b784b627d84,30217130676717edba7500c491878a771205d461a8a9072fb06b094c6e46ce9f,3
SCE-S04-19,scale_04_reversible_immediate_stop,cope_semantic,True,0e563734888dc6a23ccffdb2b5bcbb8cf63a8cefa6f9296ca654907f18c37330,d5f8b6cd31d59e731ca2709f9c127157baf37b987d787d151e0d3c139807742e,6ca259994f0953989b4243e440e89a65acbcca1fe9044c05d0a4b93f7001166b,2
SCE-S04-19,scale_04_reversible_immediate_stop,neutral_typed,True,0e563734888dc6a23ccffdb2b5bcbb8cf63a8cefa6f9296ca654907f18c37330,d5f8b6cd31d59e731ca2709f9c127157baf37b987d787d151e0d3c139807742e,6ca259994f0953989b4243e440e89a65acbcca1fe9044c05d0a4b93f7001166b,2
SCE-S04-19,scale_04_reversible_immediate_stop,compact_semantic,True,0e563734888dc6a23ccffdb2b5bcbb8cf63a8cefa6f9296ca654907f18c37330,d5f8b6cd31d59e731ca2709f9c127157baf37b987d787d151e0d3c139807742e,6ca259994f0953989b4243e440e89a65acbcca1fe9044c05d0a4b93f7001166b,2
SCE-S04-19,scale_04_reversible_immediate_stop,fsr_semantic,True,0e563734888dc6a23ccffdb2b5bcbb8cf63a8cefa6f9296ca654907f18c37330,d5f8b6cd31d59e731ca2709f9c127157baf37b987d787d151e0d3c139807742e,6ca259994f0953989b4243e440e89a65acbcca1fe9044c05d0a4b93f7001166b,2
SCE-S04-20,scale_04_progress_checkpoint_insert,cope_semantic,True,b13f195454ff8867ebb53f279120b97025238c5d29b89bda309f84490f1e24be,a0121385f6ead2b3a62e2f17773bb204b71378b4de89466c2dc0fc2ebc2958f2,43312152235db100ee53b49e400f4d80c863485b81849ffef844eb48fa30770c,2
SCE-S04-20,scale_04_progress_checkpoint_insert,neutral_typed,True,b13f195454ff8867ebb53f279120b97025238c5d29b89bda309f84490f1e24be,a0121385f6ead2b3a62e2f17773bb204b71378b4de89466c2dc0fc2ebc2958f2,43312152235db100ee53b49e400f4d80c863485b81849ffef844eb48fa30770c,2
SCE-S04-20,scale_04_progress_checkpoint_insert,compact_semantic,True,b13f195454ff8867ebb53f279120b97025238c5d29b89bda309f84490f1e24be,a0121385f6ead2b3a62e2f17773bb204b71378b4de89466c2dc0fc2ebc2958f2,43312152235db100ee53b49e400f4d80c863485b81849ffef844eb48fa30770c,2
SCE-S04-20,scale_04_progress_checkpoint_insert,fsr_semantic,True,b13f195454ff8867ebb53f279120b97025238c5d29b89bda309f84490f1e24be,a0121385f6ead2b3a62e2f17773bb204b71378b4de89466c2dc0fc2ebc2958f2,43312152235db100ee53b49e400f4d80c863485b81849ffef844eb48fa30770c,2
SCE-S04-21,scale_04_progress_checkpoint_advance,cope_semantic,True,8e97b816324e6115f4922798a27962084387e05d27856918bf0f80f528c0e745,11ce6b9e3b2276fa40d00ccab9abb904d3430f72e71fa4c7f8ec7dafad63a842,1da0a881280c9fa31be7ade2ee38b6df66aa43520461a7a866c4d275b890851f,2
SCE-S04-21,scale_04_progress_checkpoint_advance,neutral_typed,True,8e97b816324e6115f4922798a27962084387e05d27856918bf0f80f528c0e745,11ce6b9e3b2276fa40d00ccab9abb904d3430f72e71fa4c7f8ec7dafad63a842,1da0a881280c9fa31be7ade2ee38b6df66aa43520461a7a866c4d275b890851f,2
SCE-S04-21,scale_04_progress_checkpoint_advance,compact_semantic,True,8e97b816324e6115f4922798a27962084387e05d27856918bf0f80f528c0e745,11ce6b9e3b2276fa40d00ccab9abb904d3430f72e71fa4c7f8ec7dafad63a842,1da0a881280c9fa31be7ade2ee38b6df66aa43520461a7a866c4d275b890851f,2
SCE-S04-21,scale_04_progress_checkpoint_advance,fsr_semantic,True,8e97b816324e6115f4922798a27962084387e05d27856918bf0f80f528c0e745,11ce6b9e3b2276fa40d00ccab9abb904d3430f72e71fa4c7f8ec7dafad63a842,1da0a881280c9fa31be7ade2ee38b6df66aa43520461a7a866c4d275b890851f,2
SCE-S04-22,scale_04_progress_reset_retry,cope_semantic,True,132c5e6bf5c84c8e5fb3c6f4ab01991d49c32a1be5c807cf7344644ef369ee0d,b66a5aa55a7568bd510eaef76ed7bdafce9bc1530cbe89eced45ae8efc22bf0a,8cff607cdc0bffbb8631de75ba3cb0eb3ca9e648f62c9935b015f21550810569,3
SCE-S04-22,scale_04_progress_reset_retry,neutral_typed,True,132c5e6bf5c84c8e5fb3c6f4ab01991d49c32a1be5c807cf7344644ef369ee0d,b66a5aa55a7568bd510eaef76ed7bdafce9bc1530cbe89eced45ae8efc22bf0a,8cff607cdc0bffbb8631de75ba3cb0eb3ca9e648f62c9935b015f21550810569,3
SCE-S04-22,scale_04_progress_reset_retry,compact_semantic,True,132c5e6bf5c84c8e5fb3c6f4ab01991d49c32a1be5c807cf7344644ef369ee0d,b66a5aa55a7568bd510eaef76ed7bdafce9bc1530cbe89eced45ae8efc22bf0a,8cff607cdc0bffbb8631de75ba3cb0eb3ca9e648f62c9935b015f21550810569,3
SCE-S04-22,scale_04_progress_reset_retry,fsr_semantic,True,132c5e6bf5c84c8e5fb3c6f4ab01991d49c32a1be5c807cf7344644ef369ee0d,b66a5aa55a7568bd510eaef76ed7bdafce9bc1530cbe89eced45ae8efc22bf0a,8cff607cdc0bffbb8631de75ba3cb0eb3ca9e648f62c9935b015f21550810569,3
SCE-S04-23,scale_04_restoration_candidate_add,cope_semantic,True,af25ec9c326545d58da350ade1c9c9baa085d8563821f927a2062267020b57a0,11ec3f9de27c92a0c5bf828834a00d7f3300da9e4dec902ec07135e703eb70af,ef7fd6c3ba70e159700d82319d807d2a6dfee53de6950953a19278dbf71a86ea,1
SCE-S04-23,scale_04_restoration_candidate_add,neutral_typed,True,af25ec9c326545d58da350ade1c9c9baa085d8563821f927a2062267020b57a0,11ec3f9de27c92a0c5bf828834a00d7f3300da9e4dec902ec07135e703eb70af,ef7fd6c3ba70e159700d82319d807d2a6dfee53de6950953a19278dbf71a86ea,1
SCE-S04-23,scale_04_restoration_candidate_add,compact_semantic,True,af25ec9c326545d58da350ade1c9c9baa085d8563821f927a2062267020b57a0,11ec3f9de27c92a0c5bf828834a00d7f3300da9e4dec902ec07135e703eb70af,ef7fd6c3ba70e159700d82319d807d2a6dfee53de6950953a19278dbf71a86ea,1
SCE-S04-23,scale_04_restoration_candidate_add,fsr_semantic,True,af25ec9c326545d58da350ade1c9c9baa085d8563821f927a2062267020b57a0,11ec3f9de27c92a0c5bf828834a00d7f3300da9e4dec902ec07135e703eb70af,ef7fd6c3ba70e159700d82319d807d2a6dfee53de6950953a19278dbf71a86ea,1
SCE-S04-24,scale_04_restoration_candidate_replace,cope_semantic,True,fd79301a6697994da5dc0f239819281e9d25467a8caf5c4e1c8b43389249946f,72748ce5263b0d2dfc9cf43b5dbac1444e6318f1632616a1213414c24152badd,056a37188ab45cf6f63df499b8d799b753333c1338dd7fca6541bb2b40c6399b,2
SCE-S04-24,scale_04_restoration_candidate_replace,neutral_typed,True,fd79301a6697994da5dc0f239819281e9d25467a8caf5c4e1c8b43389249946f,72748ce5263b0d2dfc9cf43b5dbac1444e6318f1632616a1213414c24152badd,056a37188ab45cf6f63df499b8d799b753333c1338dd7fca6541bb2b40c6399b,2
SCE-S04-24,scale_04_restoration_candidate_replace,compact_semantic,True,fd79301a6697994da5dc0f239819281e9d25467a8caf5c4e1c8b43389249946f,72748ce5263b0d2dfc9cf43b5dbac1444e6318f1632616a1213414c24152badd,056a37188ab45cf6f63df499b8d799b753333c1338dd7fca6541bb2b40c6399b,2
SCE-S04-24,scale_04_restoration_candidate_replace,fsr_semantic,True,fd79301a6697994da5dc0f239819281e9d25467a8caf5c4e1c8b43389249946f,72748ce5263b0d2dfc9cf43b5dbac1444e6318f1632616a1213414c24152badd,056a37188ab45cf6f63df499b8d799b753333c1338dd7fca6541bb2b40c6399b,2
SCE-S04-25,scale_04_restoration_candidate_drop,cope_semantic,True,ac0195fdebd6ba467858dd8988326ab9dea20675477a04a70b2ac62a242d3748,b79d56400a9da404ddaa75cdc9154ce73a9b021137e6f7eca09c7640543ebc31,7abc4a3a30e201da2d4462bfd18d8ea034b0cc97ca3b00874840eefb423e6afc,2
SCE-S04-25,scale_04_restoration_candidate_drop,neutral_typed,True,ac0195fdebd6ba467858dd8988326ab9dea20675477a04a70b2ac62a242d3748,b79d56400a9da404ddaa75cdc9154ce73a9b021137e6f7eca09c7640543ebc31,7abc4a3a30e201da2d4462bfd18d8ea034b0cc97ca3b00874840eefb423e6afc,2
SCE-S04-25,scale_04_restoration_candidate_drop,compact_semantic,True,ac0195fdebd6ba467858dd8988326ab9dea20675477a04a70b2ac62a242d3748,b79d56400a9da404ddaa75cdc9154ce73a9b021137e6f7eca09c7640543ebc31,7abc4a3a30e201da2d4462bfd18d8ea034b0cc97ca3b00874840eefb423e6afc,2
SCE-S04-25,scale_04_restoration_candidate_drop,fsr_semantic,True,ac0195fdebd6ba467858dd8988326ab9dea20675477a04a70b2ac62a242d3748,b79d56400a9da404ddaa75cdc9154ce73a9b021137e6f7eca09c7640543ebc31,7abc4a3a30e201da2d4462bfd18d8ea034b0cc97ca3b00874840eefb423e6afc,2
SCE-S04-26,scale_04_subgoal_insert_commitment,cope_semantic,True,03d257074bca5c86d5bd9784bf53ebbfcf2f9f46630f362cfb8b1940ccd173a7,0d180f8b3337a17592a5f3046ac48cd385ae22b55630af3bf6471a951a533826,dc24adad05482de34f0994a7222cb5d9ce2970729f0095f7ce96e9c10cc22827,2
SCE-S04-26,scale_04_subgoal_insert_commitment,neutral_typed,True,03d257074bca5c86d5bd9784bf53ebbfcf2f9f46630f362cfb8b1940ccd173a7,0d180f8b3337a17592a5f3046ac48cd385ae22b55630af3bf6471a951a533826,dc24adad05482de34f0994a7222cb5d9ce2970729f0095f7ce96e9c10cc22827,2
SCE-S04-26,scale_04_subgoal_insert_commitment,compact_semantic,True,03d257074bca5c86d5bd9784bf53ebbfcf2f9f46630f362cfb8b1940ccd173a7,0d180f8b3337a17592a5f3046ac48cd385ae22b55630af3bf6471a951a533826,dc24adad05482de34f0994a7222cb5d9ce2970729f0095f7ce96e9c10cc22827,2
SCE-S04-26,scale_04_subgoal_insert_commitment,fsr_semantic,True,03d257074bca5c86d5bd9784bf53ebbfcf2f9f46630f362cfb8b1940ccd173a7,0d180f8b3337a17592a5f3046ac48cd385ae22b55630af3bf6471a951a533826,dc24adad05482de34f0994a7222cb5d9ce2970729f0095f7ce96e9c10cc22827,2
SCE-S04-27,scale_04_subgoal_insert_action,cope_semantic,True,b5e31a9442711f09ac1c0fdbf33a72af54bd363da627c2b3619be2c62abe297b,15bdc3a43a791ed563bab99f69257a4dfbd42d60090a03f9ded51987c2fe19cf,9e1e19a499eaae46eb4e2ce522a5a7a0337a38fa282954dcc4eb3c9684380695,3
SCE-S04-27,scale_04_subgoal_insert_action,neutral_typed,True,b5e31a9442711f09ac1c0fdbf33a72af54bd363da627c2b3619be2c62abe297b,15bdc3a43a791ed563bab99f69257a4dfbd42d60090a03f9ded51987c2fe19cf,9e1e19a499eaae46eb4e2ce522a5a7a0337a38fa282954dcc4eb3c9684380695,3
SCE-S04-27,scale_04_subgoal_insert_action,compact_semantic,True,b5e31a9442711f09ac1c0fdbf33a72af54bd363da627c2b3619be2c62abe297b,15bdc3a43a791ed563bab99f69257a4dfbd42d60090a03f9ded51987c2fe19cf,9e1e19a499eaae46eb4e2ce522a5a7a0337a38fa282954dcc4eb3c9684380695,3
SCE-S04-27,scale_04_subgoal_insert_action,fsr_semantic,True,b5e31a9442711f09ac1c0fdbf33a72af54bd363da627c2b3619be2c62abe297b,15bdc3a43a791ed563bab99f69257a4dfbd42d60090a03f9ded51987c2fe19cf,9e1e19a499eaae46eb4e2ce522a5a7a0337a38fa282954dcc4eb3c9684380695,3
SCE-S04-28,scale_04_subgoal_insert_full_bundle,cope_semantic,True,b3eaad0392bba6141aeb730566873f1c9e17fc6a8e612fce40ec1be89f462672,56d95d0b38f15e09f40d65d55ca561178cfe1e428ea7cc415d11ffbc79502221,1623a27ee2d21b6ad3d70a531c8f520757602ab9fb432b29b1a3e26951fbf5a0,4
SCE-S04-28,scale_04_subgoal_insert_full_bundle,neutral_typed,True,b3eaad0392bba6141aeb730566873f1c9e17fc6a8e612fce40ec1be89f462672,56d95d0b38f15e09f40d65d55ca561178cfe1e428ea7cc415d11ffbc79502221,1623a27ee2d21b6ad3d70a531c8f520757602ab9fb432b29b1a3e26951fbf5a0,4
SCE-S04-28,scale_04_subgoal_insert_full_bundle,compact_semantic,True,b3eaad0392bba6141aeb730566873f1c9e17fc6a8e612fce40ec1be89f462672,56d95d0b38f15e09f40d65d55ca561178cfe1e428ea7cc415d11ffbc79502221,1623a27ee2d21b6ad3d70a531c8f520757602ab9fb432b29b1a3e26951fbf5a0,4
SCE-S04-28,scale_04_subgoal_insert_full_bundle,fsr_semantic,True,b3eaad0392bba6141aeb730566873f1c9e17fc6a8e612fce40ec1be89f462672,56d95d0b38f15e09f40d65d55ca561178cfe1e428ea7cc415d11ffbc79502221,1623a27ee2d21b6ad3d70a531c8f520757602ab9fb432b29b1a3e26951fbf5a0,4
SCE-S04-29,scale_04_deadline_expire_pending,cope_semantic,True,d1165c728b8b42e078a499576b0f5aa98caf9b56c34851c71614b847dc847a9b,0e3f578e8c17a4b79e4ee3df197bd73b73c2a4a04d4f580747d499ca9d1433c0,685991240ef6bebb51073184215df5670c3feeed2ce492b23eff5b0c02c7f41f,2
SCE-S04-29,scale_04_deadline_expire_pending,neutral_typed,True,d1165c728b8b42e078a499576b0f5aa98caf9b56c34851c71614b847dc847a9b,0e3f578e8c17a4b79e4ee3df197bd73b73c2a4a04d4f580747d499ca9d1433c0,685991240ef6bebb51073184215df5670c3feeed2ce492b23eff5b0c02c7f41f,2
SCE-S04-29,scale_04_deadline_expire_pending,compact_semantic,True,d1165c728b8b42e078a499576b0f5aa98caf9b56c34851c71614b847dc847a9b,0e3f578e8c17a4b79e4ee3df197bd73b73c2a4a04d4f580747d499ca9d1433c0,685991240ef6bebb51073184215df5670c3feeed2ce492b23eff5b0c02c7f41f,2
SCE-S04-29,scale_04_deadline_expire_pending,fsr_semantic,True,d1165c728b8b42e078a499576b0f5aa98caf9b56c34851c71614b847dc847a9b,0e3f578e8c17a4b79e4ee3df197bd73b73c2a4a04d4f580747d499ca9d1433c0,685991240ef6bebb51073184215df5670c3feeed2ce492b23eff5b0c02c7f41f,2
SCE-S04-30,scale_04_deadline_grace_extension,cope_semantic,True,6803a51848f5805d1ab2e4d659c35038989f93ee1bbf5161c1da19b7e8e2bfd9,3c669f200aeb37eed22f77d343cf1ece94519e9989330ea2b66e43c86613aab5,19ebbc081a730d9c43bf961370e15f7f2d2e510acdb87a1aafa3a89ff9c00c1f,2
SCE-S04-30,scale_04_deadline_grace_extension,neutral_typed,True,6803a51848f5805d1ab2e4d659c35038989f93ee1bbf5161c1da19b7e8e2bfd9,3c669f200aeb37eed22f77d343cf1ece94519e9989330ea2b66e43c86613aab5,19ebbc081a730d9c43bf961370e15f7f2d2e510acdb87a1aafa3a89ff9c00c1f,2
SCE-S04-30,scale_04_deadline_grace_extension,compact_semantic,True,6803a51848f5805d1ab2e4d659c35038989f93ee1bbf5161c1da19b7e8e2bfd9,3c669f200aeb37eed22f77d343cf1ece94519e9989330ea2b66e43c86613aab5,19ebbc081a730d9c43bf961370e15f7f2d2e510acdb87a1aafa3a89ff9c00c1f,2
SCE-S04-30,scale_04_deadline_grace_extension,fsr_semantic,True,6803a51848f5805d1ab2e4d659c35038989f93ee1bbf5161c1da19b7e8e2bfd9,3c669f200aeb37eed22f77d343cf1ece94519e9989330ea2b66e43c86613aab5,19ebbc081a730d9c43bf961370e15f7f2d2e510acdb87a1aafa3a89ff9c00c1f,2
SCE-S04-31,scale_04_concurrent_commutative_fact,cope_semantic,True,ea0739d01b136516227347b6e395d26ac55f4f911a8101b2779b1206a5ee04e5,4c8c7701efc6f86a5c40745c1fdbc4388718df222adb16ab0466019b24772c20,afd2d09727e905d3edb360294bb3e306698caa9dd97bff1dc5d133e77ce8681a,1
SCE-S04-31,scale_04_concurrent_commutative_fact,neutral_typed,True,ea0739d01b136516227347b6e395d26ac55f4f911a8101b2779b1206a5ee04e5,4c8c7701efc6f86a5c40745c1fdbc4388718df222adb16ab0466019b24772c20,afd2d09727e905d3edb360294bb3e306698caa9dd97bff1dc5d133e77ce8681a,1
SCE-S04-31,scale_04_concurrent_commutative_fact,compact_semantic,True,ea0739d01b136516227347b6e395d26ac55f4f911a8101b2779b1206a5ee04e5,4c8c7701efc6f86a5c40745c1fdbc4388718df222adb16ab0466019b24772c20,afd2d09727e905d3edb360294bb3e306698caa9dd97bff1dc5d133e77ce8681a,1
SCE-S04-31,scale_04_concurrent_commutative_fact,fsr_semantic,True,ea0739d01b136516227347b6e395d26ac55f4f911a8101b2779b1206a5ee04e5,4c8c7701efc6f86a5c40745c1fdbc4388718df222adb16ab0466019b24772c20,afd2d09727e905d3edb360294bb3e306698caa9dd97bff1dc5d133e77ce8681a,1
SCE-S04-32,scale_04_concurrent_conflict_hold,cope_semantic,True,0d5980ffd241e3ce85a3fabfe3f4941ec769dcb76feb2eaf91aa42ec1693265c,714bce24373e71ecfc957d3ef9dfec93246c9abac7378703cee1dd5199e856b4,c3272eaae962f2acd9bf07e3eaf2d4438c4c3dfd83563ec79cdf0e4e725f1117,3
SCE-S04-32,scale_04_concurrent_conflict_hold,neutral_typed,True,0d5980ffd241e3ce85a3fabfe3f4941ec769dcb76feb2eaf91aa42ec1693265c,714bce24373e71ecfc957d3ef9dfec93246c9abac7378703cee1dd5199e856b4,c3272eaae962f2acd9bf07e3eaf2d4438c4c3dfd83563ec79cdf0e4e725f1117,3
SCE-S04-32,scale_04_concurrent_conflict_hold,compact_semantic,True,0d5980ffd241e3ce85a3fabfe3f4941ec769dcb76feb2eaf91aa42ec1693265c,714bce24373e71ecfc957d3ef9dfec93246c9abac7378703cee1dd5199e856b4,c3272eaae962f2acd9bf07e3eaf2d4438c4c3dfd83563ec79cdf0e4e725f1117,3
SCE-S04-32,scale_04_concurrent_conflict_hold,fsr_semantic,True,0d5980ffd241e3ce85a3fabfe3f4941ec769dcb76feb2eaf91aa42ec1693265c,714bce24373e71ecfc957d3ef9dfec93246c9abac7378703cee1dd5199e856b4,c3272eaae962f2acd9bf07e3eaf2d4438c4c3dfd83563ec79cdf0e4e725f1117,3
SCE-S04-33,scale_04_owner_scoped_status_change,cope_semantic,True,39d436b7a64ab633882d06e99e1e75128a2590ecb16156b0892731610ca90abd,9f6ffaada8076e023e3ae3c158543d0feadf78754f01a5d9bb716fe51c1b1e60,45dc2a87f2bfe2b7dfa032389d5a5af382e4a6ebbc68174056fc2217f60316fb,2
SCE-S04-33,scale_04_owner_scoped_status_change,neutral_typed,True,39d436b7a64ab633882d06e99e1e75128a2590ecb16156b0892731610ca90abd,9f6ffaada8076e023e3ae3c158543d0feadf78754f01a5d9bb716fe51c1b1e60,45dc2a87f2bfe2b7dfa032389d5a5af382e4a6ebbc68174056fc2217f60316fb,2
SCE-S04-33,scale_04_owner_scoped_status_change,compact_semantic,True,39d436b7a64ab633882d06e99e1e75128a2590ecb16156b0892731610ca90abd,9f6ffaada8076e023e3ae3c158543d0feadf78754f01a5d9bb716fe51c1b1e60,45dc2a87f2bfe2b7dfa032389d5a5af382e4a6ebbc68174056fc2217f60316fb,2
SCE-S04-33,scale_04_owner_scoped_status_change,fsr_semantic,True,39d436b7a64ab633882d06e99e1e75128a2590ecb16156b0892731610ca90abd,9f6ffaada8076e023e3ae3c158543d0feadf78754f01a5d9bb716fe51c1b1e60,45dc2a87f2bfe2b7dfa032389d5a5af382e4a6ebbc68174056fc2217f60316fb,2
SCE-S04-34,scale_04_owner_scoped_field_change,cope_semantic,True,2670e0f46e6345e83c470989d2c761592bc675a5147832af59d9e8a0601adadc,6a8c95c56e15a8834e9677f99a54d0152fbcf447ea96dc461cae7147e931d077,21b8a50462d9b8586488739ab2cacac7d82cfcd5b6581b66c9eb5ab4a64a28bc,2
SCE-S04-34,scale_04_owner_scoped_field_change,neutral_typed,True,2670e0f46e6345e83c470989d2c761592bc675a5147832af59d9e8a0601adadc,6a8c95c56e15a8834e9677f99a54d0152fbcf447ea96dc461cae7147e931d077,21b8a50462d9b8586488739ab2cacac7d82cfcd5b6581b66c9eb5ab4a64a28bc,2
SCE-S04-34,scale_04_owner_scoped_field_change,compact_semantic,True,2670e0f46e6345e83c470989d2c761592bc675a5147832af59d9e8a0601adadc,6a8c95c56e15a8834e9677f99a54d0152fbcf447ea96dc461cae7147e931d077,21b8a50462d9b8586488739ab2cacac7d82cfcd5b6581b66c9eb5ab4a64a28bc,2
SCE-S04-34,scale_04_owner_scoped_field_change,fsr_semantic,True,2670e0f46e6345e83c470989d2c761592bc675a5147832af59d9e8a0601adadc,6a8c95c56e15a8834e9677f99a54d0152fbcf447ea96dc461cae7147e931d077,21b8a50462d9b8586488739ab2cacac7d82cfcd5b6581b66c9eb5ab4a64a28bc,2
SCE-S04-35,scale_04_compound_resume_and_checkpoint,cope_semantic,True,cf5da3831a533ae4eff6638ee766c16ed1257c96ef91df5ee36f0dd19bee8cfd,c726b4dde247218e87c1d9ef0aa6f72b80605c7acc3875ee78f8af68ec4068a9,cbecb372e2897d70e93bbaf211194b006e74db8dc15734fb844870dfc6fa7181,4
SCE-S04-35,scale_04_compound_resume_and_checkpoint,neutral_typed,True,cf5da3831a533ae4eff6638ee766c16ed1257c96ef91df5ee36f0dd19bee8cfd,c726b4dde247218e87c1d9ef0aa6f72b80605c7acc3875ee78f8af68ec4068a9,cbecb372e2897d70e93bbaf211194b006e74db8dc15734fb844870dfc6fa7181,4
SCE-S04-35,scale_04_compound_resume_and_checkpoint,compact_semantic,True,cf5da3831a533ae4eff6638ee766c16ed1257c96ef91df5ee36f0dd19bee8cfd,c726b4dde247218e87c1d9ef0aa6f72b80605c7acc3875ee78f8af68ec4068a9,cbecb372e2897d70e93bbaf211194b006e74db8dc15734fb844870dfc6fa7181,4
SCE-S04-35,scale_04_compound_resume_and_checkpoint,fsr_semantic,True,cf5da3831a533ae4eff6638ee766c16ed1257c96ef91df5ee36f0dd19bee8cfd,c726b4dde247218e87c1d9ef0aa6f72b80605c7acc3875ee78f8af68ec4068a9,cbecb372e2897d70e93bbaf211194b006e74db8dc15734fb844870dfc6fa7181,4
SCE-S04-36,scale_04_compound_replace_and_restore,cope_semantic,True,d18f4e2016f756383d8630b82f330e3ab14f68eafe722032976126822f5a2fce,b436f0df5c18fb1424e72e98f3a1c38fd5e52a7136d5e3e1177e88784d7eeb7d,acb6a02eb61609ea5abca2a359613192b281111c51962018b70b2053dc48a52a,4
SCE-S04-36,scale_04_compound_replace_and_restore,neutral_typed,True,d18f4e2016f756383d8630b82f330e3ab14f68eafe722032976126822f5a2fce,b436f0df5c18fb1424e72e98f3a1c38fd5e52a7136d5e3e1177e88784d7eeb7d,acb6a02eb61609ea5abca2a359613192b281111c51962018b70b2053dc48a52a,4
SCE-S04-36,scale_04_compound_replace_and_restore,compact_semantic,True,d18f4e2016f756383d8630b82f330e3ab14f68eafe722032976126822f5a2fce,b436f0df5c18fb1424e72e98f3a1c38fd5e52a7136d5e3e1177e88784d7eeb7d,acb6a02eb61609ea5abca2a359613192b281111c51962018b70b2053dc48a52a,4
SCE-S04-36,scale_04_compound_replace_and_restore,fsr_semantic,True,d18f4e2016f756383d8630b82f330e3ab14f68eafe722032976126822f5a2fce,b436f0df5c18fb1424e72e98f3a1c38fd5e52a7136d5e3e1177e88784d7eeb7d,acb6a02eb61609ea5abca2a359613192b281111c51962018b70b2053dc48a52a,4
SCE-S16-01,scale_16_single_root_expiry,cope_semantic,True,b453d9f4e4d5ff883758caa10d3b42e34eda1933662f1125e11c878ac3fb68dd,5ead225939257361641b7384c618fe03bcdde5fbdba75e320c1cbe26395c16f8,c44988639b85df5eab7a52c57c257a37f8b967c1a5983586faaf7c85aa736ca0,1
SCE-S16-01,scale_16_single_root_expiry,neutral_typed,True,b453d9f4e4d5ff883758caa10d3b42e34eda1933662f1125e11c878ac3fb68dd,5ead225939257361641b7384c618fe03bcdde5fbdba75e320c1cbe26395c16f8,c44988639b85df5eab7a52c57c257a37f8b967c1a5983586faaf7c85aa736ca0,1
SCE-S16-01,scale_16_single_root_expiry,compact_semantic,True,b453d9f4e4d5ff883758caa10d3b42e34eda1933662f1125e11c878ac3fb68dd,5ead225939257361641b7384c618fe03bcdde5fbdba75e320c1cbe26395c16f8,c44988639b85df5eab7a52c57c257a37f8b967c1a5983586faaf7c85aa736ca0,1
SCE-S16-01,scale_16_single_root_expiry,fsr_semantic,True,b453d9f4e4d5ff883758caa10d3b42e34eda1933662f1125e11c878ac3fb68dd,5ead225939257361641b7384c618fe03bcdde5fbdba75e320c1cbe26395c16f8,c44988639b85df5eab7a52c57c257a37f8b967c1a5983586faaf7c85aa736ca0,1
SCE-S16-02,scale_16_expiry_with_running_action,cope_semantic,True,9f292449da9dade4cfc62d744860df81b3485eba86bfd235a54812cab9b981b0,e5dc6c46cebc25601f6ca861ec9af53e0512427bd5de4233be69d7b9858ffe8d,cb9ba006d84459efa21719a8f9b40c9def961b693f065393f4194bacd0c7eacd,2
SCE-S16-02,scale_16_expiry_with_running_action,neutral_typed,True,9f292449da9dade4cfc62d744860df81b3485eba86bfd235a54812cab9b981b0,e5dc6c46cebc25601f6ca861ec9af53e0512427bd5de4233be69d7b9858ffe8d,cb9ba006d84459efa21719a8f9b40c9def961b693f065393f4194bacd0c7eacd,2
SCE-S16-02,scale_16_expiry_with_running_action,compact_semantic,True,9f292449da9dade4cfc62d744860df81b3485eba86bfd235a54812cab9b981b0,e5dc6c46cebc25601f6ca861ec9af53e0512427bd5de4233be69d7b9858ffe8d,cb9ba006d84459efa21719a8f9b40c9def961b693f065393f4194bacd0c7eacd,2
SCE-S16-02,scale_16_expiry_with_running_action,fsr_semantic,True,9f292449da9dade4cfc62d744860df81b3485eba86bfd235a54812cab9b981b0,e5dc6c46cebc25601f6ca861ec9af53e0512427bd5de4233be69d7b9858ffe8d,cb9ba006d84459efa21719a8f9b40c9def961b693f065393f4194bacd0c7eacd,2
SCE-S16-03,scale_16_conjunctive_dependency_block,cope_semantic,True,60b1b6bcf3eb9473de4c2aea53d4d40055a1babb49426e4e104796b49dad7fef,d14242fbded8985986f0e1efe638884f2aa205de1dc5c1ab72f180ecbe4b9890,f5ac6171777513f0f91a01be6a51b78dab4c33888c17b0784ca95ca5451aa54f,3
SCE-S16-03,scale_16_conjunctive_dependency_block,neutral_typed,True,60b1b6bcf3eb9473de4c2aea53d4d40055a1babb49426e4e104796b49dad7fef,d14242fbded8985986f0e1efe638884f2aa205de1dc5c1ab72f180ecbe4b9890,f5ac6171777513f0f91a01be6a51b78dab4c33888c17b0784ca95ca5451aa54f,3
SCE-S16-03,scale_16_conjunctive_dependency_block,compact_semantic,True,60b1b6bcf3eb9473de4c2aea53d4d40055a1babb49426e4e104796b49dad7fef,d14242fbded8985986f0e1efe638884f2aa205de1dc5c1ab72f180ecbe4b9890,f5ac6171777513f0f91a01be6a51b78dab4c33888c17b0784ca95ca5451aa54f,3
SCE-S16-03,scale_16_conjunctive_dependency_block,fsr_semantic,True,60b1b6bcf3eb9473de4c2aea53d4d40055a1babb49426e4e104796b49dad7fef,d14242fbded8985986f0e1efe638884f2aa205de1dc5c1ab72f180ecbe4b9890,f5ac6171777513f0f91a01be6a51b78dab4c33888c17b0784ca95ca5451aa54f,3
SCE-S16-04,scale_16_disjunctive_dependency_survival,cope_semantic,True,0c3055e42c9f059eea46343764b7671673450d797030bb7c1f4b3cc733f62a69,441e37bec619bcbd3330af808d3fcacff415a2cbd4c35806d9c5d9e42621ce65,77876fa7ec0c25e2bbd8d7d317b0b6698f074782ff1fafe088f4e15d004ee596,2
SCE-S16-04,scale_16_disjunctive_dependency_survival,neutral_typed,True,0c3055e42c9f059eea46343764b7671673450d797030bb7c1f4b3cc733f62a69,441e37bec619bcbd3330af808d3fcacff415a2cbd4c35806d9c5d9e42621ce65,77876fa7ec0c25e2bbd8d7d317b0b6698f074782ff1fafe088f4e15d004ee596,2
SCE-S16-04,scale_16_disjunctive_dependency_survival,compact_semantic,True,0c3055e42c9f059eea46343764b7671673450d797030bb7c1f4b3cc733f62a69,441e37bec619bcbd3330af808d3fcacff415a2cbd4c35806d9c5d9e42621ce65,77876fa7ec0c25e2bbd8d7d317b0b6698f074782ff1fafe088f4e15d004ee596,2
SCE-S16-04,scale_16_disjunctive_dependency_survival,fsr_semantic,True,0c3055e42c9f059eea46343764b7671673450d797030bb7c1f4b3cc733f62a69,441e37bec619bcbd3330af808d3fcacff415a2cbd4c35806d9c5d9e42621ce65,77876fa7ec0c25e2bbd8d7d317b0b6698f074782ff1fafe088f4e15d004ee596,2
SCE-S16-05,scale_16_priority_raise_without_preemption,cope_semantic,True,5da033a9c56b864df12d34be779043dc2675089dde16b6384855b0f2674caf61,c4276b8cf002f997654b4e8a3fb57945ddadfa0577a829d23eca78dcbd9a2e08,2c7f10b1cdaf1a977cda72ac590be4d0c7c9b14a3a54dce4cad595cc25676ee2,1
SCE-S16-05,scale_16_priority_raise_without_preemption,neutral_typed,True,5da033a9c56b864df12d34be779043dc2675089dde16b6384855b0f2674caf61,c4276b8cf002f997654b4e8a3fb57945ddadfa0577a829d23eca78dcbd9a2e08,2c7f10b1cdaf1a977cda72ac590be4d0c7c9b14a3a54dce4cad595cc25676ee2,1
SCE-S16-05,scale_16_priority_raise_without_preemption,compact_semantic,True,5da033a9c56b864df12d34be779043dc2675089dde16b6384855b0f2674caf61,c4276b8cf002f997654b4e8a3fb57945ddadfa0577a829d23eca78dcbd9a2e08,2c7f10b1cdaf1a977cda72ac590be4d0c7c9b14a3a54dce4cad595cc25676ee2,1
SCE-S16-05,scale_16_priority_raise_without_preemption,fsr_semantic,True,5da033a9c56b864df12d34be779043dc2675089dde16b6384855b0f2674caf61,c4276b8cf002f997654b4e8a3fb57945ddadfa0577a829d23eca78dcbd9a2e08,2c7f10b1cdaf1a977cda72ac590be4d0c7c9b14a3a54dce4cad595cc25676ee2,1
SCE-S16-06,scale_16_priority_raise_with_preemption,cope_semantic,True,1ba50a128e044c5ff919f8887cf51a53aff9ba9e2b4694154da2bc6ac0e0b6bc,581e7c18d0298e3d969a5347f9dd6266f20e86b040c5b52ddf494579acf9f8f9,ce77be2894e57ccb7fb4dfca3a88756aa1bc4c3b816550deff8680d6e0bf5c51,3
SCE-S16-06,scale_16_priority_raise_with_preemption,neutral_typed,True,1ba50a128e044c5ff919f8887cf51a53aff9ba9e2b4694154da2bc6ac0e0b6bc,581e7c18d0298e3d969a5347f9dd6266f20e86b040c5b52ddf494579acf9f8f9,ce77be2894e57ccb7fb4dfca3a88756aa1bc4c3b816550deff8680d6e0bf5c51,3
SCE-S16-06,scale_16_priority_raise_with_preemption,compact_semantic,True,1ba50a128e044c5ff919f8887cf51a53aff9ba9e2b4694154da2bc6ac0e0b6bc,581e7c18d0298e3d969a5347f9dd6266f20e86b040c5b52ddf494579acf9f8f9,ce77be2894e57ccb7fb4dfca3a88756aa1bc4c3b816550deff8680d6e0bf5c51,3
SCE-S16-06,scale_16_priority_raise_with_preemption,fsr_semantic,True,1ba50a128e044c5ff919f8887cf51a53aff9ba9e2b4694154da2bc6ac0e0b6bc,581e7c18d0298e3d969a5347f9dd6266f20e86b040c5b52ddf494579acf9f8f9,ce77be2894e57ccb7fb4dfca3a88756aa1bc4c3b816550deff8680d6e0bf5c51,3
SCE-S16-07,scale_16_replacement_insert_only,cope_semantic,True,44d2e53790e033fc53026e31da6336099c238943c4ebb21e579bdf313bbfee95,3e660543d9be67c0e95a9c6505d74134129671d5f1058bbd85fd1f5113d82f2d,41df39a685872f8ece318766bef744b31853a17eae1984e95c43c935c040d5ec,2
SCE-S16-07,scale_16_replacement_insert_only,neutral_typed,True,44d2e53790e033fc53026e31da6336099c238943c4ebb21e579bdf313bbfee95,3e660543d9be67c0e95a9c6505d74134129671d5f1058bbd85fd1f5113d82f2d,41df39a685872f8ece318766bef744b31853a17eae1984e95c43c935c040d5ec,2
SCE-S16-07,scale_16_replacement_insert_only,compact_semantic,True,44d2e53790e033fc53026e31da6336099c238943c4ebb21e579bdf313bbfee95,3e660543d9be67c0e95a9c6505d74134129671d5f1058bbd85fd1f5113d82f2d,41df39a685872f8ece318766bef744b31853a17eae1984e95c43c935c040d5ec,2
SCE-S16-07,scale_16_replacement_insert_only,fsr_semantic,True,44d2e53790e033fc53026e31da6336099c238943c4ebb21e579bdf313bbfee95,3e660543d9be67c0e95a9c6505d74134129671d5f1058bbd85fd1f5113d82f2d,41df39a685872f8ece318766bef744b31853a17eae1984e95c43c935c040d5ec,2
SCE-S16-08,scale_16_replacement_retarget_action,cope_semantic,True,4d02b0a8fe38646e19d694f46ccbf77ef21b8a92f718d3cd7675c52d2d458dbf,0f6aabded9fc62a6b95fa81b174b195e9a5e19e20bb18540f3a18f84ad91bff0,caaaafc346ffd96a61430f34a882e9290bf9f0d1452a73ac2338534a6fda79ba,3
SCE-S16-08,scale_16_replacement_retarget_action,neutral_typed,True,4d02b0a8fe38646e19d694f46ccbf77ef21b8a92f718d3cd7675c52d2d458dbf,0f6aabded9fc62a6b95fa81b174b195e9a5e19e20bb18540f3a18f84ad91bff0,caaaafc346ffd96a61430f34a882e9290bf9f0d1452a73ac2338534a6fda79ba,3
SCE-S16-08,scale_16_replacement_retarget_action,compact_semantic,True,4d02b0a8fe38646e19d694f46ccbf77ef21b8a92f718d3cd7675c52d2d458dbf,0f6aabded9fc62a6b95fa81b174b195e9a5e19e20bb18540f3a18f84ad91bff0,caaaafc346ffd96a61430f34a882e9290bf9f0d1452a73ac2338534a6fda79ba,3
SCE-S16-08,scale_16_replacement_retarget_action,fsr_semantic,True,4d02b0a8fe38646e19d694f46ccbf77ef21b8a92f718d3cd7675c52d2d458dbf,0f6aabded9fc62a6b95fa81b174b195e9a5e19e20bb18540f3a18f84ad91bff0,caaaafc346ffd96a61430f34a882e9290bf9f0d1452a73ac2338534a6fda79ba,3
SCE-S16-09,scale_16_replacement_retarget_progress,cope_semantic,True,9c5f2ec87c684fbdc6740f7279d3460bdb2dc32710714d3f13f3fcc945047a32,f096014235e14b658bfed673b8c1cc95727f05ac09f19fdd549d2b8a8bc67cc9,e7b7de61c576797a58f685ca6923717ca49c3e09793a8a927e21ef7f4f49d0dd,3
SCE-S16-09,scale_16_replacement_retarget_progress,neutral_typed,True,9c5f2ec87c684fbdc6740f7279d3460bdb2dc32710714d3f13f3fcc945047a32,f096014235e14b658bfed673b8c1cc95727f05ac09f19fdd549d2b8a8bc67cc9,e7b7de61c576797a58f685ca6923717ca49c3e09793a8a927e21ef7f4f49d0dd,3
SCE-S16-09,scale_16_replacement_retarget_progress,compact_semantic,True,9c5f2ec87c684fbdc6740f7279d3460bdb2dc32710714d3f13f3fcc945047a32,f096014235e14b658bfed673b8c1cc95727f05ac09f19fdd549d2b8a8bc67cc9,e7b7de61c576797a58f685ca6923717ca49c3e09793a8a927e21ef7f4f49d0dd,3
SCE-S16-09,scale_16_replacement_retarget_progress,fsr_semantic,True,9c5f2ec87c684fbdc6740f7279d3460bdb2dc32710714d3f13f3fcc945047a32,f096014235e14b658bfed673b8c1cc95727f05ac09f19fdd549d2b8a8bc67cc9,e7b7de61c576797a58f685ca6923717ca49c3e09793a8a927e21ef7f4f49d0dd,3
SCE-S16-10,scale_16_temporary_override_insert,cope_semantic,True,5b9d054b3efa6b3125c766c5220c7660ba4d171a203321c2d638bc83de3c3069,a2049fa093e35a5d7a388a3d9b1d114341f0792037a175c8dbe43d070d445017,8917e70f42f7d4c0205c807b65bf7d11fb1206da6c94b73836967c98ee087a0c,3
SCE-S16-10,scale_16_temporary_override_insert,neutral_typed,True,5b9d054b3efa6b3125c766c5220c7660ba4d171a203321c2d638bc83de3c3069,a2049fa093e35a5d7a388a3d9b1d114341f0792037a175c8dbe43d070d445017,8917e70f42f7d4c0205c807b65bf7d11fb1206da6c94b73836967c98ee087a0c,3
SCE-S16-10,scale_16_temporary_override_insert,compact_semantic,True,5b9d054b3efa6b3125c766c5220c7660ba4d171a203321c2d638bc83de3c3069,a2049fa093e35a5d7a388a3d9b1d114341f0792037a175c8dbe43d070d445017,8917e70f42f7d4c0205c807b65bf7d11fb1206da6c94b73836967c98ee087a0c,3
SCE-S16-10,scale_16_temporary_override_insert,fsr_semantic,True,5b9d054b3efa6b3125c766c5220c7660ba4d171a203321c2d638bc83de3c3069,a2049fa093e35a5d7a388a3d9b1d114341f0792037a175c8dbe43d070d445017,8917e70f42f7d4c0205c807b65bf7d11fb1206da6c94b73836967c98ee087a0c,3
SCE-S16-11,scale_16_temporary_override_with_restore,cope_semantic,True,ec457512a4b0f2d2fde0be541213f5a88f44b37b58ea976f1a2e9605594fdc24,d8b18c138b10f617014cb4ebc5a0bec1230bf67bdfb6cae48995b65ba352ed16,648dd89842632b036ce952b5172eb8fc5348e57eeb56b30d58603d73b9fb73d1,4
SCE-S16-11,scale_16_temporary_override_with_restore,neutral_typed,True,ec457512a4b0f2d2fde0be541213f5a88f44b37b58ea976f1a2e9605594fdc24,d8b18c138b10f617014cb4ebc5a0bec1230bf67bdfb6cae48995b65ba352ed16,648dd89842632b036ce952b5172eb8fc5348e57eeb56b30d58603d73b9fb73d1,4
SCE-S16-11,scale_16_temporary_override_with_restore,compact_semantic,True,ec457512a4b0f2d2fde0be541213f5a88f44b37b58ea976f1a2e9605594fdc24,d8b18c138b10f617014cb4ebc5a0bec1230bf67bdfb6cae48995b65ba352ed16,648dd89842632b036ce952b5172eb8fc5348e57eeb56b30d58603d73b9fb73d1,4
SCE-S16-11,scale_16_temporary_override_with_restore,fsr_semantic,True,ec457512a4b0f2d2fde0be541213f5a88f44b37b58ea976f1a2e9605594fdc24,d8b18c138b10f617014cb4ebc5a0bec1230bf67bdfb6cae48995b65ba352ed16,648dd89842632b036ce952b5172eb8fc5348e57eeb56b30d58603d73b9fb73d1,4
SCE-S16-12,scale_16_override_release_resume,cope_semantic,True,91e7736a724799c4ad1f616c8f1d7ccc875501e03c0f566faec2de724f97a910,1c67c4b4a4f836d2c40a34c1a1e4efab1ed8093db89011aa9706737a0a1d9a42,930609c2d4cd16d11b96334ce44cdc0ac71ab737d1233a5f68d08fa7e6f5f8c2,4
SCE-S16-12,scale_16_override_release_resume,neutral_typed,True,91e7736a724799c4ad1f616c8f1d7ccc875501e03c0f566faec2de724f97a910,1c67c4b4a4f836d2c40a34c1a1e4efab1ed8093db89011aa9706737a0a1d9a42,930609c2d4cd16d11b96334ce44cdc0ac71ab737d1233a5f68d08fa7e6f5f8c2,4
SCE-S16-12,scale_16_override_release_resume,compact_semantic,True,91e7736a724799c4ad1f616c8f1d7ccc875501e03c0f566faec2de724f97a910,1c67c4b4a4f836d2c40a34c1a1e4efab1ed8093db89011aa9706737a0a1d9a42,930609c2d4cd16d11b96334ce44cdc0ac71ab737d1233a5f68d08fa7e6f5f8c2,4
SCE-S16-12,scale_16_override_release_resume,fsr_semantic,True,91e7736a724799c4ad1f616c8f1d7ccc875501e03c0f566faec2de724f97a910,1c67c4b4a4f836d2c40a34c1a1e4efab1ed8093db89011aa9706737a0a1d9a42,930609c2d4cd16d11b96334ce44cdc0ac71ab737d1233a5f68d08fa7e6f5f8c2,4
SCE-S16-13,scale_16_override_release_complete,cope_semantic,True,d7eb2a220e11342d463200046f28b775ebfa31d18f74167972578c8dc050e6bd,6526d3d34ba5b0661f7ef297717e921bce8b2ff628e31488b4077d23bbfbc786,853223ede994425eeb489a3cb5194f2346e17e26b3dfdb673f18ae8170c98aac,4
SCE-S16-13,scale_16_override_release_complete,neutral_typed,True,d7eb2a220e11342d463200046f28b775ebfa31d18f74167972578c8dc050e6bd,6526d3d34ba5b0661f7ef297717e921bce8b2ff628e31488b4077d23bbfbc786,853223ede994425eeb489a3cb5194f2346e17e26b3dfdb673f18ae8170c98aac,4
SCE-S16-13,scale_16_override_release_complete,compact_semantic,True,d7eb2a220e11342d463200046f28b775ebfa31d18f74167972578c8dc050e6bd,6526d3d34ba5b0661f7ef297717e921bce8b2ff628e31488b4077d23bbfbc786,853223ede994425eeb489a3cb5194f2346e17e26b3dfdb673f18ae8170c98aac,4
SCE-S16-13,scale_16_override_release_complete,fsr_semantic,True,d7eb2a220e11342d463200046f28b775ebfa31d18f74167972578c8dc050e6bd,6526d3d34ba5b0661f7ef297717e921bce8b2ff628e31488b4077d23bbfbc786,853223ede994425eeb489a3cb5194f2346e17e26b3dfdb673f18ae8170c98aac,4
SCE-S16-14,scale_16_world_fact_blocks_pending,cope_semantic,True,7e185b8c53a9228e215dcdcad72588a37a7668bca2db93bbfe758e3e071fd5b2,ded79c39d7fb2e9a804f5b9b4c4cc1cd92ca2275dbc43de1b8c8c69b73e3abab,6b69bc0bcfd09c680a7f48b98c2c345bb41f402b46feb6df0e3c1dc4599c0b5c,2
SCE-S16-14,scale_16_world_fact_blocks_pending,neutral_typed,True,7e185b8c53a9228e215dcdcad72588a37a7668bca2db93bbfe758e3e071fd5b2,ded79c39d7fb2e9a804f5b9b4c4cc1cd92ca2275dbc43de1b8c8c69b73e3abab,6b69bc0bcfd09c680a7f48b98c2c345bb41f402b46feb6df0e3c1dc4599c0b5c,2
SCE-S16-14,scale_16_world_fact_blocks_pending,compact_semantic,True,7e185b8c53a9228e215dcdcad72588a37a7668bca2db93bbfe758e3e071fd5b2,ded79c39d7fb2e9a804f5b9b4c4cc1cd92ca2275dbc43de1b8c8c69b73e3abab,6b69bc0bcfd09c680a7f48b98c2c345bb41f402b46feb6df0e3c1dc4599c0b5c,2
SCE-S16-14,scale_16_world_fact_blocks_pending,fsr_semantic,True,7e185b8c53a9228e215dcdcad72588a37a7668bca2db93bbfe758e3e071fd5b2,ded79c39d7fb2e9a804f5b9b4c4cc1cd92ca2275dbc43de1b8c8c69b73e3abab,6b69bc0bcfd09c680a7f48b98c2c345bb41f402b46feb6df0e3c1dc4599c0b5c,2
SCE-S16-15,scale_16_world_fact_halts_running,cope_semantic,True,88b852c1baa35b0993866ccfffb99109ee5cf3c3ebf4fce847a2a5b195c4b08d,2178bb7939e2d3fb1b794a4bad3ea0b7d74779396cabc6e1bf2e5c88db8f0f62,4f3e73c8b43fc9afb3c793a7ed1ac122997ab6a774871d9f576d4d395e647d57,3
SCE-S16-15,scale_16_world_fact_halts_running,neutral_typed,True,88b852c1baa35b0993866ccfffb99109ee5cf3c3ebf4fce847a2a5b195c4b08d,2178bb7939e2d3fb1b794a4bad3ea0b7d74779396cabc6e1bf2e5c88db8f0f62,4f3e73c8b43fc9afb3c793a7ed1ac122997ab6a774871d9f576d4d395e647d57,3
SCE-S16-15,scale_16_world_fact_halts_running,compact_semantic,True,88b852c1baa35b0993866ccfffb99109ee5cf3c3ebf4fce847a2a5b195c4b08d,2178bb7939e2d3fb1b794a4bad3ea0b7d74779396cabc6e1bf2e5c88db8f0f62,4f3e73c8b43fc9afb3c793a7ed1ac122997ab6a774871d9f576d4d395e647d57,3
SCE-S16-15,scale_16_world_fact_halts_running,fsr_semantic,True,88b852c1baa35b0993866ccfffb99109ee5cf3c3ebf4fce847a2a5b195c4b08d,2178bb7939e2d3fb1b794a4bad3ea0b7d74779396cabc6e1bf2e5c88db8f0f62,4f3e73c8b43fc9afb3c793a7ed1ac122997ab6a774871d9f576d4d395e647d57,3
SCE-S16-16,scale_16_evidence_invalidates_progress,cope_semantic,True,151b8eb037ab519c535465090303f3da5a76def86d3e3255b8079847e2b22236,b8699274f2274901913447d15461ebdb47e748a0bb445769c0b44e7797cb5a4c,79d3837083279d7f675cf2d90e1df2ad6bf99d84da2ed35d3a7fc79dbfb5238a,3
SCE-S16-16,scale_16_evidence_invalidates_progress,neutral_typed,True,151b8eb037ab519c535465090303f3da5a76def86d3e3255b8079847e2b22236,b8699274f2274901913447d15461ebdb47e748a0bb445769c0b44e7797cb5a4c,79d3837083279d7f675cf2d90e1df2ad6bf99d84da2ed35d3a7fc79dbfb5238a,3
SCE-S16-16,scale_16_evidence_invalidates_progress,compact_semantic,True,151b8eb037ab519c535465090303f3da5a76def86d3e3255b8079847e2b22236,b8699274f2274901913447d15461ebdb47e748a0bb445769c0b44e7797cb5a4c,79d3837083279d7f675cf2d90e1df2ad6bf99d84da2ed35d3a7fc79dbfb5238a,3
SCE-S16-16,scale_16_evidence_invalidates_progress,fsr_semantic,True,151b8eb037ab519c535465090303f3da5a76def86d3e3255b8079847e2b22236,b8699274f2274901913447d15461ebdb47e748a0bb445769c0b44e7797cb5a4c,79d3837083279d7f675cf2d90e1df2ad6bf99d84da2ed35d3a7fc79dbfb5238a,3
SCE-S16-17,scale_16_evidence_revalidates_progress,cope_semantic,True,9ae0f375b4e4881975983aaa01462e0a5a7829bffa142ff36e55f62947532a33,75fca7b20edc0a07c56762d4431c0253e8806243dfb65e586a3deb0436b2a650,d65ebbc82ca3aa2f5257bc1138e66436a6183c53778319a0e6b389c1bc1662b3,3
SCE-S16-17,scale_16_evidence_revalidates_progress,neutral_typed,True,9ae0f375b4e4881975983aaa01462e0a5a7829bffa142ff36e55f62947532a33,75fca7b20edc0a07c56762d4431c0253e8806243dfb65e586a3deb0436b2a650,d65ebbc82ca3aa2f5257bc1138e66436a6183c53778319a0e6b389c1bc1662b3,3
SCE-S16-17,scale_16_evidence_revalidates_progress,compact_semantic,True,9ae0f375b4e4881975983aaa01462e0a5a7829bffa142ff36e55f62947532a33,75fca7b20edc0a07c56762d4431c0253e8806243dfb65e586a3deb0436b2a650,d65ebbc82ca3aa2f5257bc1138e66436a6183c53778319a0e6b389c1bc1662b3,3
SCE-S16-17,scale_16_evidence_revalidates_progress,fsr_semantic,True,9ae0f375b4e4881975983aaa01462e0a5a7829bffa142ff36e55f62947532a33,75fca7b20edc0a07c56762d4431c0253e8806243dfb65e586a3deb0436b2a650,d65ebbc82ca3aa2f5257bc1138e66436a6183c53778319a0e6b389c1bc1662b3,3
SCE-S16-18,scale_16_nonreversible_safe_stop,cope_semantic,True,b70ab937b05dee86a9f4436eb4663dc389ec7bf2db28b98a718f3ba93a7d4306,c1a016f3a34ee3f0d095610683ff8c9012838bbd74875996d6711480c209d3cf,90c0c6c8daf0e59b9926728416a4c1b79efaa2383401548232a1aad5dde02fab,3
SCE-S16-18,scale_16_nonreversible_safe_stop,neutral_typed,True,b70ab937b05dee86a9f4436eb4663dc389ec7bf2db28b98a718f3ba93a7d4306,c1a016f3a34ee3f0d095610683ff8c9012838bbd74875996d6711480c209d3cf,90c0c6c8daf0e59b9926728416a4c1b79efaa2383401548232a1aad5dde02fab,3
SCE-S16-18,scale_16_nonreversible_safe_stop,compact_semantic,True,b70ab937b05dee86a9f4436eb4663dc389ec7bf2db28b98a718f3ba93a7d4306,c1a016f3a34ee3f0d095610683ff8c9012838bbd74875996d6711480c209d3cf,90c0c6c8daf0e59b9926728416a4c1b79efaa2383401548232a1aad5dde02fab,3
SCE-S16-18,scale_16_nonreversible_safe_stop,fsr_semantic,True,b70ab937b05dee86a9f4436eb4663dc389ec7bf2db28b98a718f3ba93a7d4306,c1a016f3a34ee3f0d095610683ff8c9012838bbd74875996d6711480c209d3cf,90c0c6c8daf0e59b9926728416a4c1b79efaa2383401548232a1aad5dde02fab,3
SCE-S16-19,scale_16_reversible_immediate_stop,cope_semantic,True,5a4473b58424aef207a2071b8162b7ec4ec482cfba7a851300f33635316b00ba,b7032d38c94b779705d0c2005bcbce25c078ba027e7bfe0ead6ec574734e58d5,be13b63879dead758c00114d9b641c1264287755f0b9c0f0dfb5c8fd6a309891,2
SCE-S16-19,scale_16_reversible_immediate_stop,neutral_typed,True,5a4473b58424aef207a2071b8162b7ec4ec482cfba7a851300f33635316b00ba,b7032d38c94b779705d0c2005bcbce25c078ba027e7bfe0ead6ec574734e58d5,be13b63879dead758c00114d9b641c1264287755f0b9c0f0dfb5c8fd6a309891,2
SCE-S16-19,scale_16_reversible_immediate_stop,compact_semantic,True,5a4473b58424aef207a2071b8162b7ec4ec482cfba7a851300f33635316b00ba,b7032d38c94b779705d0c2005bcbce25c078ba027e7bfe0ead6ec574734e58d5,be13b63879dead758c00114d9b641c1264287755f0b9c0f0dfb5c8fd6a309891,2
SCE-S16-19,scale_16_reversible_immediate_stop,fsr_semantic,True,5a4473b58424aef207a2071b8162b7ec4ec482cfba7a851300f33635316b00ba,b7032d38c94b779705d0c2005bcbce25c078ba027e7bfe0ead6ec574734e58d5,be13b63879dead758c00114d9b641c1264287755f0b9c0f0dfb5c8fd6a309891,2
SCE-S16-20,scale_16_progress_checkpoint_insert,cope_semantic,True,733c0428a986b3f6523cfe3f84580c17354f42aa5d0c141183755e819356336a,61f84feefa445cbc301a6dfc0d170ee426163ed26c1c8c82c0587c363aa7f75a,081ffc85add37b668d54d1b28b21ef8a1e48e8aca69e158699373d6e9519764a,2
SCE-S16-20,scale_16_progress_checkpoint_insert,neutral_typed,True,733c0428a986b3f6523cfe3f84580c17354f42aa5d0c141183755e819356336a,61f84feefa445cbc301a6dfc0d170ee426163ed26c1c8c82c0587c363aa7f75a,081ffc85add37b668d54d1b28b21ef8a1e48e8aca69e158699373d6e9519764a,2
SCE-S16-20,scale_16_progress_checkpoint_insert,compact_semantic,True,733c0428a986b3f6523cfe3f84580c17354f42aa5d0c141183755e819356336a,61f84feefa445cbc301a6dfc0d170ee426163ed26c1c8c82c0587c363aa7f75a,081ffc85add37b668d54d1b28b21ef8a1e48e8aca69e158699373d6e9519764a,2
SCE-S16-20,scale_16_progress_checkpoint_insert,fsr_semantic,True,733c0428a986b3f6523cfe3f84580c17354f42aa5d0c141183755e819356336a,61f84feefa445cbc301a6dfc0d170ee426163ed26c1c8c82c0587c363aa7f75a,081ffc85add37b668d54d1b28b21ef8a1e48e8aca69e158699373d6e9519764a,2
SCE-S16-21,scale_16_progress_checkpoint_advance,cope_semantic,True,80f48eef73c69bf62c8617f7534ebe929a98b36f674daad0c5f162125ffb0a74,bdd704fd167a9ef48b8010f61beddfd78ed6f778d65f29edc0574eaacaf0636b,d454d5dcdd9f035779a7da5a27af76d786ed2d87429c42959e17207d5a50a71e,2
SCE-S16-21,scale_16_progress_checkpoint_advance,neutral_typed,True,80f48eef73c69bf62c8617f7534ebe929a98b36f674daad0c5f162125ffb0a74,bdd704fd167a9ef48b8010f61beddfd78ed6f778d65f29edc0574eaacaf0636b,d454d5dcdd9f035779a7da5a27af76d786ed2d87429c42959e17207d5a50a71e,2
SCE-S16-21,scale_16_progress_checkpoint_advance,compact_semantic,True,80f48eef73c69bf62c8617f7534ebe929a98b36f674daad0c5f162125ffb0a74,bdd704fd167a9ef48b8010f61beddfd78ed6f778d65f29edc0574eaacaf0636b,d454d5dcdd9f035779a7da5a27af76d786ed2d87429c42959e17207d5a50a71e,2
SCE-S16-21,scale_16_progress_checkpoint_advance,fsr_semantic,True,80f48eef73c69bf62c8617f7534ebe929a98b36f674daad0c5f162125ffb0a74,bdd704fd167a9ef48b8010f61beddfd78ed6f778d65f29edc0574eaacaf0636b,d454d5dcdd9f035779a7da5a27af76d786ed2d87429c42959e17207d5a50a71e,2
SCE-S16-22,scale_16_progress_reset_retry,cope_semantic,True,c1682651c1c2a2eccd8b97a5249df01a8d439157933c90c264238019a0f0b2d3,f3da181066e58bc495984572585a82ca1dc4b96f773573ca50a1055a0c771db3,f24fd6da7772ca8ffa791fd147bfcbf2e7a1b1495f8d29c3eeb102ee604cfd05,3
SCE-S16-22,scale_16_progress_reset_retry,neutral_typed,True,c1682651c1c2a2eccd8b97a5249df01a8d439157933c90c264238019a0f0b2d3,f3da181066e58bc495984572585a82ca1dc4b96f773573ca50a1055a0c771db3,f24fd6da7772ca8ffa791fd147bfcbf2e7a1b1495f8d29c3eeb102ee604cfd05,3
SCE-S16-22,scale_16_progress_reset_retry,compact_semantic,True,c1682651c1c2a2eccd8b97a5249df01a8d439157933c90c264238019a0f0b2d3,f3da181066e58bc495984572585a82ca1dc4b96f773573ca50a1055a0c771db3,f24fd6da7772ca8ffa791fd147bfcbf2e7a1b1495f8d29c3eeb102ee604cfd05,3
SCE-S16-22,scale_16_progress_reset_retry,fsr_semantic,True,c1682651c1c2a2eccd8b97a5249df01a8d439157933c90c264238019a0f0b2d3,f3da181066e58bc495984572585a82ca1dc4b96f773573ca50a1055a0c771db3,f24fd6da7772ca8ffa791fd147bfcbf2e7a1b1495f8d29c3eeb102ee604cfd05,3
SCE-S16-23,scale_16_restoration_candidate_add,cope_semantic,True,35d3949b788c6f5456a3bde310b99ed46604dd3ead76c0dc0154e528806f139d,39f58504a9a9d10a6b4a2ec403a6c59cd9f331d90a7f3082a6a239de775d7848,83110c9a3e7478e4937ddacdfbd8951bad3d3d070b88648fe951049e651a5056,1
SCE-S16-23,scale_16_restoration_candidate_add,neutral_typed,True,35d3949b788c6f5456a3bde310b99ed46604dd3ead76c0dc0154e528806f139d,39f58504a9a9d10a6b4a2ec403a6c59cd9f331d90a7f3082a6a239de775d7848,83110c9a3e7478e4937ddacdfbd8951bad3d3d070b88648fe951049e651a5056,1
SCE-S16-23,scale_16_restoration_candidate_add,compact_semantic,True,35d3949b788c6f5456a3bde310b99ed46604dd3ead76c0dc0154e528806f139d,39f58504a9a9d10a6b4a2ec403a6c59cd9f331d90a7f3082a6a239de775d7848,83110c9a3e7478e4937ddacdfbd8951bad3d3d070b88648fe951049e651a5056,1
SCE-S16-23,scale_16_restoration_candidate_add,fsr_semantic,True,35d3949b788c6f5456a3bde310b99ed46604dd3ead76c0dc0154e528806f139d,39f58504a9a9d10a6b4a2ec403a6c59cd9f331d90a7f3082a6a239de775d7848,83110c9a3e7478e4937ddacdfbd8951bad3d3d070b88648fe951049e651a5056,1
SCE-S16-24,scale_16_restoration_candidate_replace,cope_semantic,True,52a08db415366f7497489823c77c9e28082539c192884ddfeacfa7c586b432fa,0b3081a59779ec01d743930c743ee8a25dd693274d65fece73caca04fa42ddbf,0ef5c2bf5824e699cb45f2940c87a599256736f7172376940d418a948f77dd09,2
SCE-S16-24,scale_16_restoration_candidate_replace,neutral_typed,True,52a08db415366f7497489823c77c9e28082539c192884ddfeacfa7c586b432fa,0b3081a59779ec01d743930c743ee8a25dd693274d65fece73caca04fa42ddbf,0ef5c2bf5824e699cb45f2940c87a599256736f7172376940d418a948f77dd09,2
SCE-S16-24,scale_16_restoration_candidate_replace,compact_semantic,True,52a08db415366f7497489823c77c9e28082539c192884ddfeacfa7c586b432fa,0b3081a59779ec01d743930c743ee8a25dd693274d65fece73caca04fa42ddbf,0ef5c2bf5824e699cb45f2940c87a599256736f7172376940d418a948f77dd09,2
SCE-S16-24,scale_16_restoration_candidate_replace,fsr_semantic,True,52a08db415366f7497489823c77c9e28082539c192884ddfeacfa7c586b432fa,0b3081a59779ec01d743930c743ee8a25dd693274d65fece73caca04fa42ddbf,0ef5c2bf5824e699cb45f2940c87a599256736f7172376940d418a948f77dd09,2
SCE-S16-25,scale_16_restoration_candidate_drop,cope_semantic,True,4dbbcfda3b09afee7411c91aa613b9d6b6c359ed9e0ce2fd18e1c4666b4af7ac,987add6f1a4079b861d2c9f9f2060da19bfc97f1396731a10eecdc83322e529a,c4371bad254e7d96466ef3ab76cee9dd724997fca05602406f8d8ea34f08276f,2
SCE-S16-25,scale_16_restoration_candidate_drop,neutral_typed,True,4dbbcfda3b09afee7411c91aa613b9d6b6c359ed9e0ce2fd18e1c4666b4af7ac,987add6f1a4079b861d2c9f9f2060da19bfc97f1396731a10eecdc83322e529a,c4371bad254e7d96466ef3ab76cee9dd724997fca05602406f8d8ea34f08276f,2
SCE-S16-25,scale_16_restoration_candidate_drop,compact_semantic,True,4dbbcfda3b09afee7411c91aa613b9d6b6c359ed9e0ce2fd18e1c4666b4af7ac,987add6f1a4079b861d2c9f9f2060da19bfc97f1396731a10eecdc83322e529a,c4371bad254e7d96466ef3ab76cee9dd724997fca05602406f8d8ea34f08276f,2
SCE-S16-25,scale_16_restoration_candidate_drop,fsr_semantic,True,4dbbcfda3b09afee7411c91aa613b9d6b6c359ed9e0ce2fd18e1c4666b4af7ac,987add6f1a4079b861d2c9f9f2060da19bfc97f1396731a10eecdc83322e529a,c4371bad254e7d96466ef3ab76cee9dd724997fca05602406f8d8ea34f08276f,2
SCE-S16-26,scale_16_subgoal_insert_commitment,cope_semantic,True,83f4feba8fa600dab83ed2f9632642860def3c9850994e7f68083a940469d453,2b1fd366790644bdcf483e76684d2342b967f86be0691b8d51c04b677328612c,13d13050d3c466f20b5296e6d9b4274643897a3422a81f1f218caf920455c62c,2
SCE-S16-26,scale_16_subgoal_insert_commitment,neutral_typed,True,83f4feba8fa600dab83ed2f9632642860def3c9850994e7f68083a940469d453,2b1fd366790644bdcf483e76684d2342b967f86be0691b8d51c04b677328612c,13d13050d3c466f20b5296e6d9b4274643897a3422a81f1f218caf920455c62c,2
SCE-S16-26,scale_16_subgoal_insert_commitment,compact_semantic,True,83f4feba8fa600dab83ed2f9632642860def3c9850994e7f68083a940469d453,2b1fd366790644bdcf483e76684d2342b967f86be0691b8d51c04b677328612c,13d13050d3c466f20b5296e6d9b4274643897a3422a81f1f218caf920455c62c,2
SCE-S16-26,scale_16_subgoal_insert_commitment,fsr_semantic,True,83f4feba8fa600dab83ed2f9632642860def3c9850994e7f68083a940469d453,2b1fd366790644bdcf483e76684d2342b967f86be0691b8d51c04b677328612c,13d13050d3c466f20b5296e6d9b4274643897a3422a81f1f218caf920455c62c,2
SCE-S16-27,scale_16_subgoal_insert_action,cope_semantic,True,31b4d53b83e42dc78e56679886842adb41dea56c26d9621cf8908651ccb83f39,041cce043851fa8b84359f1013614beee590940cec3aa50b239608c255cbcc40,2e712b117cbe55d218f218b64aa5917e2fabc3fc5e0803cbf600d3c8827e262a,3
SCE-S16-27,scale_16_subgoal_insert_action,neutral_typed,True,31b4d53b83e42dc78e56679886842adb41dea56c26d9621cf8908651ccb83f39,041cce043851fa8b84359f1013614beee590940cec3aa50b239608c255cbcc40,2e712b117cbe55d218f218b64aa5917e2fabc3fc5e0803cbf600d3c8827e262a,3
SCE-S16-27,scale_16_subgoal_insert_action,compact_semantic,True,31b4d53b83e42dc78e56679886842adb41dea56c26d9621cf8908651ccb83f39,041cce043851fa8b84359f1013614beee590940cec3aa50b239608c255cbcc40,2e712b117cbe55d218f218b64aa5917e2fabc3fc5e0803cbf600d3c8827e262a,3
SCE-S16-27,scale_16_subgoal_insert_action,fsr_semantic,True,31b4d53b83e42dc78e56679886842adb41dea56c26d9621cf8908651ccb83f39,041cce043851fa8b84359f1013614beee590940cec3aa50b239608c255cbcc40,2e712b117cbe55d218f218b64aa5917e2fabc3fc5e0803cbf600d3c8827e262a,3
SCE-S16-28,scale_16_subgoal_insert_full_bundle,cope_semantic,True,6ea47104d595ca9961dc997ed57047096d53ce2a240945d983eaf503eb8f651a,eacf0642d3ad8f80c4b19917510b4c89eaf477bb0dec21299e74c79440278575,527e339ced69e3c595fc47ab7779a03f4d95f40474b221dee0b7f3d764ea9b19,4
SCE-S16-28,scale_16_subgoal_insert_full_bundle,neutral_typed,True,6ea47104d595ca9961dc997ed57047096d53ce2a240945d983eaf503eb8f651a,eacf0642d3ad8f80c4b19917510b4c89eaf477bb0dec21299e74c79440278575,527e339ced69e3c595fc47ab7779a03f4d95f40474b221dee0b7f3d764ea9b19,4
SCE-S16-28,scale_16_subgoal_insert_full_bundle,compact_semantic,True,6ea47104d595ca9961dc997ed57047096d53ce2a240945d983eaf503eb8f651a,eacf0642d3ad8f80c4b19917510b4c89eaf477bb0dec21299e74c79440278575,527e339ced69e3c595fc47ab7779a03f4d95f40474b221dee0b7f3d764ea9b19,4
SCE-S16-28,scale_16_subgoal_insert_full_bundle,fsr_semantic,True,6ea47104d595ca9961dc997ed57047096d53ce2a240945d983eaf503eb8f651a,eacf0642d3ad8f80c4b19917510b4c89eaf477bb0dec21299e74c79440278575,527e339ced69e3c595fc47ab7779a03f4d95f40474b221dee0b7f3d764ea9b19,4
SCE-S16-29,scale_16_deadline_expire_pending,cope_semantic,True,e5b97682aa3847f94ca9731fdbd81e48088f10b46cb3a3d58516e0df221b28d5,8e721c9b57b1f746e0699789fcc66aa6d7d3e0cfc4f60eb731f9a866c491b17f,28010d94272c2307d3cdd796ab20e60f0f335e9e1d5c863e563dae9aac255c0d,2
SCE-S16-29,scale_16_deadline_expire_pending,neutral_typed,True,e5b97682aa3847f94ca9731fdbd81e48088f10b46cb3a3d58516e0df221b28d5,8e721c9b57b1f746e0699789fcc66aa6d7d3e0cfc4f60eb731f9a866c491b17f,28010d94272c2307d3cdd796ab20e60f0f335e9e1d5c863e563dae9aac255c0d,2
SCE-S16-29,scale_16_deadline_expire_pending,compact_semantic,True,e5b97682aa3847f94ca9731fdbd81e48088f10b46cb3a3d58516e0df221b28d5,8e721c9b57b1f746e0699789fcc66aa6d7d3e0cfc4f60eb731f9a866c491b17f,28010d94272c2307d3cdd796ab20e60f0f335e9e1d5c863e563dae9aac255c0d,2
SCE-S16-29,scale_16_deadline_expire_pending,fsr_semantic,True,e5b97682aa3847f94ca9731fdbd81e48088f10b46cb3a3d58516e0df221b28d5,8e721c9b57b1f746e0699789fcc66aa6d7d3e0cfc4f60eb731f9a866c491b17f,28010d94272c2307d3cdd796ab20e60f0f335e9e1d5c863e563dae9aac255c0d,2
SCE-S16-30,scale_16_deadline_grace_extension,cope_semantic,True,067b9976367eb40246238dcbb7d16f3d0c1be54b11598316bce456d6058f284f,8cdf97f1cae264f20d92af91416f9a5908e96370c5349d9b025a108ee07c4696,fa0715be27a9b62318749eb5102edeb1438c509aa0deada183f1b95bdd1f5b2b,2
SCE-S16-30,scale_16_deadline_grace_extension,neutral_typed,True,067b9976367eb40246238dcbb7d16f3d0c1be54b11598316bce456d6058f284f,8cdf97f1cae264f20d92af91416f9a5908e96370c5349d9b025a108ee07c4696,fa0715be27a9b62318749eb5102edeb1438c509aa0deada183f1b95bdd1f5b2b,2
SCE-S16-30,scale_16_deadline_grace_extension,compact_semantic,True,067b9976367eb40246238dcbb7d16f3d0c1be54b11598316bce456d6058f284f,8cdf97f1cae264f20d92af91416f9a5908e96370c5349d9b025a108ee07c4696,fa0715be27a9b62318749eb5102edeb1438c509aa0deada183f1b95bdd1f5b2b,2
SCE-S16-30,scale_16_deadline_grace_extension,fsr_semantic,True,067b9976367eb40246238dcbb7d16f3d0c1be54b11598316bce456d6058f284f,8cdf97f1cae264f20d92af91416f9a5908e96370c5349d9b025a108ee07c4696,fa0715be27a9b62318749eb5102edeb1438c509aa0deada183f1b95bdd1f5b2b,2
SCE-S16-31,scale_16_concurrent_commutative_fact,cope_semantic,True,8d47f3953b8ec97079971dd5dffd3c3e7133e205fbc4f731f7bc3c0d74ed836f,8387fc6b0b1dba0257fdc0172bc8e100b6fdc87e137ba1a714b66b0937dfe161,d1d17de9818388c96bdd5ea23d5cdfc07cc5efdde200fce4163d0706ec1fbf21,1
SCE-S16-31,scale_16_concurrent_commutative_fact,neutral_typed,True,8d47f3953b8ec97079971dd5dffd3c3e7133e205fbc4f731f7bc3c0d74ed836f,8387fc6b0b1dba0257fdc0172bc8e100b6fdc87e137ba1a714b66b0937dfe161,d1d17de9818388c96bdd5ea23d5cdfc07cc5efdde200fce4163d0706ec1fbf21,1
SCE-S16-31,scale_16_concurrent_commutative_fact,compact_semantic,True,8d47f3953b8ec97079971dd5dffd3c3e7133e205fbc4f731f7bc3c0d74ed836f,8387fc6b0b1dba0257fdc0172bc8e100b6fdc87e137ba1a714b66b0937dfe161,d1d17de9818388c96bdd5ea23d5cdfc07cc5efdde200fce4163d0706ec1fbf21,1
SCE-S16-31,scale_16_concurrent_commutative_fact,fsr_semantic,True,8d47f3953b8ec97079971dd5dffd3c3e7133e205fbc4f731f7bc3c0d74ed836f,8387fc6b0b1dba0257fdc0172bc8e100b6fdc87e137ba1a714b66b0937dfe161,d1d17de9818388c96bdd5ea23d5cdfc07cc5efdde200fce4163d0706ec1fbf21,1
SCE-S16-32,scale_16_concurrent_conflict_hold,cope_semantic,True,0e3587e2c954b10850d754f54a2bfeffc90a6fb29cda6b4a713669ceec96fc6d,6dc9f715b88d96780d0967e30cb428397df8beb07400fd59d3763c081106e47d,55929c70fcd16fced5409c08d305cf32b75219dff14147098d87f9454a5cdf12,3
SCE-S16-32,scale_16_concurrent_conflict_hold,neutral_typed,True,0e3587e2c954b10850d754f54a2bfeffc90a6fb29cda6b4a713669ceec96fc6d,6dc9f715b88d96780d0967e30cb428397df8beb07400fd59d3763c081106e47d,55929c70fcd16fced5409c08d305cf32b75219dff14147098d87f9454a5cdf12,3
SCE-S16-32,scale_16_concurrent_conflict_hold,compact_semantic,True,0e3587e2c954b10850d754f54a2bfeffc90a6fb29cda6b4a713669ceec96fc6d,6dc9f715b88d96780d0967e30cb428397df8beb07400fd59d3763c081106e47d,55929c70fcd16fced5409c08d305cf32b75219dff14147098d87f9454a5cdf12,3
SCE-S16-32,scale_16_concurrent_conflict_hold,fsr_semantic,True,0e3587e2c954b10850d754f54a2bfeffc90a6fb29cda6b4a713669ceec96fc6d,6dc9f715b88d96780d0967e30cb428397df8beb07400fd59d3763c081106e47d,55929c70fcd16fced5409c08d305cf32b75219dff14147098d87f9454a5cdf12,3
SCE-S16-33,scale_16_owner_scoped_status_change,cope_semantic,True,05d6d638b88a71289bca5b988ddd4ccf800914f44b7ef040937acaff56b1b1b1,df47195a6635535d41716b4f3f1ad3bf5318362d0a4926d84a52bc069fceec6f,28ad8fc88ebf07acb07968843cdb581108fe88d4182152c5487a5018fcffafed,2
SCE-S16-33,scale_16_owner_scoped_status_change,neutral_typed,True,05d6d638b88a71289bca5b988ddd4ccf800914f44b7ef040937acaff56b1b1b1,df47195a6635535d41716b4f3f1ad3bf5318362d0a4926d84a52bc069fceec6f,28ad8fc88ebf07acb07968843cdb581108fe88d4182152c5487a5018fcffafed,2
SCE-S16-33,scale_16_owner_scoped_status_change,compact_semantic,True,05d6d638b88a71289bca5b988ddd4ccf800914f44b7ef040937acaff56b1b1b1,df47195a6635535d41716b4f3f1ad3bf5318362d0a4926d84a52bc069fceec6f,28ad8fc88ebf07acb07968843cdb581108fe88d4182152c5487a5018fcffafed,2
SCE-S16-33,scale_16_owner_scoped_status_change,fsr_semantic,True,05d6d638b88a71289bca5b988ddd4ccf800914f44b7ef040937acaff56b1b1b1,df47195a6635535d41716b4f3f1ad3bf5318362d0a4926d84a52bc069fceec6f,28ad8fc88ebf07acb07968843cdb581108fe88d4182152c5487a5018fcffafed,2
SCE-S16-34,scale_16_owner_scoped_field_change,cope_semantic,True,107b50329ecc7a0a03e8faf0d60398f60a15874c343434ce7069cb91f645a1fe,2f971c7cb128c42b88d2e4ff406bf3dee2a97cf49d311adbc4e8007ecfe39258,0e591e08e51438459c9796322118b5030311416fcef951eaf167cdb428e31177,2
SCE-S16-34,scale_16_owner_scoped_field_change,neutral_typed,True,107b50329ecc7a0a03e8faf0d60398f60a15874c343434ce7069cb91f645a1fe,2f971c7cb128c42b88d2e4ff406bf3dee2a97cf49d311adbc4e8007ecfe39258,0e591e08e51438459c9796322118b5030311416fcef951eaf167cdb428e31177,2
SCE-S16-34,scale_16_owner_scoped_field_change,compact_semantic,True,107b50329ecc7a0a03e8faf0d60398f60a15874c343434ce7069cb91f645a1fe,2f971c7cb128c42b88d2e4ff406bf3dee2a97cf49d311adbc4e8007ecfe39258,0e591e08e51438459c9796322118b5030311416fcef951eaf167cdb428e31177,2
SCE-S16-34,scale_16_owner_scoped_field_change,fsr_semantic,True,107b50329ecc7a0a03e8faf0d60398f60a15874c343434ce7069cb91f645a1fe,2f971c7cb128c42b88d2e4ff406bf3dee2a97cf49d311adbc4e8007ecfe39258,0e591e08e51438459c9796322118b5030311416fcef951eaf167cdb428e31177,2
SCE-S16-35,scale_16_compound_resume_and_checkpoint,cope_semantic,True,ca08ccd1823c705e1544d6f1402c557fb3a60f786a5b330544f602b92dbb240f,4271fc1daa1d22e9e09618c5f4b13e2080815e83cbf1714641a5483b1fc0295b,6f028331887a45db54afa415315b626180834ebfd922addd1f8a183b91011dc4,4
SCE-S16-35,scale_16_compound_resume_and_checkpoint,neutral_typed,True,ca08ccd1823c705e1544d6f1402c557fb3a60f786a5b330544f602b92dbb240f,4271fc1daa1d22e9e09618c5f4b13e2080815e83cbf1714641a5483b1fc0295b,6f028331887a45db54afa415315b626180834ebfd922addd1f8a183b91011dc4,4
SCE-S16-35,scale_16_compound_resume_and_checkpoint,compact_semantic,True,ca08ccd1823c705e1544d6f1402c557fb3a60f786a5b330544f602b92dbb240f,4271fc1daa1d22e9e09618c5f4b13e2080815e83cbf1714641a5483b1fc0295b,6f028331887a45db54afa415315b626180834ebfd922addd1f8a183b91011dc4,4
SCE-S16-35,scale_16_compound_resume_and_checkpoint,fsr_semantic,True,ca08ccd1823c705e1544d6f1402c557fb3a60f786a5b330544f602b92dbb240f,4271fc1daa1d22e9e09618c5f4b13e2080815e83cbf1714641a5483b1fc0295b,6f028331887a45db54afa415315b626180834ebfd922addd1f8a183b91011dc4,4
SCE-S16-36,scale_16_compound_replace_and_restore,cope_semantic,True,7c719d500dc2aa3c027b133d9ee84dde5e88847cfa4c5ce4a397c5b6884aad4b,c91a0217f6bdf1de259185dea5166bcb7ea226bfa40a2ba380575b5844d60884,e7d423b8795824ce395f56dae288a33847daa24aea0d50fee3b71518c94eb0a4,4
SCE-S16-36,scale_16_compound_replace_and_restore,neutral_typed,True,7c719d500dc2aa3c027b133d9ee84dde5e88847cfa4c5ce4a397c5b6884aad4b,c91a0217f6bdf1de259185dea5166bcb7ea226bfa40a2ba380575b5844d60884,e7d423b8795824ce395f56dae288a33847daa24aea0d50fee3b71518c94eb0a4,4
SCE-S16-36,scale_16_compound_replace_and_restore,compact_semantic,True,7c719d500dc2aa3c027b133d9ee84dde5e88847cfa4c5ce4a397c5b6884aad4b,c91a0217f6bdf1de259185dea5166bcb7ea226bfa40a2ba380575b5844d60884,e7d423b8795824ce395f56dae288a33847daa24aea0d50fee3b71518c94eb0a4,4
SCE-S16-36,scale_16_compound_replace_and_restore,fsr_semantic,True,7c719d500dc2aa3c027b133d9ee84dde5e88847cfa4c5ce4a397c5b6884aad4b,c91a0217f6bdf1de259185dea5166bcb7ea226bfa40a2ba380575b5844d60884,e7d423b8795824ce395f56dae288a33847daa24aea0d50fee3b71518c94eb0a4,4
SCE-S32-01,scale_32_single_root_expiry,cope_semantic,True,e70a734e47deb42266b432379df1d3d76f15917994d1841232d81d93a87fd741,3774a8ba40e59da0be046a8b52b747c8358cdad92939b89247f6eac72772c5b8,4a466ed3a8b9195db23f212d4615add2addc05ad82e4b888589c5cfd58ec97ac,1
SCE-S32-01,scale_32_single_root_expiry,neutral_typed,True,e70a734e47deb42266b432379df1d3d76f15917994d1841232d81d93a87fd741,3774a8ba40e59da0be046a8b52b747c8358cdad92939b89247f6eac72772c5b8,4a466ed3a8b9195db23f212d4615add2addc05ad82e4b888589c5cfd58ec97ac,1
SCE-S32-01,scale_32_single_root_expiry,compact_semantic,True,e70a734e47deb42266b432379df1d3d76f15917994d1841232d81d93a87fd741,3774a8ba40e59da0be046a8b52b747c8358cdad92939b89247f6eac72772c5b8,4a466ed3a8b9195db23f212d4615add2addc05ad82e4b888589c5cfd58ec97ac,1
SCE-S32-01,scale_32_single_root_expiry,fsr_semantic,True,e70a734e47deb42266b432379df1d3d76f15917994d1841232d81d93a87fd741,3774a8ba40e59da0be046a8b52b747c8358cdad92939b89247f6eac72772c5b8,4a466ed3a8b9195db23f212d4615add2addc05ad82e4b888589c5cfd58ec97ac,1
SCE-S32-02,scale_32_expiry_with_running_action,cope_semantic,True,2d10c4dacbb38be91224bffa12b7b300b8d142b565abbc8245a39e2606d05de2,e5ac1afb892eda5eddeb5d88555488bcda0258eb93ff2fde8e528cd296e1dfdb,158be7040b362b6e28b26fe9768bb4ee112237b3438fe755865053e044c44d22,2
SCE-S32-02,scale_32_expiry_with_running_action,neutral_typed,True,2d10c4dacbb38be91224bffa12b7b300b8d142b565abbc8245a39e2606d05de2,e5ac1afb892eda5eddeb5d88555488bcda0258eb93ff2fde8e528cd296e1dfdb,158be7040b362b6e28b26fe9768bb4ee112237b3438fe755865053e044c44d22,2
SCE-S32-02,scale_32_expiry_with_running_action,compact_semantic,True,2d10c4dacbb38be91224bffa12b7b300b8d142b565abbc8245a39e2606d05de2,e5ac1afb892eda5eddeb5d88555488bcda0258eb93ff2fde8e528cd296e1dfdb,158be7040b362b6e28b26fe9768bb4ee112237b3438fe755865053e044c44d22,2
SCE-S32-02,scale_32_expiry_with_running_action,fsr_semantic,True,2d10c4dacbb38be91224bffa12b7b300b8d142b565abbc8245a39e2606d05de2,e5ac1afb892eda5eddeb5d88555488bcda0258eb93ff2fde8e528cd296e1dfdb,158be7040b362b6e28b26fe9768bb4ee112237b3438fe755865053e044c44d22,2
SCE-S32-03,scale_32_conjunctive_dependency_block,cope_semantic,True,ac8252fc15e8006754a08ec86222dbb31edc8110d7258cd8d89bc63e97e63987,14919973b704f024dd1a8140a8ec47038a0a485506e27a14e8ec27bd5587ea41,889935a9cce078e237c3801dc0c7c9ad4b563b65d8474891768c2bafbfa4aa24,3
SCE-S32-03,scale_32_conjunctive_dependency_block,neutral_typed,True,ac8252fc15e8006754a08ec86222dbb31edc8110d7258cd8d89bc63e97e63987,14919973b704f024dd1a8140a8ec47038a0a485506e27a14e8ec27bd5587ea41,889935a9cce078e237c3801dc0c7c9ad4b563b65d8474891768c2bafbfa4aa24,3
SCE-S32-03,scale_32_conjunctive_dependency_block,compact_semantic,True,ac8252fc15e8006754a08ec86222dbb31edc8110d7258cd8d89bc63e97e63987,14919973b704f024dd1a8140a8ec47038a0a485506e27a14e8ec27bd5587ea41,889935a9cce078e237c3801dc0c7c9ad4b563b65d8474891768c2bafbfa4aa24,3
SCE-S32-03,scale_32_conjunctive_dependency_block,fsr_semantic,True,ac8252fc15e8006754a08ec86222dbb31edc8110d7258cd8d89bc63e97e63987,14919973b704f024dd1a8140a8ec47038a0a485506e27a14e8ec27bd5587ea41,889935a9cce078e237c3801dc0c7c9ad4b563b65d8474891768c2bafbfa4aa24,3
SCE-S32-04,scale_32_disjunctive_dependency_survival,cope_semantic,True,fae153c8b2a35753ae5fe738ac75cf9aab2dbc0166ed798bbc1ba2a0f5f6692c,4b443e89aa9b092d293f63874012c27a3ce8af745118f1ff72eefad2e1363a28,811cfdc6dc71bf2b4eb368abd8693fdeef919b456095652638b32fe03b84d49e,2
SCE-S32-04,scale_32_disjunctive_dependency_survival,neutral_typed,True,fae153c8b2a35753ae5fe738ac75cf9aab2dbc0166ed798bbc1ba2a0f5f6692c,4b443e89aa9b092d293f63874012c27a3ce8af745118f1ff72eefad2e1363a28,811cfdc6dc71bf2b4eb368abd8693fdeef919b456095652638b32fe03b84d49e,2
SCE-S32-04,scale_32_disjunctive_dependency_survival,compact_semantic,True,fae153c8b2a35753ae5fe738ac75cf9aab2dbc0166ed798bbc1ba2a0f5f6692c,4b443e89aa9b092d293f63874012c27a3ce8af745118f1ff72eefad2e1363a28,811cfdc6dc71bf2b4eb368abd8693fdeef919b456095652638b32fe03b84d49e,2
SCE-S32-04,scale_32_disjunctive_dependency_survival,fsr_semantic,True,fae153c8b2a35753ae5fe738ac75cf9aab2dbc0166ed798bbc1ba2a0f5f6692c,4b443e89aa9b092d293f63874012c27a3ce8af745118f1ff72eefad2e1363a28,811cfdc6dc71bf2b4eb368abd8693fdeef919b456095652638b32fe03b84d49e,2
SCE-S32-05,scale_32_priority_raise_without_preemption,cope_semantic,True,c7d200e3c47e8596e86dc9574971a84e929cd5d33535f2b7512b51b3ea726f77,90d2831840b15739ed383c92a2e399a8fef2c4ffed599c81287fb5ec0ff383b0,0a67aebb6187eccbc7d0b83706b5740b1956c803d797ebe827104db2b5bad974,1
SCE-S32-05,scale_32_priority_raise_without_preemption,neutral_typed,True,c7d200e3c47e8596e86dc9574971a84e929cd5d33535f2b7512b51b3ea726f77,90d2831840b15739ed383c92a2e399a8fef2c4ffed599c81287fb5ec0ff383b0,0a67aebb6187eccbc7d0b83706b5740b1956c803d797ebe827104db2b5bad974,1
SCE-S32-05,scale_32_priority_raise_without_preemption,compact_semantic,True,c7d200e3c47e8596e86dc9574971a84e929cd5d33535f2b7512b51b3ea726f77,90d2831840b15739ed383c92a2e399a8fef2c4ffed599c81287fb5ec0ff383b0,0a67aebb6187eccbc7d0b83706b5740b1956c803d797ebe827104db2b5bad974,1
SCE-S32-05,scale_32_priority_raise_without_preemption,fsr_semantic,True,c7d200e3c47e8596e86dc9574971a84e929cd5d33535f2b7512b51b3ea726f77,90d2831840b15739ed383c92a2e399a8fef2c4ffed599c81287fb5ec0ff383b0,0a67aebb6187eccbc7d0b83706b5740b1956c803d797ebe827104db2b5bad974,1
SCE-S32-06,scale_32_priority_raise_with_preemption,cope_semantic,True,da57da4b2724ac7a85e9906ed0f26384609c612dbca41501807855c810a573bc,71cd8a0b91f7d9dd49cb2254a901a5bfc1bddcf0b8d509058e226cfe522ed9f8,727d0b590cb07160fa958f234fe5a70ebf7759fe2e2df509082173e9888d7d64,3
SCE-S32-06,scale_32_priority_raise_with_preemption,neutral_typed,True,da57da4b2724ac7a85e9906ed0f26384609c612dbca41501807855c810a573bc,71cd8a0b91f7d9dd49cb2254a901a5bfc1bddcf0b8d509058e226cfe522ed9f8,727d0b590cb07160fa958f234fe5a70ebf7759fe2e2df509082173e9888d7d64,3
SCE-S32-06,scale_32_priority_raise_with_preemption,compact_semantic,True,da57da4b2724ac7a85e9906ed0f26384609c612dbca41501807855c810a573bc,71cd8a0b91f7d9dd49cb2254a901a5bfc1bddcf0b8d509058e226cfe522ed9f8,727d0b590cb07160fa958f234fe5a70ebf7759fe2e2df509082173e9888d7d64,3
SCE-S32-06,scale_32_priority_raise_with_preemption,fsr_semantic,True,da57da4b2724ac7a85e9906ed0f26384609c612dbca41501807855c810a573bc,71cd8a0b91f7d9dd49cb2254a901a5bfc1bddcf0b8d509058e226cfe522ed9f8,727d0b590cb07160fa958f234fe5a70ebf7759fe2e2df509082173e9888d7d64,3
SCE-S32-07,scale_32_replacement_insert_only,cope_semantic,True,48b352fe3a7dcf1629b823421c7f3b14ff94309a341602104260d08e38e448c5,90ae36cb2f1c382f14f36e0cb0c92085dcb110b81d7ef16dc7ad6d6712b2a6ff,d0a3e373a8b895887b35e99a24c5c5455faac7b4c5c03720bc97be27b149abac,2
SCE-S32-07,scale_32_replacement_insert_only,neutral_typed,True,48b352fe3a7dcf1629b823421c7f3b14ff94309a341602104260d08e38e448c5,90ae36cb2f1c382f14f36e0cb0c92085dcb110b81d7ef16dc7ad6d6712b2a6ff,d0a3e373a8b895887b35e99a24c5c5455faac7b4c5c03720bc97be27b149abac,2
SCE-S32-07,scale_32_replacement_insert_only,compact_semantic,True,48b352fe3a7dcf1629b823421c7f3b14ff94309a341602104260d08e38e448c5,90ae36cb2f1c382f14f36e0cb0c92085dcb110b81d7ef16dc7ad6d6712b2a6ff,d0a3e373a8b895887b35e99a24c5c5455faac7b4c5c03720bc97be27b149abac,2
SCE-S32-07,scale_32_replacement_insert_only,fsr_semantic,True,48b352fe3a7dcf1629b823421c7f3b14ff94309a341602104260d08e38e448c5,90ae36cb2f1c382f14f36e0cb0c92085dcb110b81d7ef16dc7ad6d6712b2a6ff,d0a3e373a8b895887b35e99a24c5c5455faac7b4c5c03720bc97be27b149abac,2
SCE-S32-08,scale_32_replacement_retarget_action,cope_semantic,True,b5b6600d5e560cfdba500413edd9ac5bf21e5679a48b29efa667ee3a4ced3d28,30d7043e3c564905cf1886efa95f75acdf13420553653016a17516c932bf554a,633a7c3638063e730482f4d96901ee987917e72a1f50b254796c06585e26c7ec,3
SCE-S32-08,scale_32_replacement_retarget_action,neutral_typed,True,b5b6600d5e560cfdba500413edd9ac5bf21e5679a48b29efa667ee3a4ced3d28,30d7043e3c564905cf1886efa95f75acdf13420553653016a17516c932bf554a,633a7c3638063e730482f4d96901ee987917e72a1f50b254796c06585e26c7ec,3
SCE-S32-08,scale_32_replacement_retarget_action,compact_semantic,True,b5b6600d5e560cfdba500413edd9ac5bf21e5679a48b29efa667ee3a4ced3d28,30d7043e3c564905cf1886efa95f75acdf13420553653016a17516c932bf554a,633a7c3638063e730482f4d96901ee987917e72a1f50b254796c06585e26c7ec,3
SCE-S32-08,scale_32_replacement_retarget_action,fsr_semantic,True,b5b6600d5e560cfdba500413edd9ac5bf21e5679a48b29efa667ee3a4ced3d28,30d7043e3c564905cf1886efa95f75acdf13420553653016a17516c932bf554a,633a7c3638063e730482f4d96901ee987917e72a1f50b254796c06585e26c7ec,3
SCE-S32-09,scale_32_replacement_retarget_progress,cope_semantic,True,1d9f984ddd3b082b873416536630fba2614959aae656833cd5b3f7727b0ae70f,82e27aa77058f7d1dd3fcec16003b5db7fdcf62ef76c7ef2e6f3662cb27a2df1,1f3ca60afd43c374b3e0edfa88fcc5c8319db955ec0e8f07573f02ae711e1b82,3
SCE-S32-09,scale_32_replacement_retarget_progress,neutral_typed,True,1d9f984ddd3b082b873416536630fba2614959aae656833cd5b3f7727b0ae70f,82e27aa77058f7d1dd3fcec16003b5db7fdcf62ef76c7ef2e6f3662cb27a2df1,1f3ca60afd43c374b3e0edfa88fcc5c8319db955ec0e8f07573f02ae711e1b82,3
SCE-S32-09,scale_32_replacement_retarget_progress,compact_semantic,True,1d9f984ddd3b082b873416536630fba2614959aae656833cd5b3f7727b0ae70f,82e27aa77058f7d1dd3fcec16003b5db7fdcf62ef76c7ef2e6f3662cb27a2df1,1f3ca60afd43c374b3e0edfa88fcc5c8319db955ec0e8f07573f02ae711e1b82,3
SCE-S32-09,scale_32_replacement_retarget_progress,fsr_semantic,True,1d9f984ddd3b082b873416536630fba2614959aae656833cd5b3f7727b0ae70f,82e27aa77058f7d1dd3fcec16003b5db7fdcf62ef76c7ef2e6f3662cb27a2df1,1f3ca60afd43c374b3e0edfa88fcc5c8319db955ec0e8f07573f02ae711e1b82,3
SCE-S32-10,scale_32_temporary_override_insert,cope_semantic,True,31da7cef773eaa2e55a73f50d371dd4a78e472313498ad19a8a66a32573e847f,56eebbbadf04bbb87c6d91e0b2a410e5b696ed282ae41d3195ae0055323ebdc9,067db0ef894d3a7e5f93c4c82a2d5509fa2f6b37ae4b53edfac408c8aa3138c4,3
SCE-S32-10,scale_32_temporary_override_insert,neutral_typed,True,31da7cef773eaa2e55a73f50d371dd4a78e472313498ad19a8a66a32573e847f,56eebbbadf04bbb87c6d91e0b2a410e5b696ed282ae41d3195ae0055323ebdc9,067db0ef894d3a7e5f93c4c82a2d5509fa2f6b37ae4b53edfac408c8aa3138c4,3
SCE-S32-10,scale_32_temporary_override_insert,compact_semantic,True,31da7cef773eaa2e55a73f50d371dd4a78e472313498ad19a8a66a32573e847f,56eebbbadf04bbb87c6d91e0b2a410e5b696ed282ae41d3195ae0055323ebdc9,067db0ef894d3a7e5f93c4c82a2d5509fa2f6b37ae4b53edfac408c8aa3138c4,3
SCE-S32-10,scale_32_temporary_override_insert,fsr_semantic,True,31da7cef773eaa2e55a73f50d371dd4a78e472313498ad19a8a66a32573e847f,56eebbbadf04bbb87c6d91e0b2a410e5b696ed282ae41d3195ae0055323ebdc9,067db0ef894d3a7e5f93c4c82a2d5509fa2f6b37ae4b53edfac408c8aa3138c4,3
SCE-S32-11,scale_32_temporary_override_with_restore,cope_semantic,True,fffce4addb79d66927b6226ef6b6b2a293c90eadbc1f598373a27bdec6f78bdf,33cd2bde2ec3520c9576153d801fb0770395c3acb1be4f3d699a2cdac7e9b4eb,22089c44f51cbce54024131622d262c89dedb50036c72b4c7428da035514a5e5,4
SCE-S32-11,scale_32_temporary_override_with_restore,neutral_typed,True,fffce4addb79d66927b6226ef6b6b2a293c90eadbc1f598373a27bdec6f78bdf,33cd2bde2ec3520c9576153d801fb0770395c3acb1be4f3d699a2cdac7e9b4eb,22089c44f51cbce54024131622d262c89dedb50036c72b4c7428da035514a5e5,4
SCE-S32-11,scale_32_temporary_override_with_restore,compact_semantic,True,fffce4addb79d66927b6226ef6b6b2a293c90eadbc1f598373a27bdec6f78bdf,33cd2bde2ec3520c9576153d801fb0770395c3acb1be4f3d699a2cdac7e9b4eb,22089c44f51cbce54024131622d262c89dedb50036c72b4c7428da035514a5e5,4
SCE-S32-11,scale_32_temporary_override_with_restore,fsr_semantic,True,fffce4addb79d66927b6226ef6b6b2a293c90eadbc1f598373a27bdec6f78bdf,33cd2bde2ec3520c9576153d801fb0770395c3acb1be4f3d699a2cdac7e9b4eb,22089c44f51cbce54024131622d262c89dedb50036c72b4c7428da035514a5e5,4
SCE-S32-12,scale_32_override_release_resume,cope_semantic,True,35d9dfc65bd3afb0fa7e56a7d08b7a22de519c14306a96072ef28232bd83579f,2afd584cdd390d6a45ebadfe39e96e94e3db67abb15ff289adaec4811f08c033,ae315e1419757f4565cdab87d896c682bf9e4f19f49003369b153f90e4bd0f22,4
SCE-S32-12,scale_32_override_release_resume,neutral_typed,True,35d9dfc65bd3afb0fa7e56a7d08b7a22de519c14306a96072ef28232bd83579f,2afd584cdd390d6a45ebadfe39e96e94e3db67abb15ff289adaec4811f08c033,ae315e1419757f4565cdab87d896c682bf9e4f19f49003369b153f90e4bd0f22,4
SCE-S32-12,scale_32_override_release_resume,compact_semantic,True,35d9dfc65bd3afb0fa7e56a7d08b7a22de519c14306a96072ef28232bd83579f,2afd584cdd390d6a45ebadfe39e96e94e3db67abb15ff289adaec4811f08c033,ae315e1419757f4565cdab87d896c682bf9e4f19f49003369b153f90e4bd0f22,4
SCE-S32-12,scale_32_override_release_resume,fsr_semantic,True,35d9dfc65bd3afb0fa7e56a7d08b7a22de519c14306a96072ef28232bd83579f,2afd584cdd390d6a45ebadfe39e96e94e3db67abb15ff289adaec4811f08c033,ae315e1419757f4565cdab87d896c682bf9e4f19f49003369b153f90e4bd0f22,4
SCE-S32-13,scale_32_override_release_complete,cope_semantic,True,8a8bfa5094aab4c85fdc7403f555a072069a18261f32c8b00db91f18d3407241,ecaf77dd84549bc88149f90158aadeea3f1ac2a1b44c80736bf8061453b718dd,1c4a18dab7b8de35b23d5531f7aea3767bc51117d5f8e0d9e5bd094ba314736d,4
SCE-S32-13,scale_32_override_release_complete,neutral_typed,True,8a8bfa5094aab4c85fdc7403f555a072069a18261f32c8b00db91f18d3407241,ecaf77dd84549bc88149f90158aadeea3f1ac2a1b44c80736bf8061453b718dd,1c4a18dab7b8de35b23d5531f7aea3767bc51117d5f8e0d9e5bd094ba314736d,4
SCE-S32-13,scale_32_override_release_complete,compact_semantic,True,8a8bfa5094aab4c85fdc7403f555a072069a18261f32c8b00db91f18d3407241,ecaf77dd84549bc88149f90158aadeea3f1ac2a1b44c80736bf8061453b718dd,1c4a18dab7b8de35b23d5531f7aea3767bc51117d5f8e0d9e5bd094ba314736d,4
SCE-S32-13,scale_32_override_release_complete,fsr_semantic,True,8a8bfa5094aab4c85fdc7403f555a072069a18261f32c8b00db91f18d3407241,ecaf77dd84549bc88149f90158aadeea3f1ac2a1b44c80736bf8061453b718dd,1c4a18dab7b8de35b23d5531f7aea3767bc51117d5f8e0d9e5bd094ba314736d,4
SCE-S32-14,scale_32_world_fact_blocks_pending,cope_semantic,True,57614dbd991727614c86f8dc77db648a84a1e3b01e2a7e412ae06d4309d950b8,3a4120c2db503f5365ded89a8b8c6abaf83ed68dac7cfab62fa50fe8e840fd30,b46412bd2ece0c51159c0ccae7d866e7b26ecd9cc7b60401302c10b5ccbeeba2,2
SCE-S32-14,scale_32_world_fact_blocks_pending,neutral_typed,True,57614dbd991727614c86f8dc77db648a84a1e3b01e2a7e412ae06d4309d950b8,3a4120c2db503f5365ded89a8b8c6abaf83ed68dac7cfab62fa50fe8e840fd30,b46412bd2ece0c51159c0ccae7d866e7b26ecd9cc7b60401302c10b5ccbeeba2,2
SCE-S32-14,scale_32_world_fact_blocks_pending,compact_semantic,True,57614dbd991727614c86f8dc77db648a84a1e3b01e2a7e412ae06d4309d950b8,3a4120c2db503f5365ded89a8b8c6abaf83ed68dac7cfab62fa50fe8e840fd30,b46412bd2ece0c51159c0ccae7d866e7b26ecd9cc7b60401302c10b5ccbeeba2,2
SCE-S32-14,scale_32_world_fact_blocks_pending,fsr_semantic,True,57614dbd991727614c86f8dc77db648a84a1e3b01e2a7e412ae06d4309d950b8,3a4120c2db503f5365ded89a8b8c6abaf83ed68dac7cfab62fa50fe8e840fd30,b46412bd2ece0c51159c0ccae7d866e7b26ecd9cc7b60401302c10b5ccbeeba2,2
SCE-S32-15,scale_32_world_fact_halts_running,cope_semantic,True,7a8768e4e528d8b2c41188129fe8608fe8cd3b4eca90f8739e3c35ab0bacd136,836e723a987f20dc02a337b07794b5bfca67dc47983b1e18913f144416aa1a4c,6e44986021c11dd62130e575b37aded27064906237feeb38918a396b4177aa26,3
SCE-S32-15,scale_32_world_fact_halts_running,neutral_typed,True,7a8768e4e528d8b2c41188129fe8608fe8cd3b4eca90f8739e3c35ab0bacd136,836e723a987f20dc02a337b07794b5bfca67dc47983b1e18913f144416aa1a4c,6e44986021c11dd62130e575b37aded27064906237feeb38918a396b4177aa26,3
SCE-S32-15,scale_32_world_fact_halts_running,compact_semantic,True,7a8768e4e528d8b2c41188129fe8608fe8cd3b4eca90f8739e3c35ab0bacd136,836e723a987f20dc02a337b07794b5bfca67dc47983b1e18913f144416aa1a4c,6e44986021c11dd62130e575b37aded27064906237feeb38918a396b4177aa26,3
SCE-S32-15,scale_32_world_fact_halts_running,fsr_semantic,True,7a8768e4e528d8b2c41188129fe8608fe8cd3b4eca90f8739e3c35ab0bacd136,836e723a987f20dc02a337b07794b5bfca67dc47983b1e18913f144416aa1a4c,6e44986021c11dd62130e575b37aded27064906237feeb38918a396b4177aa26,3
SCE-S32-16,scale_32_evidence_invalidates_progress,cope_semantic,True,56e23d9c51e7f9f4574c50bab39a89584fbc10d40c795899ec871388f50cd266,3ff3fc04c506c2d219518b017e522482526fb6f151fc6cca886e756d6f9724b6,c69b3fee55083ee8a85987f608c4948bdad8bd86f851f5b2df806051f1f1c5f8,3
SCE-S32-16,scale_32_evidence_invalidates_progress,neutral_typed,True,56e23d9c51e7f9f4574c50bab39a89584fbc10d40c795899ec871388f50cd266,3ff3fc04c506c2d219518b017e522482526fb6f151fc6cca886e756d6f9724b6,c69b3fee55083ee8a85987f608c4948bdad8bd86f851f5b2df806051f1f1c5f8,3
SCE-S32-16,scale_32_evidence_invalidates_progress,compact_semantic,True,56e23d9c51e7f9f4574c50bab39a89584fbc10d40c795899ec871388f50cd266,3ff3fc04c506c2d219518b017e522482526fb6f151fc6cca886e756d6f9724b6,c69b3fee55083ee8a85987f608c4948bdad8bd86f851f5b2df806051f1f1c5f8,3
SCE-S32-16,scale_32_evidence_invalidates_progress,fsr_semantic,True,56e23d9c51e7f9f4574c50bab39a89584fbc10d40c795899ec871388f50cd266,3ff3fc04c506c2d219518b017e522482526fb6f151fc6cca886e756d6f9724b6,c69b3fee55083ee8a85987f608c4948bdad8bd86f851f5b2df806051f1f1c5f8,3
SCE-S32-17,scale_32_evidence_revalidates_progress,cope_semantic,True,97b957834057b85bd388287944ed5c7dcfed4a06319e7029c92e53e35bec0069,96d21b1d13d545181822eb786e09942a94c3c94de1b5f07734fc18d3125f09d5,541cdf22c960c9ee1fb6eca5c9d9a4ec4ada7e7df7cc2434efcf8bf016f0bc7f,3
SCE-S32-17,scale_32_evidence_revalidates_progress,neutral_typed,True,97b957834057b85bd388287944ed5c7dcfed4a06319e7029c92e53e35bec0069,96d21b1d13d545181822eb786e09942a94c3c94de1b5f07734fc18d3125f09d5,541cdf22c960c9ee1fb6eca5c9d9a4ec4ada7e7df7cc2434efcf8bf016f0bc7f,3
SCE-S32-17,scale_32_evidence_revalidates_progress,compact_semantic,True,97b957834057b85bd388287944ed5c7dcfed4a06319e7029c92e53e35bec0069,96d21b1d13d545181822eb786e09942a94c3c94de1b5f07734fc18d3125f09d5,541cdf22c960c9ee1fb6eca5c9d9a4ec4ada7e7df7cc2434efcf8bf016f0bc7f,3
SCE-S32-17,scale_32_evidence_revalidates_progress,fsr_semantic,True,97b957834057b85bd388287944ed5c7dcfed4a06319e7029c92e53e35bec0069,96d21b1d13d545181822eb786e09942a94c3c94de1b5f07734fc18d3125f09d5,541cdf22c960c9ee1fb6eca5c9d9a4ec4ada7e7df7cc2434efcf8bf016f0bc7f,3
SCE-S32-18,scale_32_nonreversible_safe_stop,cope_semantic,True,5f6948eaffe190a8ae9187aba9ea6e734ae00b4128d1e4092777b14d6cd1981f,b03d75c46fe328d7fd0f06b111e21dfd518697854cdd2c29bf4d7220f490716b,84de4c202a9a2387e83a3a336a5a1b8b5c99e9cc21d188bd69ebdc506a46f331,3
SCE-S32-18,scale_32_nonreversible_safe_stop,neutral_typed,True,5f6948eaffe190a8ae9187aba9ea6e734ae00b4128d1e4092777b14d6cd1981f,b03d75c46fe328d7fd0f06b111e21dfd518697854cdd2c29bf4d7220f490716b,84de4c202a9a2387e83a3a336a5a1b8b5c99e9cc21d188bd69ebdc506a46f331,3
SCE-S32-18,scale_32_nonreversible_safe_stop,compact_semantic,True,5f6948eaffe190a8ae9187aba9ea6e734ae00b4128d1e4092777b14d6cd1981f,b03d75c46fe328d7fd0f06b111e21dfd518697854cdd2c29bf4d7220f490716b,84de4c202a9a2387e83a3a336a5a1b8b5c99e9cc21d188bd69ebdc506a46f331,3
SCE-S32-18,scale_32_nonreversible_safe_stop,fsr_semantic,True,5f6948eaffe190a8ae9187aba9ea6e734ae00b4128d1e4092777b14d6cd1981f,b03d75c46fe328d7fd0f06b111e21dfd518697854cdd2c29bf4d7220f490716b,84de4c202a9a2387e83a3a336a5a1b8b5c99e9cc21d188bd69ebdc506a46f331,3
SCE-S32-19,scale_32_reversible_immediate_stop,cope_semantic,True,75e8fdabeb0d46f15500e26327efbcc926ddbb78c8d913713d3804e586dd8bab,202197a7c6f35c6af98af747a86f5c638e0fec0e2a516ebbc7dd98ae43fef1be,a59a59010b2cabedf6ae17ea2db323afc558eed5c919fd88133ce7e1ef08d5c3,2
SCE-S32-19,scale_32_reversible_immediate_stop,neutral_typed,True,75e8fdabeb0d46f15500e26327efbcc926ddbb78c8d913713d3804e586dd8bab,202197a7c6f35c6af98af747a86f5c638e0fec0e2a516ebbc7dd98ae43fef1be,a59a59010b2cabedf6ae17ea2db323afc558eed5c919fd88133ce7e1ef08d5c3,2
SCE-S32-19,scale_32_reversible_immediate_stop,compact_semantic,True,75e8fdabeb0d46f15500e26327efbcc926ddbb78c8d913713d3804e586dd8bab,202197a7c6f35c6af98af747a86f5c638e0fec0e2a516ebbc7dd98ae43fef1be,a59a59010b2cabedf6ae17ea2db323afc558eed5c919fd88133ce7e1ef08d5c3,2
SCE-S32-19,scale_32_reversible_immediate_stop,fsr_semantic,True,75e8fdabeb0d46f15500e26327efbcc926ddbb78c8d913713d3804e586dd8bab,202197a7c6f35c6af98af747a86f5c638e0fec0e2a516ebbc7dd98ae43fef1be,a59a59010b2cabedf6ae17ea2db323afc558eed5c919fd88133ce7e1ef08d5c3,2
SCE-S32-20,scale_32_progress_checkpoint_insert,cope_semantic,True,d8b66f19d1b4183b92d0a676da597c8c9203e124fd24bbf33e8e3b6bec3c6c1e,7e3a98fd020ac712e265915201531bc26d253230b6fb844a2e5c4b7a3063c5a3,b5ca3d1a2a5cd08dac6f679b112d5f2816adb8fadb13a8beb30a50a1b41fcc80,2
SCE-S32-20,scale_32_progress_checkpoint_insert,neutral_typed,True,d8b66f19d1b4183b92d0a676da597c8c9203e124fd24bbf33e8e3b6bec3c6c1e,7e3a98fd020ac712e265915201531bc26d253230b6fb844a2e5c4b7a3063c5a3,b5ca3d1a2a5cd08dac6f679b112d5f2816adb8fadb13a8beb30a50a1b41fcc80,2
SCE-S32-20,scale_32_progress_checkpoint_insert,compact_semantic,True,d8b66f19d1b4183b92d0a676da597c8c9203e124fd24bbf33e8e3b6bec3c6c1e,7e3a98fd020ac712e265915201531bc26d253230b6fb844a2e5c4b7a3063c5a3,b5ca3d1a2a5cd08dac6f679b112d5f2816adb8fadb13a8beb30a50a1b41fcc80,2
SCE-S32-20,scale_32_progress_checkpoint_insert,fsr_semantic,True,d8b66f19d1b4183b92d0a676da597c8c9203e124fd24bbf33e8e3b6bec3c6c1e,7e3a98fd020ac712e265915201531bc26d253230b6fb844a2e5c4b7a3063c5a3,b5ca3d1a2a5cd08dac6f679b112d5f2816adb8fadb13a8beb30a50a1b41fcc80,2
SCE-S32-21,scale_32_progress_checkpoint_advance,cope_semantic,True,3d6f8f78a5945260948e1fa2fa3f04e108ed698d35d46c2abed23790c99c130f,c6202ffd12cf4ce1dd6bf2cf75650839420bec6481401473d6739203801c8f40,265e69873440b95add8375a43eda5f31bb0086b8a2f4292aca1a361f53b7df56,2
SCE-S32-21,scale_32_progress_checkpoint_advance,neutral_typed,True,3d6f8f78a5945260948e1fa2fa3f04e108ed698d35d46c2abed23790c99c130f,c6202ffd12cf4ce1dd6bf2cf75650839420bec6481401473d6739203801c8f40,265e69873440b95add8375a43eda5f31bb0086b8a2f4292aca1a361f53b7df56,2
SCE-S32-21,scale_32_progress_checkpoint_advance,compact_semantic,True,3d6f8f78a5945260948e1fa2fa3f04e108ed698d35d46c2abed23790c99c130f,c6202ffd12cf4ce1dd6bf2cf75650839420bec6481401473d6739203801c8f40,265e69873440b95add8375a43eda5f31bb0086b8a2f4292aca1a361f53b7df56,2
SCE-S32-21,scale_32_progress_checkpoint_advance,fsr_semantic,True,3d6f8f78a5945260948e1fa2fa3f04e108ed698d35d46c2abed23790c99c130f,c6202ffd12cf4ce1dd6bf2cf75650839420bec6481401473d6739203801c8f40,265e69873440b95add8375a43eda5f31bb0086b8a2f4292aca1a361f53b7df56,2
SCE-S32-22,scale_32_progress_reset_retry,cope_semantic,True,4c9456a3264b722dd045eab9cba55d42a64baf35845d2e418ef96351b6e02d82,4bded881101f6e4f5f5ea8d7dcc25cd2ab90747d24582da9d5b9ce81c573ed79,ab9cea7392a1d4b8d050ffc76ea3ece68f64c2aa4d1df4ce0e30f62fb5ccb996,3
SCE-S32-22,scale_32_progress_reset_retry,neutral_typed,True,4c9456a3264b722dd045eab9cba55d42a64baf35845d2e418ef96351b6e02d82,4bded881101f6e4f5f5ea8d7dcc25cd2ab90747d24582da9d5b9ce81c573ed79,ab9cea7392a1d4b8d050ffc76ea3ece68f64c2aa4d1df4ce0e30f62fb5ccb996,3
SCE-S32-22,scale_32_progress_reset_retry,compact_semantic,True,4c9456a3264b722dd045eab9cba55d42a64baf35845d2e418ef96351b6e02d82,4bded881101f6e4f5f5ea8d7dcc25cd2ab90747d24582da9d5b9ce81c573ed79,ab9cea7392a1d4b8d050ffc76ea3ece68f64c2aa4d1df4ce0e30f62fb5ccb996,3
SCE-S32-22,scale_32_progress_reset_retry,fsr_semantic,True,4c9456a3264b722dd045eab9cba55d42a64baf35845d2e418ef96351b6e02d82,4bded881101f6e4f5f5ea8d7dcc25cd2ab90747d24582da9d5b9ce81c573ed79,ab9cea7392a1d4b8d050ffc76ea3ece68f64c2aa4d1df4ce0e30f62fb5ccb996,3
SCE-S32-23,scale_32_restoration_candidate_add,cope_semantic,True,69a50acf460c5dd284bb5ef85912c37f1571a42348087932cdcfaec5a4d18fcd,804f31b647ebb0b54f42d014e12d20c817d31bce6ed281ce8211863cdf3242de,09798257a961ed89f0cb3618a6959ac2eb0575f2758b1707a522f657a6e79ce2,1
SCE-S32-23,scale_32_restoration_candidate_add,neutral_typed,True,69a50acf460c5dd284bb5ef85912c37f1571a42348087932cdcfaec5a4d18fcd,804f31b647ebb0b54f42d014e12d20c817d31bce6ed281ce8211863cdf3242de,09798257a961ed89f0cb3618a6959ac2eb0575f2758b1707a522f657a6e79ce2,1
SCE-S32-23,scale_32_restoration_candidate_add,compact_semantic,True,69a50acf460c5dd284bb5ef85912c37f1571a42348087932cdcfaec5a4d18fcd,804f31b647ebb0b54f42d014e12d20c817d31bce6ed281ce8211863cdf3242de,09798257a961ed89f0cb3618a6959ac2eb0575f2758b1707a522f657a6e79ce2,1
SCE-S32-23,scale_32_restoration_candidate_add,fsr_semantic,True,69a50acf460c5dd284bb5ef85912c37f1571a42348087932cdcfaec5a4d18fcd,804f31b647ebb0b54f42d014e12d20c817d31bce6ed281ce8211863cdf3242de,09798257a961ed89f0cb3618a6959ac2eb0575f2758b1707a522f657a6e79ce2,1
SCE-S32-24,scale_32_restoration_candidate_replace,cope_semantic,True,8d3d1d5b0b2edb486b6a709bf8a9ae6b66cdac5fc707b98b815319e1f9c3ae9c,9ab77f50d36768f01d157963648bf76b8b6840103c5f597fdd0b48983b951b3f,fd17d29309d2fce1ba0233280244a479b06666a89367ec5f41be5225c0869dc8,2
SCE-S32-24,scale_32_restoration_candidate_replace,neutral_typed,True,8d3d1d5b0b2edb486b6a709bf8a9ae6b66cdac5fc707b98b815319e1f9c3ae9c,9ab77f50d36768f01d157963648bf76b8b6840103c5f597fdd0b48983b951b3f,fd17d29309d2fce1ba0233280244a479b06666a89367ec5f41be5225c0869dc8,2
SCE-S32-24,scale_32_restoration_candidate_replace,compact_semantic,True,8d3d1d5b0b2edb486b6a709bf8a9ae6b66cdac5fc707b98b815319e1f9c3ae9c,9ab77f50d36768f01d157963648bf76b8b6840103c5f597fdd0b48983b951b3f,fd17d29309d2fce1ba0233280244a479b06666a89367ec5f41be5225c0869dc8,2
SCE-S32-24,scale_32_restoration_candidate_replace,fsr_semantic,True,8d3d1d5b0b2edb486b6a709bf8a9ae6b66cdac5fc707b98b815319e1f9c3ae9c,9ab77f50d36768f01d157963648bf76b8b6840103c5f597fdd0b48983b951b3f,fd17d29309d2fce1ba0233280244a479b06666a89367ec5f41be5225c0869dc8,2
SCE-S32-25,scale_32_restoration_candidate_drop,cope_semantic,True,b40bd32f7b93dbadf0ba5f5c039267b092d5b3ff4a53cb9f9fefe8a211c22ec4,b053036dfe78fcacfaaefee0c7dfb9836aeee757ffe552aab2acf7cc2109f864,e7546adc5e41eb208472cd213700ef041d284b6ebb4b879ea0aec0248f38f51b,2
SCE-S32-25,scale_32_restoration_candidate_drop,neutral_typed,True,b40bd32f7b93dbadf0ba5f5c039267b092d5b3ff4a53cb9f9fefe8a211c22ec4,b053036dfe78fcacfaaefee0c7dfb9836aeee757ffe552aab2acf7cc2109f864,e7546adc5e41eb208472cd213700ef041d284b6ebb4b879ea0aec0248f38f51b,2
SCE-S32-25,scale_32_restoration_candidate_drop,compact_semantic,True,b40bd32f7b93dbadf0ba5f5c039267b092d5b3ff4a53cb9f9fefe8a211c22ec4,b053036dfe78fcacfaaefee0c7dfb9836aeee757ffe552aab2acf7cc2109f864,e7546adc5e41eb208472cd213700ef041d284b6ebb4b879ea0aec0248f38f51b,2
SCE-S32-25,scale_32_restoration_candidate_drop,fsr_semantic,True,b40bd32f7b93dbadf0ba5f5c039267b092d5b3ff4a53cb9f9fefe8a211c22ec4,b053036dfe78fcacfaaefee0c7dfb9836aeee757ffe552aab2acf7cc2109f864,e7546adc5e41eb208472cd213700ef041d284b6ebb4b879ea0aec0248f38f51b,2
SCE-S32-26,scale_32_subgoal_insert_commitment,cope_semantic,True,f4ab765267a2e34972343c4b3be2ae9a0a5a98c2cbfec581f01bca6de715dbc9,09d1b015ebd6a68463da307fa47e000b8f81dd5172b66a5787a69c8af9aa4725,4f76855b17e672c19c6ad2467d5a1bc4d317244cff18f50deaf17336f9187c02,2
SCE-S32-26,scale_32_subgoal_insert_commitment,neutral_typed,True,f4ab765267a2e34972343c4b3be2ae9a0a5a98c2cbfec581f01bca6de715dbc9,09d1b015ebd6a68463da307fa47e000b8f81dd5172b66a5787a69c8af9aa4725,4f76855b17e672c19c6ad2467d5a1bc4d317244cff18f50deaf17336f9187c02,2
SCE-S32-26,scale_32_subgoal_insert_commitment,compact_semantic,True,f4ab765267a2e34972343c4b3be2ae9a0a5a98c2cbfec581f01bca6de715dbc9,09d1b015ebd6a68463da307fa47e000b8f81dd5172b66a5787a69c8af9aa4725,4f76855b17e672c19c6ad2467d5a1bc4d317244cff18f50deaf17336f9187c02,2
SCE-S32-26,scale_32_subgoal_insert_commitment,fsr_semantic,True,f4ab765267a2e34972343c4b3be2ae9a0a5a98c2cbfec581f01bca6de715dbc9,09d1b015ebd6a68463da307fa47e000b8f81dd5172b66a5787a69c8af9aa4725,4f76855b17e672c19c6ad2467d5a1bc4d317244cff18f50deaf17336f9187c02,2
SCE-S32-27,scale_32_subgoal_insert_action,cope_semantic,True,eec82a9e4f91a4357f0b6e0f2210bd20b306879c9905998cb35181c355f84000,64f8876015f1636ac2251dbfa615fecdae5b6c2fe2f8a1e99a2235c7d7af3985,c550152977d2ace5fc75ba292f01d1ec545457c3831556e6dee98a5b212d6588,3
SCE-S32-27,scale_32_subgoal_insert_action,neutral_typed,True,eec82a9e4f91a4357f0b6e0f2210bd20b306879c9905998cb35181c355f84000,64f8876015f1636ac2251dbfa615fecdae5b6c2fe2f8a1e99a2235c7d7af3985,c550152977d2ace5fc75ba292f01d1ec545457c3831556e6dee98a5b212d6588,3
SCE-S32-27,scale_32_subgoal_insert_action,compact_semantic,True,eec82a9e4f91a4357f0b6e0f2210bd20b306879c9905998cb35181c355f84000,64f8876015f1636ac2251dbfa615fecdae5b6c2fe2f8a1e99a2235c7d7af3985,c550152977d2ace5fc75ba292f01d1ec545457c3831556e6dee98a5b212d6588,3
SCE-S32-27,scale_32_subgoal_insert_action,fsr_semantic,True,eec82a9e4f91a4357f0b6e0f2210bd20b306879c9905998cb35181c355f84000,64f8876015f1636ac2251dbfa615fecdae5b6c2fe2f8a1e99a2235c7d7af3985,c550152977d2ace5fc75ba292f01d1ec545457c3831556e6dee98a5b212d6588,3
SCE-S32-28,scale_32_subgoal_insert_full_bundle,cope_semantic,True,03c965b2513b8cac1bdc79c243a83588a29de7ed67c91980de8e6091d1e9630c,9de9a73daac597c52f283cbd56e100d3133170d8cc3a3c4f707d5d28f911e310,12dc2b60f18750fac9c3ede07422893d57e65d28bdbe77caee8ac9864695cc4f,4
SCE-S32-28,scale_32_subgoal_insert_full_bundle,neutral_typed,True,03c965b2513b8cac1bdc79c243a83588a29de7ed67c91980de8e6091d1e9630c,9de9a73daac597c52f283cbd56e100d3133170d8cc3a3c4f707d5d28f911e310,12dc2b60f18750fac9c3ede07422893d57e65d28bdbe77caee8ac9864695cc4f,4
SCE-S32-28,scale_32_subgoal_insert_full_bundle,compact_semantic,True,03c965b2513b8cac1bdc79c243a83588a29de7ed67c91980de8e6091d1e9630c,9de9a73daac597c52f283cbd56e100d3133170d8cc3a3c4f707d5d28f911e310,12dc2b60f18750fac9c3ede07422893d57e65d28bdbe77caee8ac9864695cc4f,4
SCE-S32-28,scale_32_subgoal_insert_full_bundle,fsr_semantic,True,03c965b2513b8cac1bdc79c243a83588a29de7ed67c91980de8e6091d1e9630c,9de9a73daac597c52f283cbd56e100d3133170d8cc3a3c4f707d5d28f911e310,12dc2b60f18750fac9c3ede07422893d57e65d28bdbe77caee8ac9864695cc4f,4
SCE-S32-29,scale_32_deadline_expire_pending,cope_semantic,True,840908db536af3d017dbdd6ad169af6b027b0adff500f97ebda0be4c2e495760,1f4f7085013569ce2c7d9210fd690be2abc64696b71f9636a75064c5c0ad48a3,4189f4d239e7fbdf9c71065f97850b54d3b1b1bd5008cb22146c80c6b579ccad,2
SCE-S32-29,scale_32_deadline_expire_pending,neutral_typed,True,840908db536af3d017dbdd6ad169af6b027b0adff500f97ebda0be4c2e495760,1f4f7085013569ce2c7d9210fd690be2abc64696b71f9636a75064c5c0ad48a3,4189f4d239e7fbdf9c71065f97850b54d3b1b1bd5008cb22146c80c6b579ccad,2
SCE-S32-29,scale_32_deadline_expire_pending,compact_semantic,True,840908db536af3d017dbdd6ad169af6b027b0adff500f97ebda0be4c2e495760,1f4f7085013569ce2c7d9210fd690be2abc64696b71f9636a75064c5c0ad48a3,4189f4d239e7fbdf9c71065f97850b54d3b1b1bd5008cb22146c80c6b579ccad,2
SCE-S32-29,scale_32_deadline_expire_pending,fsr_semantic,True,840908db536af3d017dbdd6ad169af6b027b0adff500f97ebda0be4c2e495760,1f4f7085013569ce2c7d9210fd690be2abc64696b71f9636a75064c5c0ad48a3,4189f4d239e7fbdf9c71065f97850b54d3b1b1bd5008cb22146c80c6b579ccad,2
SCE-S32-30,scale_32_deadline_grace_extension,cope_semantic,True,08466da273b491e54329c18fc8e5f9a3a9495275cbc14d7860d86404666ad8e5,961295fda4db3b55f2741ac536378208c9661833fde06d20a27197ad5f9d011c,ee36a031770a3d3cd71ac490bca6116437b5743c1690fcf58bec0ece3064956d,2
SCE-S32-30,scale_32_deadline_grace_extension,neutral_typed,True,08466da273b491e54329c18fc8e5f9a3a9495275cbc14d7860d86404666ad8e5,961295fda4db3b55f2741ac536378208c9661833fde06d20a27197ad5f9d011c,ee36a031770a3d3cd71ac490bca6116437b5743c1690fcf58bec0ece3064956d,2
SCE-S32-30,scale_32_deadline_grace_extension,compact_semantic,True,08466da273b491e54329c18fc8e5f9a3a9495275cbc14d7860d86404666ad8e5,961295fda4db3b55f2741ac536378208c9661833fde06d20a27197ad5f9d011c,ee36a031770a3d3cd71ac490bca6116437b5743c1690fcf58bec0ece3064956d,2
SCE-S32-30,scale_32_deadline_grace_extension,fsr_semantic,True,08466da273b491e54329c18fc8e5f9a3a9495275cbc14d7860d86404666ad8e5,961295fda4db3b55f2741ac536378208c9661833fde06d20a27197ad5f9d011c,ee36a031770a3d3cd71ac490bca6116437b5743c1690fcf58bec0ece3064956d,2
SCE-S32-31,scale_32_concurrent_commutative_fact,cope_semantic,True,9680d04aea67c9a1e7f4df9d7a93ece2e5ac2cdcf1a5ea5ec367f4329163c1a0,d33ce6dd724167d4733cb004ce43fd91f110d9d663b1b921f6439c32b2460d75,69c9e9852cb85e8f0b771f216e84b0f7d138d83f4acb7591e7d8d68d61e83bcb,1
SCE-S32-31,scale_32_concurrent_commutative_fact,neutral_typed,True,9680d04aea67c9a1e7f4df9d7a93ece2e5ac2cdcf1a5ea5ec367f4329163c1a0,d33ce6dd724167d4733cb004ce43fd91f110d9d663b1b921f6439c32b2460d75,69c9e9852cb85e8f0b771f216e84b0f7d138d83f4acb7591e7d8d68d61e83bcb,1
SCE-S32-31,scale_32_concurrent_commutative_fact,compact_semantic,True,9680d04aea67c9a1e7f4df9d7a93ece2e5ac2cdcf1a5ea5ec367f4329163c1a0,d33ce6dd724167d4733cb004ce43fd91f110d9d663b1b921f6439c32b2460d75,69c9e9852cb85e8f0b771f216e84b0f7d138d83f4acb7591e7d8d68d61e83bcb,1
SCE-S32-31,scale_32_concurrent_commutative_fact,fsr_semantic,True,9680d04aea67c9a1e7f4df9d7a93ece2e5ac2cdcf1a5ea5ec367f4329163c1a0,d33ce6dd724167d4733cb004ce43fd91f110d9d663b1b921f6439c32b2460d75,69c9e9852cb85e8f0b771f216e84b0f7d138d83f4acb7591e7d8d68d61e83bcb,1
SCE-S32-32,scale_32_concurrent_conflict_hold,cope_semantic,True,b898026856cbdef4f6b3b3b6421ae8a0359b25fb1e88374ee09ffb3cef3807f8,038fa415809c86196c865b62ff7abdf4439d9ca8e8f6cb7329e6f8d58e651346,007276f3c5f256b84a3507f77388699224054d86226dd189e9edb8d4debe4fc1,3
SCE-S32-32,scale_32_concurrent_conflict_hold,neutral_typed,True,b898026856cbdef4f6b3b3b6421ae8a0359b25fb1e88374ee09ffb3cef3807f8,038fa415809c86196c865b62ff7abdf4439d9ca8e8f6cb7329e6f8d58e651346,007276f3c5f256b84a3507f77388699224054d86226dd189e9edb8d4debe4fc1,3
SCE-S32-32,scale_32_concurrent_conflict_hold,compact_semantic,True,b898026856cbdef4f6b3b3b6421ae8a0359b25fb1e88374ee09ffb3cef3807f8,038fa415809c86196c865b62ff7abdf4439d9ca8e8f6cb7329e6f8d58e651346,007276f3c5f256b84a3507f77388699224054d86226dd189e9edb8d4debe4fc1,3
SCE-S32-32,scale_32_concurrent_conflict_hold,fsr_semantic,True,b898026856cbdef4f6b3b3b6421ae8a0359b25fb1e88374ee09ffb3cef3807f8,038fa415809c86196c865b62ff7abdf4439d9ca8e8f6cb7329e6f8d58e651346,007276f3c5f256b84a3507f77388699224054d86226dd189e9edb8d4debe4fc1,3
SCE-S32-33,scale_32_owner_scoped_status_change,cope_semantic,True,ab482291a8e1cc643a7cf21c0156865bf25025d7d3a89158531bec70bc5bc3b1,a060b88fe8468555ed238b923f56ad05ba04850c677c27f3a96ac5d97fc7d459,a7aaf5a7f1333b7d11c0f713ec4c5a6bc32264987daa0aee7a1b138abdb5beb3,2
SCE-S32-33,scale_32_owner_scoped_status_change,neutral_typed,True,ab482291a8e1cc643a7cf21c0156865bf25025d7d3a89158531bec70bc5bc3b1,a060b88fe8468555ed238b923f56ad05ba04850c677c27f3a96ac5d97fc7d459,a7aaf5a7f1333b7d11c0f713ec4c5a6bc32264987daa0aee7a1b138abdb5beb3,2
SCE-S32-33,scale_32_owner_scoped_status_change,compact_semantic,True,ab482291a8e1cc643a7cf21c0156865bf25025d7d3a89158531bec70bc5bc3b1,a060b88fe8468555ed238b923f56ad05ba04850c677c27f3a96ac5d97fc7d459,a7aaf5a7f1333b7d11c0f713ec4c5a6bc32264987daa0aee7a1b138abdb5beb3,2
SCE-S32-33,scale_32_owner_scoped_status_change,fsr_semantic,True,ab482291a8e1cc643a7cf21c0156865bf25025d7d3a89158531bec70bc5bc3b1,a060b88fe8468555ed238b923f56ad05ba04850c677c27f3a96ac5d97fc7d459,a7aaf5a7f1333b7d11c0f713ec4c5a6bc32264987daa0aee7a1b138abdb5beb3,2
SCE-S32-34,scale_32_owner_scoped_field_change,cope_semantic,True,7a5710b390b123bd11d9dfe8f2ab1023b99b374c488063564f32247afe7e6864,d7386602159196a16e1ac753af510fa0bb2d9171ce1f6ebc5de14132cd6f3ff3,aa6f81e10dc50c00bf421a2dc0484890b76e3dd505292da479c5300ec0838ce6,2
SCE-S32-34,scale_32_owner_scoped_field_change,neutral_typed,True,7a5710b390b123bd11d9dfe8f2ab1023b99b374c488063564f32247afe7e6864,d7386602159196a16e1ac753af510fa0bb2d9171ce1f6ebc5de14132cd6f3ff3,aa6f81e10dc50c00bf421a2dc0484890b76e3dd505292da479c5300ec0838ce6,2
SCE-S32-34,scale_32_owner_scoped_field_change,compact_semantic,True,7a5710b390b123bd11d9dfe8f2ab1023b99b374c488063564f32247afe7e6864,d7386602159196a16e1ac753af510fa0bb2d9171ce1f6ebc5de14132cd6f3ff3,aa6f81e10dc50c00bf421a2dc0484890b76e3dd505292da479c5300ec0838ce6,2
SCE-S32-34,scale_32_owner_scoped_field_change,fsr_semantic,True,7a5710b390b123bd11d9dfe8f2ab1023b99b374c488063564f32247afe7e6864,d7386602159196a16e1ac753af510fa0bb2d9171ce1f6ebc5de14132cd6f3ff3,aa6f81e10dc50c00bf421a2dc0484890b76e3dd505292da479c5300ec0838ce6,2
SCE-S32-35,scale_32_compound_resume_and_checkpoint,cope_semantic,True,102215a0bc29afb9d2086993a031dfc31c809d3811676212e8e72fab48e86b1d,ebc4a9480a7d80705c6874d32c2078d0aed06c603c665119218d49638f7ccbba,26f73788831e9a1c2ebcac049f9d289379f47956e95519c584ddd43481c92ce0,4
SCE-S32-35,scale_32_compound_resume_and_checkpoint,neutral_typed,True,102215a0bc29afb9d2086993a031dfc31c809d3811676212e8e72fab48e86b1d,ebc4a9480a7d80705c6874d32c2078d0aed06c603c665119218d49638f7ccbba,26f73788831e9a1c2ebcac049f9d289379f47956e95519c584ddd43481c92ce0,4
SCE-S32-35,scale_32_compound_resume_and_checkpoint,compact_semantic,True,102215a0bc29afb9d2086993a031dfc31c809d3811676212e8e72fab48e86b1d,ebc4a9480a7d80705c6874d32c2078d0aed06c603c665119218d49638f7ccbba,26f73788831e9a1c2ebcac049f9d289379f47956e95519c584ddd43481c92ce0,4
SCE-S32-35,scale_32_compound_resume_and_checkpoint,fsr_semantic,True,102215a0bc29afb9d2086993a031dfc31c809d3811676212e8e72fab48e86b1d,ebc4a9480a7d80705c6874d32c2078d0aed06c603c665119218d49638f7ccbba,26f73788831e9a1c2ebcac049f9d289379f47956e95519c584ddd43481c92ce0,4
SCE-S32-36,scale_32_compound_replace_and_restore,cope_semantic,True,c1afb439b45d44ff4feee5f2fc080f8233e50f9823d22e9ad2ebf0e7d3a8e519,989bbd8e3eaa377f9522464cea21f0bbc6609f09a98fbfea2f2c9af65b932b78,06f438d219c2a91c7ab6dea1898c9267b12e409518c10235988ad7abcbd7d430,4
SCE-S32-36,scale_32_compound_replace_and_restore,neutral_typed,True,c1afb439b45d44ff4feee5f2fc080f8233e50f9823d22e9ad2ebf0e7d3a8e519,989bbd8e3eaa377f9522464cea21f0bbc6609f09a98fbfea2f2c9af65b932b78,06f438d219c2a91c7ab6dea1898c9267b12e409518c10235988ad7abcbd7d430,4
SCE-S32-36,scale_32_compound_replace_and_restore,compact_semantic,True,c1afb439b45d44ff4feee5f2fc080f8233e50f9823d22e9ad2ebf0e7d3a8e519,989bbd8e3eaa377f9522464cea21f0bbc6609f09a98fbfea2f2c9af65b932b78,06f438d219c2a91c7ab6dea1898c9267b12e409518c10235988ad7abcbd7d430,4
SCE-S32-36,scale_32_compound_replace_and_restore,fsr_semantic,True,c1afb439b45d44ff4feee5f2fc080f8233e50f9823d22e9ad2ebf0e7d3a8e519,989bbd8e3eaa377f9522464cea21f0bbc6609f09a98fbfea2f2c9af65b932b78,06f438d219c2a91c7ab6dea1898c9267b12e409518c10235988ad7abcbd7d430,4
